# Aspose.3D Wavefront OBJ Exporter
# Copyright 2004-2024 Aspose Pty Ltd.
# File created: 04/30/2024 06:49:24

g obj_63282231

#
# object obj_63282231
#

v -0.124855705 0.07267571 -0.0055028256
v -0.124855705 0.07257876 -0.005558956
v -0.21101701 0.07295126 -0.005558956
v -0.21101701 0.07305944 -0.0055028256
v -0.20261785 0.076052725 -0.0055028256
v -0.17305446 0.081105486 -0.005502825
v -0.1322527 0.07582922 -0.0055028256
v -0.00081855693 -0.008085851 -0.012778359
v -0.00083080074 -0.010098384 -0.012016006
v -0.0010788013 -0.010365768 -0.012305844
v -0.0010757354 -0.008156269 -0.01314678
v -0.0015002884 -0.010443332 -0.0123936115
v -0.0015002884 -0.008169536 -0.013261082
v -0.0015002884 -0.005606925 0.013712168
v -0.0010706355 -0.0056355014 0.013585619
v -0.0010757354 0.008156269 0.01314678
v -0.0015002884 0.008169536 0.013261082
v -0.23090866 0.06174047 -0.0052364613
v -0.23611143 0.057290856 -0.0052364618
v -0.23599917 0.057181656 -0.002679973
v -0.23081678 0.06162515 -0.0026799727
v -0.23081985 0.06162923 -0.0026034312
v -0.21842319 0.06958343 -0.002603431
v -0.21846402 0.06968854 -0.00540179
v -0.23090866 0.061721083 -0.0054017906
v -0.0010788013 -0.01036577 0.012305844
v -0.0015002884 -0.010443334 0.0123936115
v -0.10823291 -0.060626023 -0.0026524232
v -0.10773386 -0.06014535 -0.0026493615
v -0.107729785 -0.060266793 -0.0025881282
v -0.111293554 -0.06330192 -0.0026064983
v -0.10931266 -0.061616983 -0.0026156835
v -0.10932695 -0.061584327 -0.0026514027
v -0.10774611 -0.060119834 -0.002696307
v -0.10753792 -0.059831012 -0.0026789573
v -0.10753077 -0.059903473 -0.0026422173
v -0.10746444 -0.059625886 -0.002696307
v -0.10733585 -0.059451368 -0.0026493615
v -0.107336864 -0.05956975 -0.0026422173
v -0.08437542 -0.013617256 -0.0026401747
v -0.084317245 -0.013629503 -0.002611599
v -0.096278146 -0.0438573 -0.0025809836
v -0.10824312 -0.060606636 -0.0027024304
v -0.09591789 0.011355707 -0.006065153
v -0.10390373 0.012593639 -0.003615823
v -0.10379044 0.012817142 -0.002659564
v -0.10379146 0.012836532 -0.0026360913
v -0.08439175 0.0135070365 -0.0026840572
v -0.08428357 0.013452946 -0.0027340641
v -0.08427744 0.013478461 -0.0026983449
v -0.0841958 0.013468254 -0.002702427
v -0.095745414 0.011578188 -0.0057436787
v -0.09191425 0.0114108175 -0.0060498454
v -0.09203672 0.010831143 -0.0068366923
v -0.08682679 0.011733313 -0.0058753304
v -0.08692272 0.0107413335 -0.007119386
v -0.007884874 0.015850227 -0.0039628115
v -0.007870587 0.013320274 -0.00874921
v -0.079753324 0.013457029 -0.0029208255
v -0.07946757 0.013580516 -0.0025166862
v -0.084087625 0.013471317 -0.0026656871
v -0.23090866 -0.06174047 0.0052364613
v -0.23611143 -0.057290856 0.0052364618
v -0.23599917 -0.057181656 0.002679973
v -0.23081678 -0.06162515 0.0026799727
v -0.23081985 -0.06162923 0.0026034312
v -0.21842319 -0.06958343 0.002603431
v -0.21846402 -0.06968854 0.00540179
v -0.23090866 -0.061721083 0.0054017906
v -0.20260972 -0.07598945 0.0026034308
v -0.20261785 -0.076104775 0.00540179
v -0.21101701 -0.073114544 0.00540179
v -0.17305446 -0.08115345 0.0054017897
v -0.17305446 -0.08103303 0.0026034305
v -0.107532814 -0.059736103 0.0027830491
v -0.10746444 -0.059625886 0.0026963018
v -0.10746444 0.059625886 0.002696307
v -0.107532814 0.059736103 0.0027830543
v -0.08924244 -0.009134981 -0.008222606
v -0.08983028 -0.008804321 -0.008236893
v -0.086220585 0.004949689 -0.00929929
v -0.08590012 0.0050160247 -0.0093145985
v -0.007884874 0.0054293494 -0.013081465
v -0.007884874 -0.0054293484 -0.013081465
v -0.007878752 -0.007903172 -0.012643646
v -0.2576278 0.02307269 0.002603435
v -0.26098746 0.0045394255 0.0026034343
v -0.26111296 0.0045384043 0.0054017934
v -0.25775024 0.023100246 0.0054017943
v -0.24486166 0.047696628 -0.003399464
v -0.25150037 0.037731934 -0.0033994645
v -0.25139424 0.037663557 -0.0026799738
v -0.24834073 0.042649984 -0.0026799736
v -0.24834481 0.042653047 -0.0026034322
v -0.23600224 0.05718472 -0.0026034315
v -0.24846831 0.042734686 -0.0054017915
v -0.24847442 0.042746935 -0.005236462
v -0.24488923 0.04771806 -0.005236462
v -0.107675694 -0.059991244 -0.005542633
v -0.107806325 -0.060238216 -0.005542633
v -0.107795104 -0.06011779 -0.00557325
v -0.107675694 0.059991244 0.005542633
v -0.10760323 0.059930008 0.005493646
v -0.107795104 0.060294345 0.005493646
v -0.107806325 0.060238216 0.005542633
v -0.10760323 0.059930008 -0.0054936404
v -0.107795104 0.060294345 -0.0054936404
v -0.10777979 0.060311694 -0.0053997496
v -0.10756751 0.05990858 -0.0053997496
v -0.11897731 -0.06932115 0.00540179
v -0.11897731 -0.06927522 0.0055028256
v -0.124855705 -0.07267571 0.0055028256
v -0.1322527 -0.07582922 0.0055028256
v -0.1322527 -0.07587821 0.00540179
v -0.124855705 -0.0727247 0.00540179
v -0.11450831 0.066035986 0.0055028317
v -0.10777979 0.060311694 0.005399755
v -0.11897731 0.06932115 0.0054017967
v -0.11897731 0.06927522 0.005502832
v -0.17305446 0.08115345 -0.0054017897
v -0.1322527 0.07587821 -0.00540179
v -0.124855705 -0.07257876 0.005558956
v -0.21101701 -0.07295126 0.005558956
v -0.21101701 -0.07305944 0.0055028256
v -0.20261785 -0.076052725 0.0055028256
v -0.17305446 -0.081105486 0.005502825
v -0.18350187 -0.08020944 0.0024054428
v -0.18350187 -0.08023087 0.002311552
v -0.18350187 -0.08024618 0.002180921
v -0.17305446 -0.081142224 0.002180921
v -0.17305446 -0.081105486 -0.0024054497
v -0.13223022 -0.07582718 -0.0024217784
v -0.13223022 -0.07582718 0.0024217719
v -0.17305446 -0.081105486 0.0024054428
v -0.17305446 0.08115345 0.005401797
v -0.20261785 0.076104775 0.0054017967
v -0.20261785 0.076052725 0.005502832
v -0.17305446 0.081105486 0.0055028326
v -0.24486166 -0.047696628 0.003399464
v -0.25150037 -0.037731934 0.0033994645
v -0.25139424 -0.037663557 0.0026799738
v -0.24834073 -0.042649984 0.0026799736
v -0.24834481 -0.042653047 0.0026034322
v -0.23600224 -0.05718472 0.0026034315
v -0.24846831 -0.042734686 0.0054017915
v -0.24847442 -0.042746935 0.005236462
v -0.24488923 -0.04771806 0.005236462
v -0.24074373 -0.052422814 -0.0055589615
v -0.21101701 -0.07295126 -0.0055589625
v -0.21101701 -0.07305944 -0.005502832
v -0.2309066 -0.06166291 -0.0055028317
v -0.24075902 -0.052523844 -0.005502831
v -0.2309066 -0.06166291 0.005502826
v -0.24075902 -0.052523844 0.0055028265
v -0.24844992 -0.04269897 0.005502827
v -0.25769922 -0.02309004 0.0024054453
v -0.25998732 -0.013696859 0.0023115547
v -0.2600026 -0.013697879 0.0021809237
v -0.25773597 -0.023098204 0.0021809235
v -0.25609082 -0.027912159 0.0021809232
v -0.25607553 -0.027907055 0.0023115543
v -0.25401706 -0.032785308 0.002311554
v -0.25399664 -0.0327751 0.0024054449
v -0.24074373 -0.052422814 0.005558957
v -0.2599189 -0.013679509 0.0055589587
v -0.25998524 -0.013690736 0.0055028284
v -0.25771758 -0.023087999 0.005502828
v -0.25402114 -0.032778163 0.0055028275
v -0.10482529 -0.012634462 -0.0026279276
v -0.10481304 -0.012606907 -0.0026330303
v -0.10379146 -0.012836532 -0.0026360922
v -0.103799626 -0.012868169 -0.0026289483
v -0.105232485 -0.012020089 -0.0026269073
v -0.10733585 0.059451368 -0.0026493564
v -0.107336864 0.05956975 -0.0026422122
v -0.08437542 0.013617256 -0.0026401733
v -0.105232485 0.012020089 -0.0026269064
v -0.103799626 0.012868169 -0.0026289474
v -0.10481304 0.012606907 -0.0026330294
v -0.10482529 0.012634462 -0.0026279266
v -0.107615486 -0.059927966 -0.0027799923
v -0.10777979 -0.060311694 -0.005399755
v -0.10756751 -0.05990858 -0.005399755
v -0.107532814 -0.059736103 -0.0027830543
v -0.0841907 -0.013636646 0.0017849487
v -0.0841907 -0.013636646 -0.0017849499
v -0.08410497 -0.013544797 -0.0018114843
v -0.08410497 -0.013544797 0.0018114832
v -0.10482324 -0.012509954 0.0033474176
v -0.10390373 -0.012593639 0.003615823
v -0.09591789 -0.011355707 0.006065153
v -0.09232962 -0.010461702 0.007209195
v -0.08924244 -0.009134981 0.008222606
v -0.08983028 -0.008804321 0.008236893
v -0.10481814 -0.012296659 0.003403548
v -0.10760323 -0.059930008 -0.005493646
v -0.107795104 -0.060294345 -0.005493646
v -0.0015002884 -0.013845859 0.009275817
v -0.0010706355 -0.013658077 0.009274797
v -0.00079916924 -0.013049827 0.009242139
v -0.00083080074 -0.010098386 0.012016006
v -0.08432643 -0.013519282 -0.00266875
v -0.08426928 -0.013529489 -0.0026422155
v -0.08422234 -0.013536632 -0.0025860851
v -0.0841958 -0.013468254 -0.0027024285
v -0.084087625 -0.013471317 -0.0026656885
v -0.08432643 0.013519282 -0.0026687486
v -0.08426928 0.013529489 -0.002642214
v -0.103799626 -0.012868169 0.0026289474
v -0.08437542 -0.013617256 0.0026401733
v -0.08432643 -0.013519282 0.0026687486
v -0.08439175 -0.0135070365 0.0026840572
v -0.10379146 -0.012836532 0.0026360913
v -0.104807936 -0.0125915995 -0.00265038
v -0.10379044 -0.012817142 -0.0026595648
v -0.10521003 -0.011982328 -0.0026473184
v -0.10521717 -0.011995595 -0.00263201
v -0.10521717 0.011995595 -0.002632009
v -0.10521003 0.011982328 -0.0026473175
v -0.08418457 0.013540714 -0.002485049
v -0.08415294 0.013543776 -0.0023278836
v -0.083879426 0.013498872 -0.0023738085
v -0.08422234 0.013536632 -0.0025860837
v -0.10482529 0.012634462 0.0026279276
v -0.10481304 0.012606907 0.0026330303
v -0.10379146 0.012836532 0.0026360922
v -0.103799626 0.012868169 0.0026289483
v -0.08437542 0.013617256 0.0026401747
v -0.107336864 0.05956975 0.0026422173
v -0.10733585 0.059451368 0.0026493615
v -0.105232485 0.012020089 0.0026269073
v -0.10733585 -0.059451368 0.0026493564
v -0.107336864 -0.05956975 0.0026422122
v -0.105232485 -0.012020089 0.0026269064
v -0.10481304 -0.012606907 0.0026330294
v -0.10482529 -0.012634462 0.0026279266
v -0.08692272 -0.0107413335 -0.007119387
v -0.09191425 -0.0114108175 -0.0060498463
v -0.09203672 -0.010831143 -0.0068366933
v -0.09232962 -0.010461702 -0.0072091958
v -0.0078736525 -0.010088178 -0.011797608
v -0.007870587 -0.0118863955 -0.010414757
v -0.09232962 0.010461702 0.0072091958
v -0.09591789 0.011355707 0.006065154
v -0.10390373 0.012593639 0.003615824
v -0.10482324 0.012509954 0.0033474185
v -0.10481814 0.012296659 0.0034035488
v -0.08983028 0.008804321 0.008236893
v -0.08924244 0.009134981 0.008222606
v -0.104807936 0.0125915995 -0.002650379
v -0.10482324 0.012509954 -0.0033474176
v -0.1051886 0.01194967 -0.003250465
v -0.1051886 -0.01194967 -0.003250466
v -0.10517636 -0.011756784 -0.0033014936
v -0.10481814 -0.012296659 -0.0034035488
v -0.10482324 -0.012509954 -0.0033474185
v -0.104807936 -0.0125915995 0.002650379
v -0.10379044 -0.012817142 0.002659564
v -0.09232962 0.010461702 -0.007209195
v -0.08924244 0.009134981 -0.008222606
v -0.08983028 0.008804321 -0.008236893
v -0.10481814 0.012296659 -0.003403548
v -0.25139424 -0.037663557 -0.002679977
v -0.24834073 -0.042649984 -0.0026799773
v -0.24834481 -0.042653047 -0.002603436
v -0.25139934 -0.037666615 -0.0026034357
v -0.2576278 -0.02307269 -0.002603435
v -0.25775024 -0.023100246 -0.0054017943
v -0.24846831 -0.042734686 -0.0054017953
v -0.24847442 -0.042746935 -0.005236466
v -0.24488923 -0.04771806 -0.005236466
v -0.24486166 -0.047696628 -0.0033994683
v -0.25150037 -0.037731934 -0.0033994678
v -0.095745414 -0.011578188 -0.0057436796
v -0.09591789 -0.011355707 -0.006065154
v -0.0010685916 0.016322745 0.004310822
v -0.0010685916 0.016322745 -0.0043108203
v -0.0015002884 0.016558493 -0.004299594
v -0.0015002884 0.016558493 0.004299596
v -0.0015002884 -0.016558493 0.004299594
v -0.0010685916 -0.016322745 0.0043108203
v -0.0010685916 -0.016322745 -0.004310822
v -0.0007920254 -0.015560391 -0.0043138834
v -0.08432643 0.013519282 0.00266875
v -0.08439175 0.0135070365 0.0026840586
v -0.08428357 0.013452946 0.0027340655
v -0.08427744 0.013478461 0.0026983463
v -0.0841958 0.013468254 0.0027024285
v -0.08426928 0.013529489 0.0026422155
v -0.25773597 0.023098204 -0.0021809235
v -0.2577196 0.023095144 -0.0023115545
v -0.26108134 0.0045394255 -0.0023115552
v -0.26108134 0.0045394255 0.0023115557
v -0.25773597 0.023098204 0.0021809253
v -0.25775433 0.023102287 -0.0017318795
v -0.11897731 -0.06932115 -0.0054017967
v -0.11896914 -0.069186434 -0.0026922252
v -0.11897833 -0.06927114 -0.0031198375
v -0.17305446 -0.08103303 -0.0026034375
v -0.13224655 -0.07575779 -0.0026116015
v -0.006814319 -0.0055314046 0.013478461
v -0.006814319 0.0055314037 0.013478461
v -0.007884874 0.0054293484 0.013081465
v -0.007884874 -0.0054293494 0.013081465
v -0.007878752 -0.007903174 0.012643646
v -0.006813297 -0.008057277 0.013025333
v -0.0010706355 -0.013658077 -0.009274798
v -0.11891097 -0.06926195 0.0024615738
v -0.11891097 -0.06926195 -0.0024615799
v -0.11888954 -0.06927012 -0.0023646273
v -0.11873237 -0.06916705 -0.0017543358
v -0.11873237 -0.06916705 0.0017543298
v -0.11888954 -0.06927012 0.0023646213
v -0.10517636 0.011756784 -0.0033014927
v -0.24844992 0.04269897 -0.005502827
v -0.25402114 0.032778163 -0.0055028275
v -0.25771758 0.023087999 -0.005502828
v -0.25775024 0.023100246 -0.0054017925
v -0.084240705 -0.013641749 -0.0024503514
v -0.08427235 -0.013637667 -0.0025524069
v -0.08418457 -0.013540714 -0.0024850504
v -0.083879426 0.013498872 0.00237381
v -0.08415294 0.013543776 0.002327885
v -0.08418457 0.013540714 0.0024850504
v -0.08422234 0.013536632 0.0025860851
v -0.084087625 0.013471317 0.0026656885
v -0.08410497 0.013544797 0.0018114843
v -0.0841907 0.013636646 0.0017849499
v -0.084240705 0.013641749 0.0024503514
v -0.11891097 0.06926195 -0.0024615738
v -0.13223022 0.07582718 -0.0024217719
v -0.13223022 0.07582718 0.0024217784
v -0.11891097 0.06926195 0.0024615799
v -0.11888954 0.06927012 0.0023646273
v -0.11873237 0.06916705 0.0017543358
v -0.11873237 0.06916705 -0.0017543298
v -0.11888954 0.06927012 -0.0023646213
v -0.09625161 -0.04387771 0.002518726
v -0.09625161 -0.04387771 -0.0025187298
v -0.084240705 -0.013641749 0.00245035
v -0.08427235 -0.013637667 0.0025524055
v -0.2599189 0.013679509 0.0055589597
v -0.25998524 0.013690736 0.0055028293
v -0.26108235 0.0045363633 0.005502829
v -0.26108235 -0.004536364 0.005502829
v -0.107532814 0.059736103 -0.0027830491
v -0.11450831 0.06594924 -0.0055589564
v -0.11897731 0.06927522 -0.0055028256
v -0.11450831 0.066035986 -0.005502826
v -0.107806325 0.060238216 -0.0055426275
v -0.006814319 0.016267635 -0.0040730312
v -0.006813297 0.01362644 -0.009026802
v -0.0015002884 -0.013845859 -0.009275819
v -0.0015002884 -0.016558493 -0.004299596
v -0.006814319 -0.016267635 -0.004073033
v -0.006813297 -0.01362644 -0.009026804
v -0.006814319 -0.016267635 0.0040730312
v -0.08676147 0.00487927 -0.009198256
v -0.08841273 0.009650361 -0.008016454
v -0.0078736525 0.01008818 -0.011797608
v -0.007878752 0.007903174 -0.012643646
v -0.09625161 0.04387771 0.0025187298
v -0.10774203 0.060336187 0.0025391416
v -0.107729785 0.060266793 0.0025881282
v -0.096278146 0.0438573 0.0025809836
v -0.08427235 0.013637667 0.0025524069
v -0.084317245 0.013629503 0.002611599
v -0.1322527 0.07587821 0.0054017967
v -0.1322527 0.07582922 0.005502832
v -0.21845075 -0.06966916 0.0023115524
v -0.20261481 -0.0760813 0.0023115522
v -0.007870587 0.0118863955 -0.010414755
v -0.0015002884 0.010443332 0.0123936115
v -0.006813297 0.01029331 0.01215378
v -0.006813297 0.008057275 0.013025333
v -0.0015002884 0.005606925 -0.013712168
v -0.006813297 -0.008057275 -0.013025333
v -0.006814319 -0.0055314037 -0.013478461
v -0.006814319 0.0055314046 -0.013478461
v -0.24844891 0.042728566 -0.0021809225
v -0.24843359 0.042717338 0.0023115573
v -0.24841422 0.04270305 0.0024054481
v -0.23606038 0.057240847 0.0024054488
v -0.2308678 0.061688423 0.002405449
v -0.23089129 0.061719038 -0.0021809216
v -0.24073252 0.05255957 -0.002311553
v -0.24843359 0.042717338 -0.0023115536
v -0.006813297 -0.01029331 -0.01215378
v -0.13224655 -0.07575779 0.002611595
v -0.10521003 0.011982328 0.0026473184
v -0.10521003 -0.011982328 0.0026473175
v -0.1051886 -0.01194967 0.003250465
v -0.1051886 0.01194967 0.003250466
v -0.006813297 0.008057277 -0.013025333
v -0.23081678 0.061626166 0.0026799783
v -0.23599917 0.057181656 0.002679978
v -0.23611143 0.057290856 0.0052364664
v -0.23090866 0.06174047 0.005236467
v -0.23090866 0.061721083 0.005401796
v -0.21846402 0.06968854 0.0054017967
v -0.21842319 0.06958343 0.002603437
v -0.23081985 0.06162923 0.0026034368
v -0.10517636 -0.011756784 0.0033014927
v -0.10517636 0.011756784 0.0033014936
v -0.0078736525 0.010088178 0.011797608
v -0.007878752 0.007903172 0.012643646
v -0.10774611 0.060119834 -0.0026963018
v -0.11897731 0.06932115 -0.00540179
v -0.11897833 0.06927114 -0.0031198314
v -0.11896914 0.069186434 -0.002692219
v -0.10824312 0.060606636 -0.0027024252
v -0.26098746 0.0045394255 -0.0026034338
v -0.2610599 0.0045394255 -0.002405446
v -0.2576278 0.02307269 -0.002603433
v -0.11442564 0.066021696 0.0024850524
v -0.10777061 0.060405586 0.0024574972
v -0.2599189 -0.013679509 -0.0055589597
v -0.24844992 -0.04269897 -0.0055028307
v -0.25402114 -0.032778163 -0.0055028303
v -0.25771758 -0.023087999 -0.00550283
v -0.25998524 -0.013690736 -0.0055028293
v -0.006813297 -0.010293311 0.01215378
v -0.10774203 -0.060336187 -0.0025391416
v -0.11442564 -0.066021696 -0.0024850524
v -0.11444911 -0.06599925 -0.0025483267
v -0.11893037 -0.069239505 -0.002527916
v -0.11895894 -0.06919358 -0.0026289509
v -0.11442564 -0.066021696 0.0024850469
v -0.11444911 -0.06599925 0.0025483212
v -0.11893037 -0.069239505 0.00252791
v -0.11895894 -0.06919358 0.0026289448
v -0.007870587 -0.013320274 -0.008749212
v -0.0010788013 0.01036577 -0.012305844
v -0.0010706355 0.0056355014 -0.013585619
v -0.0015002884 0.010443334 -0.0123936115
v -0.11896914 0.069186434 0.0026922252
v -0.10824312 0.060606636 0.0027024304
v -0.10823291 0.060626023 0.0026524232
v -0.10932695 0.061584327 0.0026514027
v -0.11895894 0.06919358 0.0026289509
v -0.10753077 -0.059903473 0.0026422122
v -0.10753792 -0.059831012 0.0026789522
v -0.10774611 -0.060119834 0.0026963018
v -0.10773386 -0.06014535 0.0026493564
v -0.10824312 -0.060606636 0.0027024252
v -0.10823291 -0.060626023 0.002652418
v -0.096278146 -0.0438573 0.0025809798
v -0.084317245 -0.013629503 0.0026115975
v -0.107729785 -0.060266793 0.002588123
v -0.1322527 -0.07587821 -0.0054017967
v -0.17305446 -0.08115345 -0.005401797
v -0.17305446 -0.081105486 -0.0055028326
v -0.1322527 -0.07582922 -0.005502832
v -0.0078736525 -0.01008818 0.011797608
v -0.10932695 -0.061584327 0.0026513971
v -0.10931266 -0.061616983 0.002615678
v -0.111293554 -0.06330192 0.0026064927
v -0.23606038 0.057240847 -0.0024054437
v -0.25139934 0.037666615 -0.0026034324
v -0.25146872 0.03771152 -0.0024054446
v -0.24841422 0.04270305 -0.0024054444
v -0.24071309 0.052543238 -0.002405444
v -0.18350187 0.08020944 -0.0024054428
v -0.17305446 0.081105486 -0.0024054428
v -0.17305446 0.08103303 -0.0026034305
v -0.20260972 0.07598945 -0.0026034308
v -0.20261481 0.0760813 -0.0023115522
v -0.18350187 0.08023087 -0.002311552
v -0.124855705 0.07267571 0.005502832
v -0.21101701 0.07305944 0.005502832
v -0.21101701 0.07295126 0.0055589625
v -0.124855705 0.07257876 0.0055589625
v -0.107675694 -0.059991244 0.0055426275
v -0.10760323 -0.059930008 0.0054936404
v -0.10777061 -0.060405586 -0.0024574972
v -0.2309066 0.06166291 -0.005502826
v -0.21101701 0.073114544 -0.00540179
v -0.20261785 0.076104775 -0.00540179
v -0.107806325 -0.060238216 0.0055426275
v -0.107795104 -0.06011779 0.0055732443
v -0.11450831 0.06594924 0.005558962
v -0.107795104 0.06011779 0.00557325
v -0.006813297 -0.01362644 0.009026802
v -0.007870587 -0.0118863955 0.010414755
v -0.007870587 -0.013320274 0.00874921
v -0.10774611 0.060119834 0.002696307
v -0.11897833 0.06927114 0.0031198375
v -0.107675694 0.059991244 -0.0055426275
v -0.0015002884 0.013845859 -0.009275817
v -0.10774203 -0.060336187 0.0025391364
v -0.08422234 -0.013536632 0.0025860837
v -0.08426928 -0.013529489 0.002642214
v -0.124855705 0.0727247 -0.00540179
v -0.23600224 -0.05718472 -0.0026034366
v -0.23606038 -0.057240847 -0.0024054488
v -0.24071309 -0.052543238 -0.0024054486
v -0.24073252 -0.05255957 -0.0023115578
v -0.24843359 -0.042717338 -0.0023115573
v -0.25146872 -0.03771152 -0.002405448
v -0.24841422 -0.04270305 -0.0024054481
v -0.10777061 -0.060405586 0.002457492
v -0.25146872 -0.03771152 0.0024054446
v -0.25139934 -0.037666615 0.0026034324
v -0.2576278 -0.02307269 0.002603433
v -0.25148812 -0.03772479 0.0023115538
v -0.24843359 -0.042717338 0.0023115536
v -0.24841422 -0.04270305 0.0024054444
v -0.08590012 -0.0050160247 0.0093145985
v -0.086220585 -0.004949689 0.00929929
v -0.08676147 -0.00487927 0.009198256
v -0.08841273 -0.009650361 0.008016454
v -0.2577196 -0.023095144 -0.0023115564
v -0.26108134 -0.0045394255 -0.0023115557
v -0.26098746 -0.0045394255 -0.0026034343
v -0.0010788013 0.010365768 0.012305844
v -0.0010706355 0.013658077 0.009274798
v -0.0015002884 0.013845859 0.009275819
v -0.25998524 0.013690736 -0.0055028284
v -0.2599189 0.013679509 -0.0055589587
v -0.26108235 -0.0045363633 -0.005502829
v -0.26108235 0.004536364 -0.005502829
v -0.17305446 0.08103303 0.0026034375
v -0.17305446 0.081105486 0.0024054497
v -0.20261377 0.07605986 0.0024054495
v -0.21844459 0.06964976 0.0024054493
v -0.20260972 0.07598945 0.0026034373
v -0.084087625 -0.013471317 0.0026656871
v -0.0841958 -0.013468254 0.002702427
v -0.107795104 0.06011779 -0.0055732443
v -0.11450831 -0.06594924 -0.005558962
v -0.124855705 -0.07257876 -0.0055589625
v -0.24074373 0.052422814 -0.005558957
v -0.10521717 -0.011995595 0.002632009
v -0.10521717 0.011995595 0.00263201
v -0.09203672 -0.010831143 0.0068366923
v -0.09191425 -0.0114108175 0.0060498454
v -0.08692272 -0.0107413335 0.007119386
v -0.10379044 0.012817142 0.0026595648
v -0.095745414 0.011578188 0.0057436796
v -0.09203672 0.010831143 0.0068366933
v -0.09191425 0.0114108175 0.0060498463
v -0.08692272 0.0107413335 0.007119387
v -0.08682679 0.011733313 0.0058753313
v -0.007870587 0.013320274 0.008749212
v -0.007884874 0.015850227 0.0039628125
v -0.07946757 0.013580516 0.0025166876
v -0.079753324 0.013457029 0.002920827
v -0.10390373 -0.012593639 -0.003615824
v -0.08682679 -0.011733313 0.0058753304
v -0.095745414 -0.011578188 0.0057436787
v -0.0010706355 0.013658077 -0.009274797
v -0.24075902 0.052523844 -0.0055028265
v -0.00083080074 0.010098386 -0.012016006
v -0.00083080074 0.010098384 0.012016006
v -0.0007920254 0.015560391 0.0043138834
v -0.08410497 0.013544797 -0.0018114832
v -0.25148812 0.03772479 0.002311557
v -0.2577196 0.023095144 0.0023115564
v -0.25139934 0.037666615 0.0026034357
v -0.25146872 0.03771152 0.002405448
v -0.006813297 0.010293311 -0.01215378
v -0.08418457 -0.013540714 0.002485049
v -0.0841907 0.013636646 -0.0017849487
v -0.084240705 0.013641749 -0.00245035
v -0.083879426 -0.013498872 -0.00237381
v -0.08415294 -0.013543776 -0.002327885
v -0.10756751 -0.05990858 0.0053997496
v -0.10777979 -0.060311694 0.0053997496
v -0.107615486 -0.059927966 0.0027799872
v -0.10737565 0.05995654 -0.0024238138
v -0.10777061 0.060405586 -0.002457492
v -0.10703887 0.05954628 0.002265633
v -0.10703887 0.05954628 -0.002265628
v -0.107532814 0.060126975 -0.0022778744
v -0.107532814 0.060126975 0.0022778795
v -0.10737565 0.05995654 0.002423819
v -0.007884874 -0.015850227 0.0039628115
v -0.13224655 0.07575779 0.0026116015
v -0.11893037 0.069239505 0.002527916
v -0.11444911 0.06599925 0.0025483267
v -0.006814319 0.016267635 0.004073033
v -0.00081855693 0.008085851 0.012778359
v -0.00079916924 0.013049827 -0.009242139
v -0.007870587 0.0118863955 0.010414757
v -0.006813297 0.01362644 0.009026804
v -0.10737565 -0.05995654 -0.002423819
v -0.10737565 -0.05995654 0.0024238138
v -0.107532814 -0.060126975 0.0022778744
v -0.10703887 -0.05954628 0.002265628
v -0.10703887 -0.05954628 -0.002265633
v -0.107532814 -0.060126975 -0.0022778795
v -0.13224655 0.07575779 -0.002611595
v -0.26111296 0.004538405 -0.0054017934
v -0.26111296 -0.0045384043 -0.0054017934
v -0.11896914 -0.069186434 0.002692219
v -0.24834481 0.042653047 0.002603436
v -0.23600224 0.05718472 0.0026034366
v -0.10756751 0.05990858 0.005399755
v -0.10823291 0.060626023 -0.002652418
v -0.11895894 0.06919358 -0.0026289448
v -0.10932695 0.061584327 -0.0026513971
v -0.124855705 0.0727247 0.0054017967
v -0.11442564 0.066021696 -0.0024850469
v -0.11444911 0.06599925 -0.0025483212
v -0.11893037 0.069239505 -0.00252791
v -0.08428357 -0.013452946 0.0027340641
v -0.08427744 -0.013478461 0.0026983449
v -0.079753324 -0.013457029 0.0029208255
v -0.07946757 -0.013580516 0.0025166862
v -0.21845585 0.06968345 -0.0021809214
v -0.21845075 0.06966916 -0.0023115524
v -0.2110109 0.073092096 -0.0023115522
v -0.21101293 0.07310741 -0.0021809211
v -0.21842319 -0.06958343 -0.002603437
v -0.21844459 -0.06964976 -0.0024054493
v -0.23089129 -0.061719038 -0.0021809272
v -0.23081985 -0.06162923 -0.0026034368
v -0.10753077 0.059903473 -0.0026422122
v -0.10753792 0.059831012 -0.0026789522
v -0.10773386 0.06014535 -0.0026493564
v -0.096278146 0.0438573 -0.0025809798
v -0.084317245 0.013629503 -0.0026115975
v -0.10746444 0.059625886 -0.0026963018
v -0.107729785 0.060266793 -0.002588123
v -0.10931266 0.061616983 -0.002615678
v -0.111293554 0.06330192 -0.0026064927
v -0.20260972 -0.07598945 -0.0026034373
v -0.20261785 -0.076104775 -0.0054017967
v -0.25775024 -0.023100246 0.0054017925
v -0.26111296 -0.004538405 0.0054017934
v -0.11450831 -0.06594924 0.0055589564
v -0.11897833 -0.06927114 0.0031198314
v -0.107795104 -0.060294345 0.0054936404
v -0.11450831 -0.066035986 0.005502826
v -0.24074373 0.052422814 0.0055589615
v -0.2309066 0.06166291 0.0055028317
v -0.24075902 0.052523844 0.005502831
v -0.23090866 -0.061721083 -0.005401796
v -0.09625161 0.04387771 -0.002518726
v -0.10774203 0.060336187 -0.0025391364
v -0.21101701 -0.073114544 -0.0054017967
v -0.21846402 -0.06968854 -0.0054017967
v -0.20261785 -0.076052725 -0.005502832
v -0.23090866 -0.06174047 -0.005236467
v -0.23611143 -0.057290856 -0.0052364664
v -0.23599917 -0.057181656 -0.002679978
v -0.23081678 -0.061626166 -0.0026799783
v -0.124855705 -0.07267571 -0.005502832
v -0.25771758 0.023087999 0.00550283
v -0.25402114 0.032778163 0.0055028303
v -0.24844992 0.04269897 0.0055028307
v -0.24846831 0.042734686 0.0054017953
v -0.107615486 0.059927966 -0.0027799872
v -0.17305446 0.081142224 -0.002180921
v -0.18350187 0.08024618 -0.002180921
v -0.104807936 0.0125915995 0.00265038
v -0.124855705 -0.0727247 -0.0054017967
v -0.2308811 -0.06170577 0.0023115526
v -0.20261377 -0.07605986 -0.0024054495
v -0.007884874 -0.015850227 -0.0039628125
v -0.25139424 0.037663557 0.002679977
v -0.24834073 0.042649984 0.0026799773
v -0.24847442 0.042746935 0.005236466
v -0.24488923 0.04771806 0.005236466
v -0.24486166 0.047696628 0.0033994683
v -0.25150037 0.037731934 0.0033994678
v -0.25148812 -0.03772479 -0.002311557
v -0.24073252 -0.05255957 0.002311553
v -0.25150344 -0.037734993 0.0021809228
v -0.24844891 -0.042728566 0.0021809225
v -0.2308678 -0.061688423 0.0024054435
v -0.23606038 -0.057240847 0.0024054437
v -0.24071309 -0.052543238 0.002405444
v -0.08427235 0.013637667 -0.0025524055
v -0.08415294 -0.013543776 0.0023278836
v -0.083879426 -0.013498872 0.0023738085
v -0.08439175 -0.0135070365 -0.0026840586
v -0.08427744 -0.013478461 -0.0026983463
v -0.08428357 -0.013452946 -0.0027340655
v -0.08682679 -0.011733313 -0.0058753313
v -0.07946757 -0.013580516 -0.0025166876
v -0.079753324 -0.013457029 -0.002920827
v -0.11450831 -0.066035986 -0.0055028317
v -0.11897731 -0.06927522 -0.005502832
v -0.21101701 0.073114544 0.0054017967
v -0.10773386 0.06014535 0.0026493615
v -0.111293554 0.06330192 0.0026064983
v -0.10931266 0.061616983 0.0026156835
v -0.10753792 0.059831012 0.0026789573
v -0.10753077 0.059903473 0.0026422173
v -0.25609082 0.027912159 -0.0021809232
v -0.25607553 0.027907055 -0.0023115543
v -0.25150344 0.037734993 -0.0021809228
v -0.107615486 0.059927966 0.0027799923
# 694 vertices

vn 0.0021661995 0.5010583 -0.86541086
vn -0.16196427 0.45447522 -0.87591094
vn 0 9.0478196E-08 -1
vn 0.0006563888 0.0015396182 -0.99999857
vn 5.6976667E-05 0.017940758 -0.999839
vn 0.8285509 -0.20274481 -0.5219176
vn 0.82058495 -0.20429009 -0.5337656
vn 0.25405785 -0.3447529 -0.90365916
vn 0.2517326 -0.34455854 -0.9043838
vn 0.28427634 0.030595658 0.9582541
vn 0.26075867 0.031593528 0.9648869
vn -0.648752 0.7585603 0.060887128
vn -0.538846 0.8397951 -0.06625096
vn -0.64983356 0.757895 0.05754507
vn -0.5365804 0.83810914 -0.09825796
vn -0.5400754 0.84069115 0.03945824
vn -0.536837 0.8417405 0.05726212
vn 0.2578584 -0.25274375 0.93253934
vn 0.24190003 -0.25521967 0.9361343
vn 0.3935481 -0.40333316 -0.8261006
vn 0.645899 -0.7589236 0.082760714
vn 0.4769918 -0.545288 -0.6893039
vn 0.4779373 -0.5462605 -0.68787754
vn 0.53525656 -0.33933777 -0.7735311
vn 0.6790469 -0.5560218 -0.47930676
vn 0.48210377 -0.38145936 -0.78871083
vn 0.6493715 -0.29209492 -0.70213765
vn 0.4113412 -0.05841792 -0.90960735
vn 0.39806056 -0.1988602 -0.89554584
vn 0.63281584 -0.44134593 -0.63620585
vn 0.47569582 -0.2763732 -0.8350637
vn 0.01593234 -0.007317008 -0.9998463
vn 0.03172734 -0.018435128 -0.9993265
vn 0.6110214 -0.6176145 -0.49518207
vn 0.6406786 -0.6626901 -0.38777933
vn 0.07789209 0.9687134 -0.23564205
vn -0.028191347 0.77006686 -0.63734
vn 0.07134417 0.8058555 -0.5877983
vn -0.024150072 0.65215915 -0.75769734
vn -0.077434056 0.8387764 -0.5389416
vn -0.012089575 0.80594987 -0.5918603
vn -0.028278738 0.7826178 -0.6218598
vn -0.034759972 0.88351804 -0.46710566
vn -0.035948504 0.96255577 -0.26868954
vn -0.0013677883 0.99687076 -0.07903693
vn -0.030920237 0.89697874 -0.44099095
vn -0.017172242 0.91786695 -0.3965165
vn -0.036262587 0.8985329 -0.4374054
vn -0.022779105 0.7293521 -0.68375915
vn -0.020249747 0.8814042 -0.47192863
vn -0.022249438 0.88580334 -0.46352726
vn -0.648752 -0.7585603 -0.060887128
vn -0.538846 -0.8397951 0.06625096
vn -0.64983356 -0.757895 -0.05754507
vn -0.5365804 -0.83810914 0.09825796
vn -0.5400754 -0.84069115 -0.03945824
vn -0.536837 -0.8417405 -0.05726212
vn -0.37517133 -0.92612356 -0.039263915
vn 0 0 -1
vn -0.37500516 -0.92614824 -0.04025624
vn -0.16819546 -0.9848975 -0.041076984
vn -0.16806637 -0.98486423 -0.04238111
vn 0.7853722 3.3108037E-08 0.6190239
vn 0.7853693 -1.3784226E-07 0.61902755
vn -0.016634215 -0.07266287 -0.99721783
vn -0.048241097 0.0025537773 -0.99883246
vn -0.99990225 0 0.013980683
vn -0.053165123 -0.064768314 -0.996483
vn -0.047999114 -0.032804888 -0.9983086
vn -0.98300946 0.17819823 -0.044019744
vn -0.98299617 0.17808479 -0.04477007
vn -0.81969875 0.54610616 0.17280616
vn -0.7605004 0.6459353 -0.066383965
vn -0.7745664 0.47431424 -0.41841722
vn -0.8088974 0.5833843 -0.07312892
vn -0.5897392 0.49727774 0.6363352
vn -0.15683632 0.14505123 -0.97691476
vn -0.73156905 0.68150455 0.018928004
vn -0.6495613 0.75739926 -0.066456676
vn -0.64987934 0.7579426 -0.056389447
vn -0.70574963 0.703641 -0.08250299
vn 0 -1.5490053E-07 -1
vn -0.72000813 0.6916654 -0.056455955
vn -0.7356711 0.6745757 0.06111952
vn 0.4869412 -0.25756025 -0.8345963
vn 0.71587753 0.37701765 0.58768785
vn 0.71118855 0.37616587 0.59389406
vn 0.8622413 0.45404303 -0.22446543
vn 0.8622379 0.4540864 -0.2243911
vn 0.4659634 -0.8054954 0.3661356
vn 0.35817263 -0.84014773 0.40726405
vn 0.46202606 -0.79799014 0.38696712
vn 0.35817614 -0.8401461 0.40726426
vn 0.6312844 0.7377305 0.23923554
vn 0.590945 0.73438495 0.3338604
vn 0.08719804 0.12030025 -0.9889006
vn 0.11602868 0.8972592 -0.4259852
vn 0.11555927 0.8937971 -0.43332735
vn 0.0021661995 -0.5010583 0.86541086
vn -0.16196427 -0.45447522 0.87591094
vn 0 -9.0478196E-08 1
vn 0.0006563888 -0.0015396182 0.99999857
vn 5.6976667E-05 -0.017940758 0.999839
vn 1 0 0
vn 0.12821892 -0.99171406 -0.007941917
vn -0.08434052 -0.98336715 0.160859
vn 0.12822609 -0.99174494 0
vn -0.08433986 -0.98335946 0.16090654
vn 0.14513831 -0.97643274 0.15973142
vn -0.15009815 0.8789259 0.45272475
vn -0.15259147 0.8927995 0.4238217
vn -0.81969875 -0.54610616 -0.17280616
vn -0.7605004 -0.6459353 0.066383965
vn -0.7745664 -0.47431424 0.41841722
vn -0.8088974 -0.5833843 0.07312892
vn -0.5897392 -0.49727774 -0.6363352
vn -0.15683632 -0.14505123 0.97691476
vn -0.73156905 -0.68150455 -0.018928004
vn -0.6495613 -0.75739926 0.066456676
vn -0.64987934 -0.7579426 0.056389447
vn -0.70574963 -0.703641 0.08250299
vn 0 1.5490053E-07 1
vn -0.72000813 -0.6916654 0.056455955
vn -0.7356711 -0.6745757 -0.06111952
vn -0.30308515 -0.43889108 -0.84588057
vn 1.04706956E-07 6.726163E-08 -1
vn -0.29634202 -0.42919582 -0.853213
vn 2.7445083E-07 3.796648E-08 -1
vn -0.68025017 -0.6291333 0.3760998
vn -0.68763584 -0.63612 0.3500118
vn -0.9654274 -0.23402373 0.11481584
vn 7.9895943E-07 3.177929E-08 1
vn -0.8953636 -0.37781712 0.23575011
vn -0.95692205 -0.26334083 0.12227747
vn -0.3913448 -0.14961101 0.90800095
vn -0.42390567 -0.12540546 -0.89698243
vn -0.6204212 -0.30707002 0.7216548
vn -0.6235945 -0.15048265 0.76712775
vn 0 -5.0420425E-08 1
vn -0.004990798 -0.0039065173 0.99998
vn -0.024993815 -0.0118115535 0.9996178
vn -0.03997812 -0.16472702 -0.9855287
vn -0.0005653677 0.00032694382 -0.99999976
vn -0.048394933 -0.20811737 -0.9769059
vn -0.0009138487 0.00035340243 -0.9999995
vn 0.8026671 -0.042772315 -0.5948917
vn -0.0016793272 0.00054787344 -0.99999845
vn 0.1218231 0.060827482 -0.9906862
vn 0.01067384 4.193107E-08 -0.9999431
vn 0.010673326 4.4963798E-08 -0.9999431
vn -0.00055938895 -0.00048058407 -0.9999997
vn -0.049631078 0.20778406 -0.97691476
vn -0.0016807397 -0.00054780726 -0.99999845
vn -0.038650446 0.16532373 -0.98548174
vn -0.00087978324 -0.00050493045 -0.9999995
vn 0.81132907 -0.58091754 -0.065420724
vn 0.8846057 -0.4658189 0.022036804
vn 0.9183634 -0.39549446 0.013888708
vn 0.82875735 -0.55949914 0.011039421
vn 0.7310331 -0.682342 0
vn 0.731039 -0.68233573 0
vn -0.28457028 -0.05756336 0.95692533
vn -0.2920779 -0.049913302 0.9550912
vn -0.19847389 -0.391651 0.8984529
vn -0.2546896 -0.24041498 0.93666106
vn -0.27514055 -0.10170922 0.9560089
vn 0.71587753 -0.37701765 -0.58768785
vn 0.71118855 -0.37616587 -0.59389406
vn 0.28472584 -0.6476217 0.70676553
vn 0.2677007 -0.6522333 0.7091742
vn 0.846507 -0.3597511 0.39243457
vn 0.848224 -0.3575907 0.39069813
vn 0.33014628 -0.41263688 -0.8489607
vn 0.32120496 -0.41479683 -0.8513348
vn 0.3622935 -0.83728045 -0.4095179
vn 0.13788208 -0.8673256 -0.47826225
vn 0.031171428 0.711349 -0.70214736
vn 0.1455928 0.7769974 -0.61243594
vn 0.2762532 0.7591322 -0.58940864
vn 0.037633725 0.61567485 -0.78710103
vn -0.011154756 -0.27483243 0.9614274
vn -0.030363273 -0.8397178 0.5421734
vn -0.009282976 -0.21798275 0.97590846
vn -0.16288088 -0.7155996 -0.6792547
vn -0.17319839 -0.7555962 -0.63172525
vn -0.9061603 -3.4171457E-08 -0.42293462
vn -0.9061536 0 -0.4229488
vn -0.6308845 -0.41596463 -0.65494895
vn -0.6755446 -0.44287047 -0.5894957
vn 0.15359978 0.98685986 -0.05014885
vn 0.27704605 0.91784316 -0.28427017
vn 0.17218788 0.9795696 -0.1038978
vn -0.03997812 0.16472702 0.9855287
vn -0.0005653677 -0.00032694382 0.99999976
vn -0.048394933 0.20811737 0.9769059
vn -0.0009138487 -0.00035340243 0.9999995
vn 0.8026671 0.042772315 0.5948917
vn -0.0016793272 -0.00054787344 0.99999845
vn 0.1218231 -0.060827482 0.9906862
vn 0.01067384 -4.193107E-08 0.9999431
vn 0.010673326 -4.4963798E-08 0.9999431
vn -0.00055938895 0.00048058407 0.9999997
vn -0.049631078 -0.20778406 0.97691476
vn -0.0016807397 0.00054780726 0.99999845
vn -0.038650446 -0.16532373 0.98548174
vn -0.00087978324 0.00050493045 0.9999995
vn -0.018517595 -0.8063429 -0.5911584
vn 0.056822266 -0.68617713 -0.7252118
vn -0.041931514 -0.6091105 -0.7919761
vn -0.033737488 -0.59845465 -0.8004461
vn -0.041891016 -0.6060327 -0.79433584
vn -0.27355415 0.12283926 0.9539805
vn -0.29203954 0.23685598 0.9266133
vn -0.19847481 0.39164802 0.898454
vn -0.28412497 0.06930282 0.95627934
vn -0.26671055 0.13959728 0.9536132
vn -0.84032935 0.5402193 -0.044829663
vn -0.8332825 0.549651 -0.05936347
vn -0.519963 -0.18744458 -0.8333685
vn -0.5308144 -0.20381191 -0.8226158
vn -0.2160596 -0.97028726 0.108907916
vn -0.14878403 -0.9666799 0.2083108
vn -0.28457028 0.05756336 -0.95692533
vn -0.2920779 0.049913302 -0.9550912
vn -0.19847389 0.391651 -0.8984529
vn -0.2546896 0.24041498 -0.93666106
vn -0.27514055 0.10170922 -0.9560089
vn -0.85092944 -0.5210855 -0.06624935
vn 0 5.054563E-08 -1
vn -0.903205 -0.42697573 0.04373001
vn -0.81092596 -0.5848405 0.018992582
vn -0.90805465 -0.41389924 -0.06421857
vn -0.111064985 -0.052655447 0.9924173
vn -0.8238665 -0.5488774 0.14134221
vn -0.90581 -0.38787556 0.17047228
vn -0.8159903 -0.31474748 -0.48486468
vn -0.0017985314 -0.8227327 -0.5684256
vn -0.038852043 -0.72458744 -0.68808687
vn 0.47928533 0.8776592 0
vn 0.47928557 0.877659 0
vn 0.42316028 -0.7955337 0.43366057
vn 0.36024582 -0.82186145 0.4413238
vn 0.8970937 -0.389143 0.20926185
vn 0.9400518 -0.34103155 0
vn 0.99318624 -0.11449519 0.021727804
vn 0.031167757 0.71131665 0.7021803
vn 0.058010373 0.7344574 0.6761711
vn 0.27625227 0.7591297 0.5894123
vn 0.18628015 0.7133464 0.675601
vn -0.9760904 0.17683522 -0.1263992
vn -0.9841386 0.17740153 0
vn -0.21735297 -0.97609305 0
vn -0.984139 0.1773986 0
vn 0.6261645 -0.77824694 0.047431547
vn 0.61859286 -0.7731636 0.1398601
vn 0.62901956 -0.6366189 -0.44615102
vn 0.6275614 -0.778374 0.017337434
vn 0.1203966 -0.93224466 -0.34121063
vn 0.12003049 -0.9290674 -0.34989488
vn -0.34769487 0 0.93760777
vn -0.35361037 -0.16386117 0.92092854
vn -0.34769496 0 0.93760777
vn -0.35672086 -0.16509867 0.91950667
vn 0.8415004 -0.43868345 -0.3153314
vn 0.9243313 -0.33605388 -0.18077476
vn 0.99352795 -0.075591534 -0.08478392
vn 0.44212067 -0.8969556 0
vn 0.43522304 -0.88399464 -0.17068811
vn 0.54842937 -0.83619684 0
vn 0.387816 -0.9073602 0.16216104
vn 0.54835236 -0.8362473 0
vn 0.44110677 -0.89745456 0
vn -0.9724102 -7.2520265E-07 -0.23327748
vn -0.9724101 4.4138912E-07 -0.23327832
vn -0.86214805 0.40756947 -0.30097833
vn -0.8549271 0.40401638 -0.3253774
vn 0.8221771 -0.49847794 -0.27485377
vn 0.7802276 -0.5412488 -0.3135197
vn 0.15359965 0.9868597 0.050151363
vn 0.34825742 0.9223214 0.16745156
vn 0.21892993 0.9444012 0.24530791
vn 0.72303027 0.6890725 0.04905363
vn 0.833026 0.5238568 0.17788124
vn 0.7871467 0.6122708 0.07432831
vn 0.44212067 0.8969556 0
vn 0.43522304 0.88399464 0.17068811
vn 0.54842937 0.83619684 0
vn 0.387816 0.9073602 -0.16216104
vn 0.54835236 0.8362473 0
vn 0.44110677 0.89745456 0
vn 0.9297094 -0.36829385 0
vn -0.19885044 -0.97977257 0.022453588
vn 0.10153173 -0.9948323 0
vn 0.8896643 -0.3527537 0.2899348
vn 0.91959894 -0.3806109 -0.0973306
vn 0.9293154 -0.36913684 0.010528203
vn -0.64592427 1.2008093E-07 0.76340157
vn -0.63648003 0.07627739 0.7675122
vn 0 0 1
vn -0.03273434 -0.0019703177 0.9994621
vn 0.87298864 -0.38098833 -0.30453044
vn 0.898885 -0.34483168 -0.27036428
vn 0.9999121 0 -0.013258798
vn 0.99991214 1.2121507E-07 -0.013258797
vn 0.30561358 0.47700113 -0.82405716
vn 0 7.119405E-07 -1
vn 0.45578623 0.531768 -0.7137799
vn 0.32920894 0.5130328 -0.7927288
vn 0.4216435 0.4926336 -0.7612679
vn -0.35444647 0.8250934 -0.4399869
vn -0.3655458 0.8224584 -0.43581927
vn -0.06830363 -0.8759692 -0.47750667
vn -0.05839321 -0.88090247 -0.4696819
vn -0.0546521 -0.9985055 0
vn -0.20015663 0.85759217 -0.473786
vn -0.077286676 0.17977259 -0.9806674
vn -0.044635385 0.43213952 -0.9007014
vn -0.9999964 0.0025912512 -0.0006682851
vn -0.15362953 0.1348551 -0.97888297
vn -0.047900178 0.26547405 -0.9629274
vn -0.045392655 0.22141938 -0.9741217
vn 0.7017558 0.48928407 0.51782215
vn 0.72252077 0.50401866 0.47321123
vn 0.8961549 0.35471165 -0.26661992
vn 0.6378619 0.48829362 0.5955682
vn 0.82578886 0.3272239 0.45934436
vn 0.39963114 0.16044378 0.90252566
vn 0.11601196 0.8973002 0.42590332
vn 0.11557602 0.89375585 0.4334083
vn -0.080282226 -0.93604845 0.3425903
vn -0.35885096 -0.8858372 0.29414025
vn -0.034474235 -0.20201786 0.9787749
vn -0.20707765 -0.9538007 0.21767701
vn -0.3596549 -0.8882328 0.28581592
vn -0.20297754 -0.93301076 0.2971381
vn -0.038950086 0.7572698 -0.6519397
vn -0.0372353 0.78272456 -0.6212534
vn -0.05224161 0.3626685 0.9304528
vn -0.048929848 0.35602093 0.93319607
vn -0.04499402 -0.032692567 -0.9984521
vn -0.04393698 0 -0.9990343
vn 0.31041878 -0.16773124 -0.93568504
vn 0.5933075 0.80497587 -1.0684916E-05
vn -0.65049815 0.75946134 0.0084022265
vn -0.7619913 0.64751947 0.009366237
vn -0.77937853 0.60982865 -0.14379907
vn -0.6799947 0.7313501 -0.05228982
vn -0.7752103 0.6106185 0.1618463
vn -0.062334508 -0.6742705 -0.73584884
vn -0.052169207 -0.6832618 -0.7283074
vn 0.12044575 -0.9322642 0.34113947
vn 0.1199796 -0.9290477 0.3499647
vn -0.9993695 0 0.035504326
vn -0.99936956 4.6825974E-07 0.035504367
vn -0.34769487 0 -0.93760777
vn -0.35361037 0.16386117 -0.92092854
vn -0.34769496 0 -0.93760777
vn -0.35672086 0.16509867 -0.91950667
vn -0.64978987 0.7576707 -0.060894813
vn -0.5365851 0.8381061 0.0982577
vn -0.64889216 0.75872374 -0.057246514
vn -0.5392132 0.8403609 0.05516074
vn -0.5374684 0.8423592 -0.03948141
vn -0.5396468 0.839963 -0.056950573
vn -0.9724101 -7.3710254E-07 0.23327813
vn -0.9724102 4.1608212E-07 0.23327759
vn -0.3578459 0.33911583 0.8700269
vn -0.35668436 0.1636647 0.9197773
vn -0.36034867 0.33755264 0.86960167
vn -0.3537138 0.16529968 0.9206316
vn 0.6261638 0.7782476 0.04743109
vn 0.9923575 0.12335581 0.0031507027
vn 0.6290232 0.6366142 -0.44615272
vn 0.6242461 0.7803549 0.036915828
vn 0 1 -1.1065864E-05
vn -0.93627757 0.16962829 -0.30758837
vn -0.9381061 0.17005686 -0.30172446
vn -0.010872556 -0.022290442 -0.99969244
vn 0.5666442 0.7150409 0.40942743
vn 0.6109001 0.76616 0.19949964
vn -0.6204171 -0.30706593 -0.7216599
vn 0 4.577537E-08 -1
vn 0 5.2131835E-08 -1
vn -0.58866936 -0.29144326 -0.75400865
vn 1.0749359E-07 5.0208016E-08 -1
vn -0.0522415 -0.3626685 0.9304528
vn -0.046119675 -0.2627513 0.96376073
vn 0.037713718 -0.17643516 0.9835894
vn 0.47285712 -0.5623222 -0.67838037
vn 0.51543313 -0.715806 -0.47111616
vn 0.5764502 -0.6788417 -0.45483956
vn 0.46625978 -0.5519273 -0.6913595
vn 0.6454191 -0.7572293 -0.10018992
vn 0.18423481 -0.23602505 -0.9541225
vn 0.17613176 -0.22672488 -0.9579005
vn 0.41435403 -0.8427066 0.3437387
vn 0.52125543 -0.7248149 0.45048445
vn 0.39040723 -0.7915191 0.4701911
vn 0.53401375 -0.7411017 0.40693665
vn 0.40551576 -0.8233271 0.39710125
vn -0.3530367 -0.6401376 -0.6823408
vn -0.36395204 -0.7058712 -0.60768795
vn 0.03744441 -0.609134 -0.7921828
vn 0.2578584 0.25274375 -0.93253934
vn 0.24190003 0.25521967 -0.9361343
vn 0.573591 0.71754986 0.3951146
vn -0.015181354 -0.016265737 0.9997524
vn 0.61300135 0.76794624 0.18570949
vn 0.5352616 -0.33935362 0.77352077
vn 0.67906475 -0.5560263 0.47927627
vn 0.6110105 -0.6176039 0.4952086
vn 0.6406778 -0.66269237 0.38777658
vn 0.407366 -0.1620988 0.8987641
vn 0.41133898 -0.058390114 0.9096102
vn 0.018868322 -0.009383814 0.99977803
vn 0.4821051 -0.38146532 0.78870714
vn 0.6493421 -0.29213002 0.70215017
vn 0.47447395 -0.33076122 0.81576425
vn 0.47569582 -0.2763732 0.8350637
vn 0.84891194 -0.4933019 0.18974137
vn 0.11601196 -0.8973002 -0.42590332
vn 0.11557602 -0.89375585 -0.4334083
vn -0.35784626 -0.339116 0.87002665
vn -0.3603478 -0.33755228 0.86960214
vn 0.39353868 -0.40333182 0.8261058
vn 0.47700515 -0.54532045 0.6892689
vn 0.6459202 -0.7589058 -0.08275959
vn 0.47793436 -0.54626316 0.68787736
vn 0.128096 -0.99085164 -0.04248077
vn 0.12810573 -0.9908436 -0.042636972
vn -0.7058516 0.5995224 -0.37728816
vn -0.78695893 0.482063 -0.3851115
vn -0.76290977 0.5969421 -0.24825135
vn -0.783353 0.4793647 -0.39568624
vn -0.09074564 0.08987743 -0.9918101
vn -0.7602406 0.5949775 -0.2608372
vn -0.7230004 0.5658352 -0.39635974
vn -0.080282226 0.93604845 -0.3425903
vn -0.16053136 0.9407093 -0.29882404
vn -0.20707765 0.9538007 -0.21767701
vn -0.026869819 0.101787165 -0.99444324
vn 0 3.8425753E-08 1
vn 7.899513E-08 8.492706E-08 0.99999994
vn 0.0019909393 0.46052918 0.8876424
vn 0.08729007 0.49909234 0.8621411
vn -0.0006347576 0.002994782 0.99999535
vn 0.5600466 1.9823917E-08 0.8284611
vn 0.5600558 -8.6661615E-08 0.82845485
vn -0.8320707 0.55434567 0.018953372
vn -0.9021621 0.42648244 -0.06493412
vn -0.7848041 0.5660011 0.25243843
vn -0.85093117 0.5210827 -0.06624955
vn -0.86117804 0.4091304 -0.30163696
vn -0.85017276 0.5207827 -0.0774063
vn -0.9144504 0.3673549 0.16979682
vn -0.9188454 0.39214894 0.04407084
vn -0.90848964 0.41077015 -0.076905884
vn -0.010872556 0.022290442 0.99969244
vn 0.5666442 -0.7150409 -0.40942743
vn 0.6109001 -0.76616 -0.19949964
vn -0.44294155 0.7730323 -0.4541187
vn 4.3572834E-07 2.0767173E-07 -1
vn -0.30174065 0.84754956 -0.43659166
vn -0.44924596 0.78432983 -0.42779055
vn -0.29859358 0.83785146 -0.45699748
vn 0.48692667 -0.25755647 0.834606
vn 0.22355267 0.25965592 0.93946946
vn -0.35303542 -0.6401385 0.6823405
vn -0.36395162 -0.7058713 0.6076882
vn 0.03744292 -0.6091345 0.7921825
vn 0.6261645 0.77824694 -0.047431547
vn 0.61859286 0.7731636 -0.1398601
vn 0.62901956 0.6366189 0.44615102
vn 0.6275614 0.778374 -0.017337434
vn 0.71119016 0.37616494 -0.5938926
vn 0.71587753 0.37701765 -0.58768785
vn 9.461812E-07 -7.119405E-07 1
vn 0.30560985 0.47700143 0.8240584
vn 0.45514318 0.53207695 0.7139599
vn 0.32920313 0.5130342 0.7927303
vn 0.4222383 0.4924723 0.76104265
vn -0.058393333 -0.88090247 0.4696819
vn -0.06830367 -0.8759692 0.47750667
vn -0.058393333 0.88090247 -0.4696819
vn -0.06830367 0.8759692 -0.47750667
vn 0.7015681 -0.48937374 0.5179918
vn 0.89616317 -0.3547085 -0.26659608
vn 0.6378742 -0.48825505 0.5955867
vn 0.7226045 -0.50389856 0.47321138
vn 0.3978978 -0.1583594 0.903659
vn 0.82531106 -0.32823184 0.45948395
vn 0.4659634 0.8054954 -0.3661356
vn 0.35817263 0.84014773 -0.40726405
vn 0.46202606 0.79799014 -0.38696712
vn 0.35817614 0.8401461 -0.40726426
vn -0.70585716 -0.5995228 -0.37727696
vn -0.7602978 -0.5948954 -0.26085755
vn -0.09074546 -0.08987866 -0.99181
vn -0.7869608 -0.48206306 -0.38510764
vn -0.76285094 -0.59702224 -0.24823946
vn -0.7833535 -0.47936413 -0.39568576
vn -0.72300106 -0.5658341 -0.3963601
vn 0.59498936 -0.7031451 0.3893259
vn 0.5738137 -0.79570425 0.19388822
vn 0.20957063 -0.25297308 -0.9445024
vn -0.15021762 0.8789098 -0.4527165
vn -0.15247038 0.8928164 -0.4238297
vn -0.8505904 -0.36301953 0.3804115
vn -0.8765084 -0.33508402 0.3456179
vn -0.86492884 -0.44283053 0.23621844
vn -0.82647973 -0.50565296 0.24747995
vn -0.14603113 -0.07478189 0.9864495
vn -0.8275077 -0.506384 0.24250007
vn -0.86384165 -0.44237295 0.24100587
vn -0.20015663 -0.85759217 0.473786
vn -0.077286676 -0.17977259 0.9806674
vn -0.044635385 -0.43213952 0.9007014
vn -0.9999964 -0.0025912512 0.0006682851
vn -0.15362953 -0.1348551 0.97888297
vn -0.047900178 -0.26547405 0.9629274
vn -0.045392655 -0.22141938 0.9741217
vn -0.9362771 -0.1696289 -0.30758938
vn -0.93909943 -0.0013342558 -0.34364322
vn -0.938106 -0.1700568 -0.30172485
vn -0.9519722 -3.6761112E-06 -0.30618417
vn 0.5600466 -1.9823917E-08 -0.8284611
vn 0.5600558 8.6661615E-08 -0.82845485
vn 0.9346522 1.5902208E-08 -0.35556343
vn 0.9346538 0 -0.35555908
vn 0.2852321 0.6487931 0.7054857
vn 0.2677084 0.65092546 0.7103719
vn -0.64592427 -1.2008093E-07 -0.76340157
vn -0.63648003 -0.07627739 -0.7675122
vn -0.03273434 0.0019703177 -0.9994621
vn -0.15827864 0.9272612 0.33931503
vn -0.35411575 0.8745462 0.33131713
vn -0.15856963 0.9292144 0.3337909
vn -0.35575783 0.87820184 0.31968418
vn 0.13788086 -0.8673257 0.4782623
vn 0.3622935 -0.83728045 0.4095179
vn 0.32120147 -0.41479737 0.8513359
vn 0.33014628 -0.41263688 0.8489607
vn -0.011154756 0.27483243 -0.9614274
vn -0.030363273 0.8397178 -0.5421734
vn -0.009282976 0.21798275 -0.97590846
vn -1.2824369E-08 7.071772E-08 -1
vn -0.0021283568 4.6382276E-08 -0.9999978
vn 0.0059812455 -0.009336093 -0.99993855
vn 0 4.508521E-08 -1
vn -2.3344949E-08 4.4414026E-08 -1
vn 8.241583E-06 0.00011381945 -1
vn -0.00016106831 -0.0009260454 -0.9999996
vn -0.00010600463 2.5181225E-05 -1
vn -0.16541536 -0.10800136 0.9802925
vn -0.1602391 -0.10430809 0.9815514
vn -0.16540766 0.1080007 0.9802939
vn -0.3161537 -3.577088E-08 0.948708
vn -0.16025037 0.10430933 0.98154944
vn -0.31617504 0 0.94870085
vn -0.1731949 -0.75559664 0.6317256
vn -0.162882 -0.7155995 0.67925453
vn -0.6308816 -0.4159772 0.65494376
vn -0.67555195 -0.4428709 0.58948696
vn -0.080757566 -0.4795324 0.8738002
vn -0.0185176 -0.8063431 0.5911581
vn 0.0016704554 -0.7093568 0.7048475
vn -0.04049535 -0.6091461 0.7920235
vn -0.02997487 -0.65894747 0.7515915
vn -0.04067011 -0.66715366 0.74380904
vn 0.07789206 0.9687134 0.2356422
vn -0.012089579 0.80595016 0.59185994
vn -0.07743402 0.8387773 0.5389403
vn -0.028191213 0.7700593 0.6373491
vn 0.071345784 0.8058317 0.5878309
vn -0.024149809 0.6521541 0.75770164
vn 0.0137518095 0.9397307 0.34163877
vn -0.028278807 0.78261834 0.6218591
vn -0.034759976 0.88351804 0.4671056
vn -0.035948556 0.96255565 0.26868996
vn -0.001367748 0.9968712 0.079032496
vn -0.030515978 0.880906 0.47230637
vn -0.017172435 0.91786677 0.39651704
vn -0.036262594 0.8985329 0.43740556
vn -0.040838175 0.8899897 0.45414826
vn -0.020070931 0.88374454 0.46753895
vn -0.3086767 -0.008379122 -0.95113015
vn -0.17993334 -0.02872768 -0.9832592
vn -0.30250707 -0.02058681 -0.95292485
vn -0.27399653 2.0769191E-07 -0.9617307
vn -0.30501074 0.0014958422 -0.9523477
vn -0.30625367 0.0005220656 -0.9519498
vn -0.53081524 -0.2038118 0.8226153
vn -0.5199611 -0.1874448 0.8333695
vn -0.27355415 -0.12283926 -0.9539805
vn -0.29203954 -0.23685598 -0.9266133
vn -0.19847481 -0.39164802 -0.898454
vn -0.28412497 -0.06930282 -0.95627934
vn -0.26671055 -0.13959728 -0.9536132
vn -0.2160596 0.97028726 -0.108907916
vn -0.14878403 0.9666799 -0.2083108
vn -0.038342133 -0.7827327 0.62117594
vn -0.038146906 -0.75729376 0.65195924
vn -0.038851652 -0.72458744 0.68808687
vn -0.0017982605 -0.8227327 0.5684256
vn 0.42316028 0.7955337 -0.43366057
vn 0.36024582 0.82186145 -0.4413238
vn -0.30308846 0.43889084 -0.8458795
vn -0.3763735 0.40575883 -0.83288825
vn -0.008923914 0.015574096 -0.99983895
vn 0.77176887 0.02715486 -0.63532305
vn 0.8214917 -0.018438037 -0.56992227
vn 0.9986076 0.015376768 -0.050463412
vn 0.8415004 0.43868345 0.3153314
vn 0.9243313 0.33605388 0.18077476
vn 0.99352795 0.075591534 0.08478392
vn -0.031691615 0.99949765 0
vn -0.013523445 0.958896 -0.2834354
vn 0.15924717 0.9870968 -0.016744722
vn -0.021005413 0.9966447 -0.07910921
vn -0.031691607 0.99949765 0
vn -0.013523445 0.95889616 0.2834345
vn 0.1592493 0.98709637 0.016744927
vn -0.021005487 0.99664485 0.07910555
vn -0.018502526 0.9998288 0
vn 0.19953078 0.9798916 0
vn -0.02133735 0.99572414 0.08987901
vn -0.005984191 0.9999183 -0.01129455
vn -0.8763569 0.37327853 0.3044039
vn -0.8505916 0.36301875 0.38040954
vn -0.8264479 0.5057354 0.24741766
vn -0.8940136 0.37937564 0.23835684
vn -0.8275408 0.5063001 0.24256265
vn -0.0521692 0.6832621 -0.72830707
vn -0.062334854 0.6742711 -0.73584837
vn 0.8221764 -0.4984768 0.27485773
vn 0.7802437 -0.54122275 0.313525
vn 0.71946025 0.6911775 -0.06819531
vn 0.83301485 0.5238754 -0.1778794
vn 0.77607244 0.6283698 -0.053506546
vn 0.15359965 -0.9868597 -0.050151363
vn 0.34825742 -0.9223214 -0.16745156
vn 0.21892993 -0.9444012 -0.24530791
vn 0.8846056 -0.46581894 -0.022036806
vn 0.8113378 -0.5809025 0.065448135
vn 0.9183764 -0.3954641 -0.013889738
vn 0.82880205 -0.55943304 -0.0110392645
vn 0.21475618 0.25950834 0.94156003
vn 0.6285155 0.7771946 -0.030607566
vn 0.76171005 0.6479181 0
vn 0.603053 0.76095885 -0.23930852
vn 0.6229856 0.7817167 0.028423768
vn 0.62809724 0.77813476 0
vn 0.76171565 0.6479114 0
vn 0.7491806 0.66147697 -0.034301355
vn 0.6248518 0.7806077 -0.01455032
vn 0.7606155 0.64920264 0
vn -0.011154367 0.27483347 0.96142715
vn -0.009941876 0.21783388 0.9759352
vn -0.029117137 0.8374402 0.5457527
vn 0.89888597 -0.34483004 0.270363
vn 0.87298864 -0.38098833 0.30453044
vn -0.35444647 -0.8250934 0.4399869
vn -0.3655458 -0.8224584 0.43581927
vn 0.36024582 0.82186145 0.4413238
vn 0.42316002 0.7955339 0.43366063
vn 0.41558936 0.8421667 0.3435705
vn 0.52173704 0.72439605 0.45060045
vn 0.38872817 0.79237866 0.4701344
vn 0.53353655 0.74149555 0.40684542
vn 0.40479857 0.8236462 0.39717135
vn -0.36326346 0.93168646 0
vn -0.36326286 0.93168664 0
vn 0.99985856 0.010924313 0.012780674
vn 0.9999189 -0.0012050552 0.012684648
vn 0.99998045 0.0062181964 -0.0006246229
vn 0.99987113 0 0.016058423
vn 0.99992186 -0.012375169 0.0017649359
vn 0.9999941 0.00034229536 0.003436701
vn 0.99999887 0 -0.0014879692
vn 0.9999975 -0.00062284013 -0.002166171
vn -0.038146917 0.75729376 0.65195924
vn -0.038342156 0.7827326 0.621176
vn -0.05224161 -0.3626685 -0.9304528
vn -0.048929848 -0.35602093 -0.93319607
vn -0.3530367 0.6401376 0.6823408
vn -0.36395204 0.7058712 0.60768795
vn 0.03744441 0.609134 0.7921828
vn 0.7322998 -0.62354326 -0.27373517
vn 0.8042308 -0.5612283 0.19553886
vn 0.75960773 -0.6474263 -0.061930533
vn 0.3812289 -0.26897147 0.8844879
vn 0.6645593 -0.46323004 -0.5863265
vn 0.7596015 -0.6474337 0.0619301
vn 0.79305136 -0.5502107 0.26141492
vn 0.7930513 -0.5502117 -0.2614129
vn 0.82367045 -0.56706876 0
vn 0.82367074 -0.56706834 0
vn 0.12044575 0.9322642 -0.34113947
vn 0.1199796 0.9290477 -0.3499647
vn 0.12810574 0.99084365 -0.042636994
vn 0.12809595 0.9908516 -0.042480744
vn 0.2843149 -0.031375147 -0.9582174
vn 0.26074296 -0.030798968 -0.9649169
vn -0.04515491 0.36080253 0.9315484
vn -0.9829766 0.17819232 0.04477037
vn -4.7675678E-07 0 1
vn -0.9989959 -4.1752464E-06 0.044801813
vn -0.9377418 0.11409516 -0.3280589
vn 0.5735772 -0.7175293 0.39517185
vn 0.6088977 -0.7713089 0.18527287
vn 0.050626446 -0.058858186 0.9969818
vn -0.9316898 -0.16878627 -0.32166022
vn -0.9570498 0 -0.28992343
vn 6.9632114E-07 -5.2168836E-08 1
vn -0.95705104 0 -0.28991964
vn -0.9420145 -0.170858 -0.28881857
vn -0.70585716 0.5995228 0.37727696
vn -0.7871828 0.48170188 0.38510585
vn -0.69987375 0.59473395 0.3955605
vn -0.78312474 0.47971907 0.3957085
vn 0.86224073 0.4540895 0.22437404
vn 0.8622381 0.45404506 0.22447404
vn 0.4728486 -0.5623109 0.6783957
vn 0.46624038 -0.5519158 0.6913818
vn 0.62370217 -0.7306593 0.2777274
vn 0.5154324 -0.7158083 0.47111335
vn 0.5738744 -0.6811706 0.454615
vn 0.18323271 -0.2347529 0.9546291
vn 0.18454692 -0.23647183 0.9539515
vn 0.5735772 0.7175293 -0.39517185
vn 0.6088977 0.7713089 -0.18527287
vn 0.050626446 0.058858186 -0.9969818
vn 0.44263673 0.89590853 -0.037691336
vn -5.480245E-07 0 -1
vn 0.9078957 -0.40702382 0.10028408
vn 0.4427647 0.8964182 -0.019844966
vn 0.42480722 0.89662856 -0.124883935
vn 0.41435403 0.8427066 -0.3437387
vn 0.52125543 0.7248149 -0.45048445
vn 0.39040723 0.7915191 -0.4701911
vn 0.53401375 0.7411017 -0.40693665
vn 0.40551576 0.8233271 -0.39710125
vn 0.07789209 -0.9687134 0.23564205
vn -0.028191347 -0.77006686 0.63734
vn 0.07134417 -0.8058555 0.5877983
vn -0.024150072 -0.65215915 0.75769734
vn -0.077434056 -0.8387764 0.5389416
vn -0.012089575 -0.80594987 0.5918603
vn -0.028278738 -0.7826178 0.6218598
vn -0.034759972 -0.88351804 0.46710566
vn -0.035948504 -0.96255577 0.26868954
vn -0.0013677883 -0.99687076 0.07903693
vn -0.030920237 -0.89697874 0.44099095
vn -0.017172242 -0.91786695 0.3965165
vn -0.036262587 -0.8985329 0.4374054
vn -0.022779105 -0.7293521 0.68375915
vn -0.020249747 -0.8814042 0.47192863
vn -0.022249438 -0.88580334 0.46352726
vn 0.72303027 -0.6890725 -0.04905363
vn 0.833026 -0.5238568 -0.17788124
vn 0.7871467 -0.6122708 -0.07432831
vn -0.5359027 0.8367438 -0.11255375
vn -0.5395369 0.84192014 0.008384197
vn -0.3753098 0.92688954 0.004293375
vn -0.33318263 0.9358444 -0.11482417
vn 0 6.960537E-08 1
vn -0.3264697 0.9294777 0.17172296
vn -0.49150676 0.85792094 -0.14964193
vn -0.16819546 0.9848975 0.041076984
vn -0.16806637 0.98486423 0.04238111
vn -0.5128647 -0.7957864 -0.32201535
vn -0.6561919 -0.70873517 -0.25904956
vn -0.60310274 -0.7032279 -0.3764806
vn -0.28105235 -0.2783651 0.9184348
vn -0.52133137 -0.8124997 -0.260879
vn -0.62539387 -0.73501366 -0.26198727
vn 0.5352616 0.33935362 -0.77352077
vn 0.67906475 0.5560263 -0.47927627
vn 0.6110105 0.6176039 -0.4952086
vn 0.6406778 0.66269237 -0.38777658
vn 0.407366 0.1620988 -0.8987641
vn 0.41133898 0.058390114 -0.9096102
vn 0.018868322 0.009383814 -0.99977803
vn 0.4821051 0.38146532 -0.78870714
vn 0.6493421 0.29213002 -0.70215017
vn 0.47447395 0.33076122 -0.81576425
vn 0.47569582 0.2763732 -0.8350637
vn 0.84891194 0.4933019 -0.18974137
vn 0.39353868 0.40333182 -0.8261058
vn 0.47700515 0.54532045 -0.6892689
vn 0.6459202 0.7589058 0.08275959
vn 0.47793436 0.54626316 -0.68787736
vn 0.12810574 -0.99084365 0.042636994
vn 0.12809595 -0.9908516 0.042480744
vn -0.16819525 -0.9848974 0.04107911
vn -0.16806637 -0.9848643 0.0423811
vn -0.9916918 -0.12066313 -0.044585187
vn -4.7675678E-07 0 -1
vn -0.99169534 -0.120658234 -0.04451857
vn 2.7445083E-07 -3.796648E-08 1
vn -0.68025017 0.6291333 -0.3760998
vn -0.68763584 0.63612 -0.3500118
vn 0.48692667 0.25755647 -0.834606
vn 0.24836564 3.074568E-08 -0.9686663
vn 0.2483693 6.665014E-08 -0.9686654
vn 0.22355267 -0.25965592 0.93946946
vn -0.6204212 0.30707002 -0.7216548
vn -0.6235945 0.15048265 -0.76712775
vn 0 5.0420425E-08 -1
vn -0.004990798 0.0039065173 -0.99998
vn -0.024993815 0.0118115535 -0.9996178
vn 0.6261638 -0.7782476 -0.04743109
vn 0.9923575 -0.12335581 -0.0031507027
vn 0.6290232 -0.6366142 0.44615272
vn 0.6242461 -0.7803549 -0.036915828
vn 0.4792854 -0.8776592 0
vn 0.47928554 -0.8776591 0
vn 0.8622413 -0.45404303 0.22446543
vn 0.8622379 -0.4540864 0.2243911
vn -0.0546521 0.9985055 0
vn 0.6087134 -0.75648886 0.23914994
vn 0.0076016807 -0.01048822 -0.99991614
vn 0.5903866 -0.734756 0.33403194
vn -0.30308515 0.43889108 0.84588057
vn 1.04706956E-07 -6.726163E-08 1
vn -0.29634202 0.42919582 0.853213
vn 0 -3.7966398E-08 1
vn -0.6877154 -0.63603294 -0.3500137
vn -0.6801673 -0.6292169 -0.37610978
vn 0.7322998 0.62354326 0.27373517
vn 0.8042308 0.5612283 -0.19553886
vn 0.75960773 0.6474263 0.061930533
vn 0.3812289 0.26897147 -0.8844879
vn 0.6645593 0.46323004 0.5863265
vn 0.7596015 0.6474337 -0.0619301
vn 0.79305136 0.5502107 -0.26141492
vn 0.7930513 0.5502117 0.2614129
vn 0.82367045 0.56706876 0
vn 0.82367074 0.56706834 0
vn -4.3572834E-07 2.0767173E-07 -1
vn -0.44294775 -0.77304053 -0.45409867
vn -0.30202195 -0.84747046 -0.43655092
vn -0.44924173 -0.78433156 -0.42779192
vn -0.29831547 -0.8379279 -0.45703915
vn -0.8196985 -0.54610556 0.17280927
vn -0.80889773 -0.5833848 -0.07312031
vn -0.77456886 -0.47431502 -0.4184116
vn -0.15683632 -0.14505136 -0.97691476
vn -0.8258955 -0.5598935 -0.06645216
vn -0.7057487 -0.703642 -0.08250311
vn -3.3850387E-07 -1.5490053E-07 -1
vn -0.60488886 -0.5137662 0.60840267
vn -0.7369171 -0.67571783 0.01894056
vn -0.64996296 -0.75787145 -0.056383837
vn -0.7316212 -0.678965 0.061130863
vn -0.6499637 -0.75787073 -0.0563841
vn -0.7273696 -0.6839145 -0.05651919
vn 0 -3.8425753E-08 -1
vn 7.899513E-08 -8.492706E-08 -0.99999994
vn 0.0019909393 -0.46052918 -0.8876424
vn 0.08729007 -0.49909234 -0.8621411
vn -0.0006347576 -0.002994782 -0.99999535
vn 4.202274E-07 5.0420425E-08 -1
vn -0.8548825 0.4041346 0.32534763
vn -0.8622021 0.40745285 0.3009811
vn 0.8846056 0.46581894 0.022036806
vn 0.8113378 0.5809025 -0.065448135
vn 0.9183764 0.3954641 0.013889738
vn 0.82880205 0.55943304 0.0110392645
vn -0.6204171 0.30706593 0.7216599
vn 0 -4.577537E-08 1
vn 0 -5.2131835E-08 1
vn -0.58866936 0.29144326 0.75400865
vn 1.0749359E-07 -5.0208016E-08 1
vn -0.3086767 0.008379122 0.95113015
vn -0.17993334 0.02872768 0.9832592
vn -0.30250707 0.02058681 0.95292485
vn -0.27399653 -2.0769191E-07 0.9617307
vn -0.30501074 -0.0014958422 0.9523477
vn -0.30625367 -0.0005220656 0.9519498
vn 5.7905595E-08 -4.4413934E-08 1
vn -5.547666E-08 -3.4040678E-08 1
vn 0.13788086 0.8673257 -0.4782623
vn 0.3622935 0.83728045 -0.4095179
vn 0.32120147 0.41479737 -0.8513359
vn 0.33014628 0.41263688 -0.8489607
vn 0.031171428 -0.711349 0.70214736
vn 0.1455928 -0.7769974 0.61243594
vn 0.2762532 -0.7591322 0.58940864
vn 0.037633725 -0.61567485 0.78710103
vn -0.1731949 0.75559664 -0.6317256
vn -0.162882 0.7155995 -0.67925453
vn 0.46596092 0.8054966 0.36613613
vn 0.3581769 0.8401463 0.40726337
vn 0.46202606 0.79799014 0.38696712
vn 0.35817614 0.8401461 0.40726426
vn 0.4426367 0.8959086 0.037690446
vn 0.9077512 -0.40735027 -0.10026782
vn 0.4427645 0.8964183 0.019845577
vn 0.42480797 0.89662826 0.12488389
vn -0.16825934 0.9857324 0.0045134225
vn -0.08545059 0.9963105 0.007978366
vn -0.21078455 0.97087467 -0.11389646
vn -0.20547353 0.93373805 0.29311064
vn -0.6308816 0.4159772 -0.65494376
vn -0.67555195 0.4428709 -0.58948696
vn -0.080757566 0.4795324 -0.8738002
vn -0.0185176 0.8063431 -0.5911581
vn 0.0016704554 0.7093568 -0.7048475
vn -0.04049535 0.6091461 -0.7920235
vn -0.02997487 0.65894747 -0.7515915
vn -0.04067011 0.66715366 -0.74380904
vn -0.84082025 0.53808874 0.059007447
vn -0.833838 0.55007905 0.046123143
vn -0.84032935 -0.5402193 0.044829663
vn -0.8332825 -0.549651 0.05936347
vn 0.22355267 0.25965592 -0.93946946
vn -0.53081524 0.2038118 -0.8226153
vn -0.5199611 0.1874448 -0.8333695
vn 0.44263673 -0.89590853 0.037691336
vn -5.480245E-07 0 1
vn 0.9078957 0.40702382 -0.10028408
vn 0.4427647 -0.8964182 0.019844966
vn 0.42480722 -0.89662856 0.124883935
vn -0.038851652 0.72458744 -0.68808687
vn -0.0017982605 0.8227327 -0.5684256
vn -0.16819525 0.9848974 -0.04107911
vn -0.16806637 0.9848643 -0.0423811
vn 0 1.7087983E-08 -1
vn -0.53730994 -0.8433767 0.0037082261
vn -0.3753098 -0.92688954 -0.004293375
vn -0.43348363 -0.8523478 0.29256663
vn 0.12821892 0.99171406 0.007941917
vn -0.08434052 0.98336715 -0.160859
vn 0.12822609 0.99174494 0
vn -0.08433986 0.98335946 -0.16090654
vn 0.14513831 0.97643274 -0.15973142
vn -0.36326307 -0.93168664 0
vn -0.36326328 -0.9316865 0
vn -0.9993695 0 -0.035504326
vn -0.99936956 -4.6825974E-07 -0.035504367
vn -0.85092944 0.5210855 0.06624935
vn 0 -5.054563E-08 1
vn -0.903205 0.42697573 -0.04373001
vn -0.81092596 0.5848405 -0.018992582
vn -0.90805465 0.41389924 0.06421857
vn -0.111064985 0.052655447 -0.9924173
vn -0.8238665 0.5488774 -0.14134221
vn -0.90581 0.38787556 -0.17047228
vn -0.8159903 0.31474748 0.48486468
vn -0.8763569 -0.37327853 -0.3044039
vn -0.8505916 -0.36301875 -0.38040954
vn -0.8264479 -0.5057354 -0.24741766
vn -0.8940136 -0.37937564 -0.23835684
vn -0.8275408 -0.5063001 -0.24256265
vn -1.0847267E-06 4.4208537E-08 -1
vn -0.8447281 -0.51671976 0.13941003
vn -0.78755724 -0.61622715 -0.004224839
vn -0.68131715 -0.7319789 0.0037066718
vn -0.6336356 -0.739772 0.22637017
vn -0.6860187 -0.67946124 0.26021275
vn -0.21401972 -0.15517062 0.9644261
vn -0.71698105 -0.6622337 0.21768
vn -0.2377119 -0.25604004 -0.9369827
vn -0.04537313 -0.048871532 -0.99777395
vn -0.062334508 0.6742705 0.73584884
vn -0.052169207 0.6832618 0.7283074
vn 0.8221764 0.4984768 -0.27485773
vn 0.7802437 0.54122275 -0.313525
vn 0.15359978 -0.98685986 0.05014885
vn 0.27704605 -0.91784316 0.28427017
vn 0.17218788 -0.9795696 0.1038978
vn 0.76171005 -0.6479181 0
vn 0.7491759 -0.66148233 -0.03430114
vn 0.62298554 -0.78171664 0.028427094
vn 0.6229856 -0.7817167 -0.028423768
vn 0.62435055 -0.7811442 0
vn 0.7605502 -0.64927906 -0.00030251543
vn 0.7491806 -0.66147697 0.034301355
vn 0.76170814 -0.6479203 0.0001288304
vn 0.62434834 -0.7811461 0
vn 0.7606253 -0.64919114 0
vn -0.15009815 -0.8789259 -0.45272475
vn -0.15259147 -0.8927995 -0.4238217
vn 0.89888597 0.34483004 -0.270363
vn 0.87298864 0.38098833 -0.30453044
vn 0.3429402 5.4144525E-08 -0.93935734
vn 0.34294042 0 -0.9393572
vn -0.3544464 0.8250935 0.43998677
vn -0.36554646 0.822458 0.4358194
vn -0.97609067 0.17683418 0.12639886
vn -0.938106 0.17005652 0.30172485
vn -0.9362772 0.1696287 0.3075891
vn 0.07789206 -0.9687134 -0.2356422
vn -0.012089579 -0.80595016 -0.59185994
vn -0.07743402 -0.8387773 -0.5389403
vn -0.028191213 -0.7700593 -0.6373491
vn 0.071345784 -0.8058317 -0.5878309
vn -0.024149809 -0.6521541 -0.75770164
vn 0.0137518095 -0.9397307 -0.34163877
vn -0.028278807 -0.78261834 -0.6218591
vn -0.034759976 -0.88351804 -0.4671056
vn -0.035948556 -0.96255565 -0.26868996
vn -0.001367748 -0.9968712 -0.079032496
vn -0.030515978 -0.880906 -0.47230637
vn -0.017172435 -0.91786677 -0.39651704
vn -0.036262594 -0.8985329 -0.43740556
vn -0.040838175 -0.8899897 -0.45414826
vn -0.020070931 -0.88374454 -0.46753895
vn 0.7017558 -0.48928407 -0.51782215
vn 0.72252077 -0.50401866 -0.47321123
vn 0.8961549 -0.35471165 0.26661992
vn 0.6378619 -0.48829362 -0.5955682
vn 0.82578886 -0.3272239 -0.45934436
vn 0.39963114 -0.16044378 -0.90252566
vn -0.3578459 -0.33911583 -0.8700269
vn -0.35668436 -0.1636647 -0.9197773
vn -0.36034867 -0.33755264 -0.86960167
vn -0.3537138 -0.16529968 -0.9206316
vn -0.9914089 -0.05947455 0.11649569
vn 0 -1 0
vn -0.98397523 -0.17826691 -0.0037051192
vn -0.99998707 0.0023191893 -0.0045426297
vn -0.94433695 -0.2276995 -0.23744616
vn -0.99137306 -0.059477694 0.11679817
vn -0.0521692 -0.6832621 0.72830707
vn -0.062334854 -0.6742711 0.73584837
vn 0.2852321 -0.6487931 -0.7054857
vn 0.2677084 -0.65092546 -0.7103719
vn -0.15827864 -0.9272612 -0.33931503
vn -0.35411575 -0.8745462 -0.33131713
vn -0.15856963 -0.9292144 -0.3337909
vn -0.35575783 -0.87820184 -0.31968418
vn -0.41515687 0.9024558 -0.114970826
vn -0.32105157 0.90177053 -0.28937143
vn -0.41532865 0.90273315 -0.11213812
vn -0.35885096 0.8858372 -0.29414025
vn -0.13168098 0.28621244 -0.94907457
vn 9.461812E-07 7.119405E-07 -1
vn 0.30560985 -0.47700143 -0.8240584
vn 0.45514318 -0.53207695 -0.7139599
vn 0.32920313 -0.5130342 -0.7927303
vn 0.4222383 -0.4924723 -0.76104265
vn -0.37517193 0.9261232 -0.039265063
vn -0.41760612 0.90773875 -0.040192045
vn -0.32115155 0.9020733 -0.2883148
vn 0.4728486 0.5623109 -0.6783957
vn 0.46624038 0.5519158 -0.6913818
vn 0.62370217 0.7306593 -0.2777274
vn 0.5154324 0.7158083 -0.47111335
vn 0.5738744 0.6811706 -0.454615
vn 0.18323271 0.2347529 -0.9546291
vn 0.18454692 0.23647183 -0.9539515
vn -6.963219E-07 -5.216889E-08 1
vn -0.9420488 0.17066461 -0.28882122
vn -0.93165076 0.16897586 -0.32167384
vn 0.4426367 -0.8959086 -0.037690446
vn 0.9077512 0.40735027 0.10026782
vn 0.4427645 -0.8964183 -0.019845577
vn 0.42480797 -0.89662826 -0.12488389
vn -0.8320707 -0.55434567 -0.018953372
vn -0.9021621 -0.42648244 0.06493412
vn -0.7848041 -0.5660011 -0.25243843
vn -0.85093117 -0.5210827 0.06624955
vn -0.86117804 -0.4091304 0.30163696
vn -0.85017276 -0.5207827 0.0774063
vn -0.9144504 -0.3673549 -0.16979682
vn -0.9188454 -0.39214894 -0.04407084
vn -0.90848964 -0.41077015 0.076905884
vn -0.16825934 -0.9857324 -0.0045134225
vn -0.08545059 -0.9963105 -0.007978366
vn -0.21078455 -0.97087467 0.11389646
vn -0.20547353 -0.93373805 -0.29311064
vn -1.2824369E-08 -7.071772E-08 1
vn -0.0021283568 -4.6382276E-08 0.9999978
vn 0.0059812455 0.009336093 0.99993855
vn 0 -4.508521E-08 1
vn -2.3344949E-08 -4.4414026E-08 1
vn 8.241583E-06 -0.00011381945 1
vn -0.00016106831 0.0009260454 0.9999996
vn -0.00010600463 -2.5181225E-05 1
vn 0.8285509 0.20274481 0.5219176
vn 0.82058495 0.20429009 0.5337656
vn 0.77176887 -0.02715486 0.63532305
vn 0.8214917 0.018438037 0.56992227
vn 0.9986076 -0.015376768 0.050463412
vn 0.25405785 0.3447529 0.90365916
vn 0.2517326 0.34455854 0.9043838
vn -0.016634215 0.07266287 0.99721783
vn -0.048241097 -0.0025537773 0.99883246
vn -0.99990225 0 -0.013980683
vn -0.053165123 0.064768314 0.996483
vn -0.047999114 0.032804888 0.9983086
vn 5.7905595E-08 4.4413934E-08 -1
vn -5.547666E-08 3.4040678E-08 -1
vn 0.3935481 0.40333316 0.8261006
vn 0.645899 0.7589236 -0.082760714
vn 0.4769918 0.545288 0.6893039
vn 0.4779373 0.5462605 0.68787754
vn 0.53525656 0.33933777 0.7735311
vn 0.6790469 0.5560218 0.47930676
vn 0.48210377 0.38145936 0.78871083
vn 0.6493715 0.29209492 0.70213765
vn 0.4113412 0.05841792 0.90960735
vn 0.39806056 0.1988602 0.89554584
vn 0.63281584 0.44134593 0.63620585
vn 0.47569582 0.2763732 0.8350637
vn 0.01593234 0.007317008 0.9998463
vn 0.03172734 0.018435128 0.9993265
vn 0.6110214 0.6176145 0.49518207
vn 0.6406786 0.6626901 0.38777933
vn -0.37517133 0.92612356 0.039263915
vn -0.37500516 0.92614824 0.04025624
vn -0.21382076 0.95654696 0.19823845
vn -0.12266422 0.98601705 0.11280011
vn 0.7015681 0.48937374 -0.5179918
vn 0.89616317 0.3547085 0.26659608
vn 0.6378742 0.48825505 -0.5955867
vn 0.7226045 0.50389856 -0.47321138
vn 0.3978978 0.1583594 -0.903659
vn 0.82531106 0.32823184 -0.45948395
vn -0.37517193 -0.9261232 0.039265063
vn -0.41760612 -0.90773875 0.040192045
vn -0.32115155 -0.9020733 0.2883148
vn -0.98300946 -0.17819823 0.044019744
vn -0.98299617 -0.17808479 0.04477007
vn -0.64978987 -0.7576707 0.060894813
vn -0.5365851 -0.8381061 -0.0982577
vn -0.64889216 -0.75872374 0.057246514
vn -0.5392132 -0.8403609 -0.05516074
vn -0.5374684 -0.8423592 0.03948141
vn -0.5396468 -0.839963 0.056950573
vn -0.9316898 0.16878627 0.32166022
vn -0.9570498 0 0.28992343
vn 6.9632114E-07 5.2168836E-08 -1
vn -0.95705104 0 0.28991964
vn -0.9420145 0.170858 0.28881857
vn 0.128096 0.99085164 0.04248077
vn 0.12810573 0.9908436 0.042636972
vn 0.4869412 0.25756025 0.8345963
vn 0.22355267 -0.25965592 -0.93946946
vn 0.24836901 -6.136188E-08 0.96866554
vn 0.24836604 -2.3434572E-08 0.9686662
vn 0.71119016 -0.37616494 0.5938926
vn 0.71587753 -0.37701765 0.58768785
vn 0.86224073 -0.4540895 -0.22437404
vn 0.8622381 -0.45404506 -0.22447404
vn 0.30561358 -0.47700113 0.82405716
vn 0 -7.119405E-07 1
vn 0.45578623 -0.531768 0.7137799
vn 0.32920894 -0.5130328 0.7927288
vn 0.4216435 -0.4926336 0.7612679
vn 0.46596092 -0.8054966 -0.36613613
vn 0.3581769 -0.8401463 -0.40726337
vn 0.46202606 -0.79799014 -0.38696712
vn 0.35817614 -0.8401461 -0.40726426
vn 0.6087134 0.75648886 -0.23914994
vn 0.0076016807 0.01048822 0.99991614
vn 0.5903866 0.734756 -0.33403194
vn 0.11602868 -0.8972592 0.4259852
vn 0.11555927 -0.8937971 0.43332735
vn 0.8970937 0.389143 -0.20926185
vn 0.9400518 0.34103155 0
vn 0.99318624 0.11449519 -0.021727804
vn -0.44294155 -0.7730323 0.4541187
vn 4.3572834E-07 -2.0767173E-07 1
vn -0.30174065 -0.84754956 0.43659166
vn -0.44924596 -0.78432983 0.42779055
vn -0.29859358 -0.83785146 0.45699748
vn -0.15021762 -0.8789098 0.4527165
vn -0.15247038 -0.8928164 0.4238297
vn -0.8196985 0.54610556 -0.17280927
vn -0.80889773 0.5833848 0.07312031
vn -0.77456886 0.47431502 0.4184116
vn -0.15683632 0.14505136 0.97691476
vn -0.8258955 0.5598935 0.06645216
vn -0.7057487 0.703642 0.08250311
vn -3.3850387E-07 1.5490053E-07 1
vn -0.60488886 0.5137662 -0.60840267
vn -0.7369171 0.67571783 -0.01894056
vn -0.64996296 0.75787145 0.056383837
vn -0.7316212 0.678965 -0.061130863
vn -0.6499637 0.75787073 0.0563841
vn -0.7273696 0.6839145 0.05651919
vn -0.30308846 -0.43889084 0.8458795
vn -0.3763735 -0.40575883 0.83288825
vn -0.008923914 -0.015574096 0.99983895
vn 0 3.7966398E-08 -1
vn -0.6877154 0.63603294 0.3500137
vn -0.6801673 0.6292169 0.37610978
vn 0.2722146 0.962167 0.011567425
vn -0.9391524 0.3209335 -0.1224514
vn -0.8442494 0.5164181 -0.14337115
vn -0.82644916 0.50572985 -0.24742474
vn -0.8505904 0.36301953 -0.3804115
vn -0.9164999 0.30957314 -0.25336188
vn -0.83908296 0.51218855 -0.18331033
vn -0.41791037 0.18785173 -0.8888548
vn -0.8907352 0.41679755 -0.18130232
vn -6.963219E-07 5.216889E-08 -1
vn -0.9420488 -0.17066461 0.28882122
vn -0.93165076 -0.16897586 0.32167384
vn -0.86214805 -0.40756947 0.30097833
vn -0.8549271 -0.40401638 0.3253774
vn 0.81132907 0.58091754 0.065420724
vn 0.8846057 0.4658189 -0.022036804
vn 0.9183634 0.39549446 -0.013888708
vn 0.82875735 0.55949914 -0.011039421
vn 0.9346522 -1.5902208E-08 0.35556343
vn 0.9346538 0 0.35555908
vn 0.7310331 0.682342 0
vn 0.731039 0.68233573 0
vn -0.9454494 0.32310277 -0.041591942
vn 0.18267678 0.9831731 0.00016790644
vn -0.8530111 0.52187574 0.0042130267
vn -0.91998243 0.39186543 0.008591862
vn -0.8993274 0.41999802 -0.12170407
vn -0.9188472 0.33694953 0.2053899
vn -0.8530533 0.5218077 0.004093672
vn -0.90605354 0.42314374 0.0040509743
vn -0.06226183 0.081083424 -0.99476075
vn -0.5175074 0.80653614 -0.28580678
vn -0.60310256 0.70322937 -0.3764781
vn -0.6860187 0.67946124 -0.26021275
vn -0.21927613 0.30368692 0.9271958
vn -0.065539196 0.08535147 0.994193
vn 0.28472584 0.6476217 -0.70676553
vn 0.2677007 0.6522333 -0.7091742
vn 0.846507 0.3597511 -0.39243457
vn 0.848224 0.3575907 -0.39069813
vn 0.33014628 0.41263688 0.8489607
vn 0.32120496 0.41479683 0.8513348
vn 0.3622935 0.83728045 0.4095179
vn 0.13788208 0.8673256 0.47826225
vn 0.031167757 -0.71131665 -0.7021803
vn 0.058010373 -0.7344574 -0.6761711
vn 0.27625227 -0.7591297 -0.5894123
vn 0.18628015 -0.7133464 -0.675601
vn -0.011154367 -0.27483347 -0.96142715
vn -0.009941876 -0.21783388 -0.9759352
vn -0.029117137 -0.8374402 -0.5457527
vn -0.16288088 0.7155996 0.6792547
vn -0.17319839 0.7555962 0.63172525
vn -0.9061536 0 0.42294878
vn -0.9061603 3.4171457E-08 0.42293462
vn -0.16541536 0.10800136 -0.9802925
vn -0.1602391 0.10430809 -0.9815514
vn -0.16540766 -0.1080007 -0.9802939
vn -0.3161537 3.577088E-08 -0.948708
vn -0.16025037 -0.10430933 -0.98154944
vn -0.31617504 0 -0.94870085
vn -0.6308845 0.41596463 0.65494895
vn -0.6755446 0.44287047 0.5894957
vn -0.018517595 0.8063429 0.5911584
vn 0.056822266 0.68617713 0.7252118
vn -0.041931514 0.6091105 0.7919761
vn -0.033737488 0.59845465 0.8004461
vn -0.041891016 0.6060327 0.79433584
vn 0.9297094 0.36829385 0
vn -0.19885044 0.97977257 -0.022453588
vn 0.10153173 0.9948323 0
vn 0.8896643 0.3527537 -0.2899348
vn 0.91959894 0.3806109 0.0973306
vn 0.9293154 0.36913684 -0.010528203
vn -0.84082025 -0.53808874 -0.059007447
vn -0.833838 -0.55007905 -0.046123143
vn -0.519963 0.18744458 0.8333685
vn -0.5308144 0.20381191 0.8226158
vn -0.21382076 -0.95654696 -0.19823845
vn -0.12266422 -0.98601705 -0.11280011
vn -0.0017985314 0.8227327 0.5684256
vn -0.038852043 0.72458744 0.68808687
vn -0.51123095 0.7967558 0.322216
vn -0.60267407 0.70362324 0.37642854
vn -0.5039729 0.7864237 0.35714
vn -0.6076045 0.7084774 0.3589939
vn 0.36024582 -0.82186145 -0.4413238
vn 0.42316002 -0.7955339 -0.43366063
vn 0.6312844 -0.7377305 -0.23923554
vn 0.590945 -0.73438495 -0.3338604
vn 0.08719804 -0.12030025 0.9889006
vn -0.7058516 -0.5995224 0.37728816
vn -0.78695893 -0.482063 0.3851115
vn -0.76290977 -0.5969421 0.24825135
vn -0.783353 -0.4793647 0.39568624
vn -0.09074564 -0.08987743 0.9918101
vn -0.7602406 -0.5949775 0.2608372
vn -0.7230004 -0.5658352 0.39635974
vn 0.8221771 0.49847794 0.27485377
vn 0.7802276 0.5412488 0.3135197
vn 0.71946025 -0.6911775 0.06819531
vn 0.83301485 -0.5238754 0.1778794
vn 0.77607244 -0.6283698 0.053506546
vn -0.031691615 -0.9994977 0
vn -0.013523445 -0.958896 0.2834354
vn -0.03169161 -0.9994977 0
vn -0.013523445 -0.95889616 -0.2834345
vn 0.1592493 -0.98709637 -0.016744927
vn -0.021005487 -0.99664485 -0.07910555
vn -0.02362935 -0.9997208 0
vn 0.15924717 -0.9870968 0.016744722
vn 0.35825625 -0.87039316 0.33773997
vn -0.02133735 -0.99572414 -0.08987901
vn 0.19953078 -0.9798916 0
vn -0.005984191 -0.9999183 0.01129455
vn 0.9999121 0 0.013258798
vn 0.99991214 -1.2121507E-07 0.013258797
vn 0.1203966 0.93224466 0.34121063
vn 0.12003049 0.9290674 0.34989488
vn 0.87298864 0.38098833 0.30453044
vn 0.898885 0.34483168 0.27036428
vn 0.7853722 -3.3108037E-08 -0.6190239
vn 0.7853693 1.3784226E-07 -0.61902755
vn 0.3429402 -5.4144525E-08 0.93935734
vn 0.34294042 0 0.9393572
vn -0.06830363 0.8759692 0.47750667
vn -0.05839321 0.88090247 0.4696819
vn -0.9313722 -0.11332384 0.34598216
vn -0.95042354 -0.057016674 0.3056863
vn -0.13642904 -0.023333652 0.99037504
vn -0.04515491 -0.36080253 -0.9315484
vn -0.038146917 -0.75729376 -0.65195924
vn -0.038342156 -0.7827326 -0.621176
vn -0.35784626 0.339116 -0.87002665
vn -0.3603478 0.33755228 -0.86960214
vn -0.3544464 -0.8250935 -0.43998677
vn -0.36554646 -0.822458 -0.4358194
vn -0.35303542 0.6401385 -0.6823405
vn -0.36395162 0.7058713 -0.6076882
vn 0.03744292 0.6091345 -0.7921825
vn -0.52549344 -0.8202589 0.22590254
vn -0.5175074 -0.80653614 0.28580678
vn -0.60310256 -0.70322937 0.3764781
vn 0.030259764 0.0353281 0.9989176
vn -0.21927613 -0.30368692 -0.9271958
vn -4.3572834E-07 -2.0767173E-07 1
vn -0.44294775 0.77304053 0.45409867
vn -0.30202195 0.84747046 0.43655092
vn -0.44924173 0.78433156 0.42779192
vn -0.29831547 0.8379279 0.45703915
vn -0.0522415 0.3626685 -0.9304528
vn -0.046119675 0.2627513 -0.96376073
vn 0.037713718 0.17643516 -0.9835894
vn 4.202274E-07 -5.0420425E-08 1
vn -0.8548825 -0.4041346 -0.32534763
vn -0.8622021 -0.40745285 -0.3009811
vn -0.043449916 0.032694805 0.99852043
vn -0.047352683 0.1763963 0.98317957
vn 0.040873386 0 0.99916434
vn -0.94625616 -0.3233971 -0.0036667534
vn -0.8530111 -0.52187574 -0.0042130267
vn -0.91658604 -0.3904116 -0.08630708
vn -0.91443443 -0.3858793 0.12209393
vn -0.88153183 -0.45131958 0.13860813
vn -0.8530533 -0.5218077 -0.004093672
vn -0.91623354 -0.3921095 -0.08225753
vn -0.89164644 -0.45271417 -0.0040679956
vn 0.59498936 0.7031451 -0.3893259
vn 0.5738137 0.79570425 -0.19388822
vn 0.20957063 0.25297308 0.9445024
vn 0.47285712 0.5623222 0.67838037
vn 0.51543313 0.715806 0.47111616
vn 0.5764502 0.6788417 0.45483956
vn 0.46625978 0.5519273 0.6913595
vn 0.6454191 0.7572293 0.10018992
vn 0.18423481 0.23602505 0.9541225
vn 0.17613176 0.22672488 0.9579005
vn 0.41558936 -0.8421667 -0.3435705
vn 0.52173704 -0.72439605 -0.45060045
vn 0.38872817 -0.79237866 -0.4701344
vn 0.53353655 -0.74149555 -0.40684542
vn 0.40479857 -0.8236462 -0.39717135
vn 0.573591 -0.71754986 -0.3951146
vn -0.015181354 0.016265737 -0.9997524
vn 0.61300135 -0.76794624 -0.18570949
# 1375 vertex normals

s 1
f 1//1 2//1 3//1
f 3//2 4//2 5//2
f 5//3 6//3 7//3
f 7//4 1//4 3//4
f 3//5 5//5 7//5
f 8//6 9//6 10//6
f 8//7 10//7 11//7
f 12//8 13//8 11//8
f 12//9 11//9 10//9
f 14//10 15//10 16//10
f 14//11 16//11 17//11
f 18//12 19//12 20//12
f 21//13 22//13 23//13
f 18//14 20//14 21//14
f 24//15 25//15 18//15
f 21//16 23//16 24//16
f 21//17 24//17 18//17
f 26//18 15//18 14//18
f 26//19 14//19 27//19
f 28//20 29//20 30//20
f 30//21 31//21 32//21
f 32//22 33//22 28//22
f 28//23 30//23 32//23
f 34//24 35//24 36//24
f 34//25 36//25 29//25
f 30//26 29//26 36//26
f 36//27 35//27 37//27
f 37//28 38//28 39//28
f 39//29 40//29 41//29
f 42//30 30//30 36//30
f 36//31 37//31 39//31
f 39//32 41//32 42//32
f 42//33 36//33 39//33
f 43//34 34//34 29//34
f 43//35 29//35 28//35
f 44//36 45//36 46//36
f 46//37 47//37 48//37
f 49//38 50//38 51//38
f 46//39 48//39 49//39
f 52//40 44//40 46//40
f 53//41 54//41 52//41
f 55//42 56//42 53//42
f 57//43 58//43 55//43
f 59//44 60//44 57//44
f 51//45 61//45 59//45
f 52//46 46//46 49//46
f 49//47 51//47 59//47
f 59//48 57//48 55//48
f 55//49 53//49 52//49
f 52//50 49//50 59//50
f 59//51 55//51 52//51
f 62//52 63//52 64//52
f 65//53 66//53 67//53
f 62//54 64//54 65//54
f 68//55 69//55 62//55
f 65//56 67//56 68//56
f 65//57 68//57 62//57
f 67//58 70//58 71//58
f 71//59 72//59 68//59
f 71//60 68//60 67//60
f 73//61 71//61 70//61
f 73//62 70//62 74//62
f 75//63 76//63 77//63
f 75//64 77//64 78//64
f 79//65 80//65 81//65
f 81//66 82//66 83//66
f 83//67 84//67 85//67
f 85//68 79//68 81//68
f 81//69 83//69 85//69
f 86//70 87//70 88//70
f 86//71 88//71 89//71
f 90//72 91//72 92//72
f 93//73 94//73 95//73
f 90//74 92//74 93//74
f 96//75 97//75 98//75
f 90//76 93//76 95//76
f 25//77 96//77 98//77
f 98//78 90//78 95//78
f 95//79 22//79 21//79
f 95//80 21//80 20//80
f 18//81 25//81 98//81
f 19//82 18//82 98//82
f 98//83 95//83 20//83
f 20//84 19//84 98//84
f 99//85 100//85 101//85
f 102//86 103//86 104//86
f 102//87 104//87 105//87
f 106//88 107//88 108//88
f 106//89 108//89 109//89
f 110//90 111//90 112//90
f 112//91 113//91 114//91
f 115//92 110//92 112//92
f 112//93 114//93 115//93
f 116//94 104//94 117//94
f 117//95 118//95 119//95
f 117//96 119//96 116//96
f 7//97 6//97 120//97
f 7//98 120//98 121//98
f 112//99 122//99 123//99
f 123//100 124//100 125//100
f 125//101 126//101 113//101
f 113//102 112//102 123//102
f 123//103 125//103 113//103
f 127//104 128//104 129//104
f 130//105 131//105 132//105
f 127//106 129//106 130//106
f 132//107 133//107 134//107
f 134//108 127//108 130//108
f 130//109 132//109 134//109
f 135//110 136//110 137//110
f 135//111 137//111 138//111
f 139//112 140//112 141//112
f 142//113 143//113 144//113
f 139//114 141//114 142//114
f 145//115 146//115 147//115
f 139//116 142//116 144//116
f 69//117 145//117 147//117
f 147//118 139//118 144//118
f 144//119 66//119 65//119
f 144//120 65//120 64//120
f 62//121 69//121 147//121
f 63//122 62//122 147//122
f 147//123 144//123 64//123
f 64//124 63//124 147//124
f 148//125 149//125 150//125
f 150//126 151//126 152//126
f 150//127 152//127 148//127
f 153//128 154//128 155//128
f 145//129 69//129 153//129
f 153//130 155//130 145//130
f 156//131 157//131 158//131
f 158//132 159//132 160//132
f 161//133 162//133 163//133
f 158//134 160//134 161//134
f 161//135 163//135 156//135
f 158//136 161//136 156//136
f 154//137 164//137 165//137
f 165//138 166//138 167//138
f 167//139 168//139 155//139
f 155//140 154//140 165//140
f 165//141 167//141 155//141
f 169//142 170//142 171//142
f 172//143 40//143 39//143
f 169//144 171//144 172//144
f 169//145 172//145 39//145
f 169//146 39//146 38//146
f 173//147 169//147 38//147
f 174//148 175//148 176//148
f 173//149 38//149 174//149
f 177//150 173//150 174//150
f 174//151 176//151 178//151
f 178//152 47//152 179//152
f 180//153 177//153 174//153
f 178//154 179//154 180//154
f 174//155 178//155 180//155
f 181//156 35//156 34//156
f 34//157 182//157 183//157
f 183//158 184//158 181//158
f 181//159 34//159 183//159
f 185//160 186//160 187//160
f 185//161 187//161 188//161
f 189//162 190//162 191//162
f 191//163 192//163 193//163
f 193//164 194//164 195//164
f 195//165 189//165 191//165
f 191//166 193//166 195//166
f 99//167 196//167 197//167
f 99//168 197//168 100//168
f 27//169 198//169 199//169
f 27//170 199//170 26//170
f 200//171 201//171 26//171
f 200//172 26//172 199//172
f 41//173 40//173 202//173
f 41//174 202//174 203//174
f 204//175 203//175 205//175
f 204//176 205//176 206//176
f 49//177 48//177 207//177
f 207//178 208//178 51//178
f 50//179 49//179 207//179
f 207//180 51//180 50//180
f 209//181 210//181 211//181
f 211//182 212//182 213//182
f 211//183 213//183 209//183
f 171//184 170//184 214//184
f 171//185 214//185 215//185
f 216//186 217//186 218//186
f 216//187 218//187 219//187
f 170//188 217//188 216//188
f 170//189 216//189 214//189
f 220//190 221//190 222//190
f 222//191 61//191 223//191
f 220//192 222//192 223//192
f 224//193 225//193 226//193
f 227//194 228//194 229//194
f 224//195 226//195 227//195
f 224//196 227//196 229//196
f 224//197 229//197 230//197
f 231//198 224//198 230//198
f 232//199 233//199 210//199
f 231//200 230//200 232//200
f 234//201 231//201 232//201
f 232//202 210//202 209//202
f 209//203 213//203 235//203
f 236//204 234//204 232//204
f 209//205 235//205 236//205
f 232//206 209//206 236//206
f 237//207 238//207 239//207
f 239//208 240//208 79//208
f 79//209 241//209 242//209
f 237//210 239//210 79//210
f 237//211 79//211 242//211
f 243//212 244//212 245//212
f 245//213 246//213 247//213
f 247//214 248//214 249//214
f 249//215 243//215 245//215
f 245//216 247//216 249//216
f 250//217 251//217 252//217
f 250//218 252//218 219//218
f 253//219 254//219 255//219
f 253//220 255//220 256//220
f 189//221 257//221 258//221
f 189//222 258//222 190//222
f 251//223 45//223 44//223
f 44//224 259//224 260//224
f 260//225 261//225 262//225
f 262//226 251//226 44//226
f 44//227 260//227 262//227
f 263//228 264//228 265//228
f 265//229 266//229 267//229
f 267//230 268//230 269//230
f 270//231 271//231 272//231
f 267//232 269//232 270//232
f 263//233 265//233 267//233
f 270//234 272//234 273//234
f 273//235 263//235 267//235
f 273//236 267//236 270//236
f 239//237 274//237 275//237
f 239//238 275//238 240//238
f 276//239 277//239 278//239
f 276//240 278//240 279//240
f 198//241 280//241 281//241
f 198//242 281//242 199//242
f 200//243 199//243 281//243
f 281//244 282//244 283//244
f 281//245 283//245 200//245
f 284//246 285//246 286//246
f 287//247 288//247 289//247
f 284//248 286//248 287//248
f 284//249 287//249 289//249
f 290//250 291//250 292//250
f 292//251 293//251 294//251
f 294//252 295//252 290//252
f 292//253 294//253 290//253
f 296//254 182//254 34//254
f 43//255 297//255 298//255
f 296//256 34//256 43//256
f 43//257 298//257 296//257
f 132//258 131//258 299//258
f 132//259 299//259 300//259
f 301//260 302//260 303//260
f 304//261 305//261 306//261
f 301//262 303//262 304//262
f 304//263 306//263 301//263
f 10//264 9//264 283//264
f 283//265 282//265 307//265
f 283//266 307//266 10//266
f 308//267 133//267 132//267
f 132//268 309//268 310//268
f 310//269 311//269 312//269
f 313//270 308//270 132//270
f 310//271 312//271 313//271
f 132//272 310//272 313//272
f 253//273 252//273 314//273
f 253//274 314//274 254//274
f 315//139 316//139 317//139
f 318//275 96//275 315//275
f 315//276 317//276 318//276
f 319//277 320//277 204//277
f 319//278 204//278 321//278
f 322//279 323//279 324//279
f 324//280 325//280 326//280
f 324//281 326//281 322//281
f 327//282 328//282 329//282
f 329//283 324//283 323//283
f 329//284 323//284 327//284
f 330//285 331//285 332//285
f 332//286 333//286 334//286
f 334//287 335//287 336//287
f 337//288 330//288 332//288
f 334//289 336//289 337//289
f 332//290 334//290 337//290
f 338//291 339//291 320//291
f 320//292 319//292 186//292
f 186//293 185//293 340//293
f 340//294 341//294 338//294
f 338//295 320//295 186//295
f 186//296 340//296 338//296
f 166//297 165//297 342//297
f 342//298 343//298 344//298
f 344//299 345//299 166//299
f 342//300 344//300 166//300
f 35//301 181//301 184//301
f 35//302 184//302 37//302
f 346//303 184//303 183//303
f 346//304 183//304 109//304
f 347//305 2//305 1//305
f 1//306 348//306 349//306
f 349//307 107//307 350//307
f 347//308 1//308 349//308
f 347//309 349//309 350//309
f 351//310 352//310 58//310
f 351//311 58//311 57//311
f 353//312 354//312 355//312
f 353//313 355//313 356//313
f 354//314 280//314 357//314
f 354//314 357//314 355//314
f 82//315 81//315 358//315
f 358//316 261//316 260//316
f 260//317 359//317 360//317
f 360//318 361//318 83//318
f 82//319 358//319 260//319
f 360//320 83//320 82//320
f 260//321 360//321 82//321
f 362//322 363//322 364//322
f 362//323 364//323 365//323
f 325//324 366//324 362//324
f 367//325 289//325 325//325
f 362//326 365//326 367//326
f 362//327 367//327 325//327
f 368//328 135//328 138//328
f 368//329 138//329 369//329
f 127//330 134//330 74//330
f 70//331 67//331 370//331
f 127//332 74//332 70//332
f 371//333 128//333 127//333
f 70//334 370//334 371//334
f 70//335 371//335 127//335
f 55//336 58//336 372//336
f 55//337 372//337 56//337
f 373//338 374//338 375//338
f 373//339 375//339 17//339
f 376//340 13//340 377//340
f 378//341 379//341 376//341
f 377//342 378//342 376//342
f 380//343 381//343 382//343
f 383//344 384//344 385//344
f 380//345 382//345 383//345
f 386//346 387//346 380//346
f 383//347 385//347 386//347
f 383//348 386//348 380//348
f 12//349 353//349 356//349
f 12//350 356//350 388//350
f 389//351 74//351 134//351
f 389//352 134//352 133//352
f 390//353 391//353 392//353
f 390//354 392//354 393//354
f 379//355 378//355 84//355
f 83//356 361//356 394//356
f 379//357 84//357 83//357
f 83//358 394//358 379//358
f 395//359 396//359 397//359
f 398//360 399//360 400//360
f 395//361 397//361 398//361
f 401//362 402//362 395//362
f 398//363 400//363 401//363
f 395//364 398//364 401//364
f 403//365 404//365 393//365
f 403//366 393//366 392//366
f 375//367 374//367 405//367
f 406//368 303//368 302//368
f 375//369 405//369 406//369
f 406//370 302//370 375//370
f 407//371 108//371 408//371
f 408//372 409//372 410//372
f 411//373 407//373 408//373
f 408//374 410//374 411//374
f 412//375 413//375 292//375
f 292//376 291//376 414//376
f 292//377 414//377 412//377
f 333//378 415//378 363//378
f 363//379 416//379 334//379
f 363//380 334//380 333//380
f 417//381 148//381 152//381
f 152//382 418//382 419//382
f 419//383 420//383 421//383
f 421//384 417//384 152//384
f 152//385 419//385 421//385
f 306//386 422//386 27//386
f 27//387 14//387 301//387
f 306//388 27//388 301//388
f 30//389 423//389 424//389
f 425//390 426//390 427//390
f 30//391 424//391 425//391
f 33//392 32//392 31//392
f 31//393 30//393 425//393
f 425//394 427//394 33//394
f 425//395 33//395 31//395
f 389//396 133//396 308//396
f 308//397 428//397 429//397
f 430//398 431//398 389//398
f 308//399 429//399 430//399
f 308//400 430//400 389//400
f 241//401 388//401 356//401
f 356//402 432//402 242//402
f 356//403 242//403 241//403
f 433//404 434//404 376//404
f 433//405 376//405 435//405
f 436//406 437//406 438//406
f 438//407 439//407 440//407
f 438//408 440//408 436//408
f 441//409 442//409 443//409
f 441//410 443//410 444//410
f 444//411 443//411 445//411
f 444//412 445//412 446//412
f 447//413 448//413 210//413
f 233//414 232//414 76//414
f 447//415 210//415 233//415
f 441//416 444//416 449//416
f 76//417 442//417 441//417
f 449//418 447//418 233//418
f 233//419 76//419 441//419
f 233//420 441//420 449//420
f 450//421 451//421 452//421
f 450//422 452//422 453//422
f 454//423 422//423 306//423
f 454//424 306//424 305//424
f 449//425 444//425 446//425
f 446//426 455//426 456//426
f 456//427 457//427 449//427
f 449//428 446//428 456//428
f 74//429 389//429 114//429
f 74//430 114//430 73//430
f 458//431 95//431 94//431
f 94//432 459//432 460//432
f 461//433 387//433 386//433
f 94//434 460//434 461//434
f 462//435 458//435 94//435
f 461//436 386//436 462//436
f 94//437 461//437 462//437
f 463//438 464//438 465//438
f 465//439 466//439 467//439
f 467//440 468//440 463//440
f 465//441 467//441 463//441
f 469//442 369//442 138//442
f 138//443 137//443 470//443
f 470//444 471//444 472//444
f 472//445 469//445 138//445
f 138//446 470//446 472//446
f 473//447 474//447 103//447
f 473//448 103//448 102//448
f 91//449 90//449 98//449
f 97//450 96//450 318//450
f 91//451 98//451 97//451
f 94//452 93//452 92//452
f 91//453 97//453 318//453
f 459//454 94//454 92//454
f 92//455 91//455 318//455
f 318//456 414//456 459//456
f 92//457 318//457 459//457
f 309//458 424//458 423//458
f 423//459 475//459 310//459
f 423//460 310//460 309//460
f 4//461 476//461 25//461
f 25//462 24//462 477//462
f 477//463 478//463 5//463
f 4//464 25//464 477//464
f 4//465 477//465 5//465
f 479//466 473//466 480//466
f 105//467 481//467 482//467
f 483//468 422//468 454//468
f 484//469 485//469 483//469
f 454//470 484//470 483//470
f 118//471 117//471 486//471
f 437//472 436//472 487//472
f 118//473 486//473 437//473
f 437//474 487//474 118//474
f 488//475 350//475 107//475
f 488//476 107//476 106//476
f 116//477 119//477 469//477
f 469//478 472//478 481//478
f 481//479 105//479 104//479
f 116//480 469//480 481//480
f 116//481 481//481 104//481
f 198//482 483//482 357//482
f 198//483 357//483 280//483
f 489//484 352//484 351//484
f 489//485 351//485 278//485
f 447//486 449//486 490//486
f 338//487 341//487 491//487
f 491//488 492//488 448//488
f 447//489 490//489 338//489
f 491//490 448//490 447//490
f 447//491 338//491 491//491
f 408//492 348//492 1//492
f 1//493 7//493 121//493
f 493//494 408//494 1//494
f 1//495 121//495 493//495
f 265//496 494//496 495//496
f 496//497 497//497 498//497
f 265//498 495//498 496//498
f 499//499 266//499 265//499
f 496//500 498//500 500//500
f 500//501 499//501 265//501
f 265//502 496//502 500//502
f 501//503 490//503 428//503
f 428//504 308//504 313//504
f 428//505 313//505 501//505
f 6//506 5//506 478//506
f 6//507 478//507 120//507
f 502//508 503//508 504//508
f 504//509 156//509 163//509
f 163//510 162//510 505//510
f 505//511 506//511 507//511
f 502//512 504//512 163//512
f 505//513 507//513 502//513
f 502//514 163//514 505//514
f 508//515 509//515 510//515
f 510//516 194//516 193//516
f 193//517 511//517 454//517
f 454//518 305//518 304//518
f 508//519 510//519 193//519
f 454//520 304//520 508//520
f 193//521 454//521 508//521
f 267//522 512//522 513//522
f 513//523 413//523 412//523
f 514//524 267//524 513//524
f 513//525 412//525 514//525
f 488//526 106//526 196//526
f 488//527 196//527 99//527
f 106//528 109//528 183//528
f 106//529 183//529 196//529
f 515//530 516//530 517//530
f 515//531 517//531 373//531
f 518//532 519//532 417//532
f 417//533 421//533 520//533
f 520//59 521//59 518//59
f 417//534 520//534 518//534
f 522//535 523//535 524//535
f 524//536 525//536 401//536
f 526//537 522//537 524//537
f 524//538 401//538 526//538
f 491//539 527//539 528//539
f 491//540 528//540 492//540
f 448//541 492//541 211//541
f 448//542 211//542 210//542
f 178//543 176//543 207//543
f 207//544 48//544 47//544
f 207//545 47//545 178//545
f 3//546 2//546 347//546
f 347//547 529//547 101//547
f 101//548 530//548 531//548
f 531//549 149//549 148//549
f 148//550 532//550 3//550
f 3//551 347//551 101//551
f 101//552 531//552 148//552
f 101//553 148//553 3//553
f 234//554 236//554 235//554
f 234//555 235//555 533//555
f 225//556 224//556 231//556
f 234//557 533//557 534//557
f 534//558 225//558 231//558
f 234//559 534//559 231//559
f 213//560 258//560 257//560
f 213//561 257//561 235//561
f 391//562 533//562 235//562
f 391//563 235//563 257//563
f 511//564 193//564 192//564
f 535//565 536//565 537//565
f 511//566 192//566 535//566
f 484//567 454//567 511//567
f 511//568 535//568 537//568
f 511//569 537//569 484//569
f 538//570 245//570 244//570
f 539//571 540//571 541//571
f 538//572 244//572 539//572
f 285//573 226//573 538//573
f 288//574 287//574 286//574
f 286//575 285//575 538//575
f 538//576 539//576 541//576
f 541//577 542//577 543//577
f 543//578 544//578 545//578
f 545//579 546//579 547//579
f 547//580 326//580 288//580
f 286//581 538//581 541//581
f 547//582 288//582 286//582
f 543//583 545//583 547//583
f 286//584 541//584 543//584
f 543//585 547//585 286//585
f 262//586 261//586 358//586
f 358//587 81//587 80//587
f 80//588 255//588 254//588
f 254//589 314//589 262//589
f 262//590 358//590 80//590
f 80//591 254//591 262//591
f 392//592 189//592 195//592
f 392//593 195//593 403//593
f 240//594 275//594 548//594
f 548//595 256//595 255//595
f 255//596 80//596 79//596
f 79//597 240//597 548//597
f 548//598 255//598 79//598
f 251//599 250//599 46//599
f 251//600 46//600 45//600
f 537//601 549//601 485//601
f 537//602 485//602 484//602
f 535//603 192//603 191//603
f 535//604 191//604 550//604
f 489//605 278//605 277//605
f 489//606 277//606 551//606
f 4//607 3//607 532//607
f 532//608 552//608 476//608
f 532//609 476//609 4//609
f 433//610 553//610 8//610
f 8//611 11//611 434//611
f 8//612 434//612 433//612
f 515//613 554//613 555//613
f 555//614 276//614 516//614
f 555//615 516//615 515//615
f 545//616 57//616 60//616
f 60//617 59//617 61//617
f 222//618 221//618 556//618
f 60//619 61//619 222//619
f 546//620 545//620 60//620
f 326//621 547//621 546//621
f 327//622 323//622 322//622
f 322//623 326//623 546//623
f 546//624 60//624 222//624
f 222//625 556//625 327//625
f 327//626 322//626 546//626
f 222//627 327//627 546//627
f 557//628 558//628 86//628
f 86//629 559//629 560//629
f 560//630 382//630 381//630
f 557//631 86//631 560//631
f 557//632 560//632 381//632
f 435//633 561//633 352//633
f 435//634 352//634 489//634
f 491//635 341//635 340//635
f 491//636 340//636 562//636
f 563//637 556//637 221//637
f 221//638 220//638 564//638
f 221//639 564//639 563//639
f 565//640 566//640 321//640
f 321//641 204//641 206//641
f 321//642 206//642 565//642
f 567//643 568//643 443//643
f 443//644 442//644 569//644
f 569//645 75//645 567//645
f 443//646 569//646 567//646
f 570//647 571//647 337//647
f 570//648 337//648 336//648
f 572//649 573//649 574//649
f 574//650 570//650 336//650
f 335//651 334//651 416//651
f 574//652 336//652 335//652
f 575//653 572//653 574//653
f 416//654 576//654 575//654
f 574//655 335//655 416//655
f 416//656 575//656 574//656
f 284//657 228//657 227//657
f 227//658 226//658 285//658
f 227//659 285//659 284//659
f 442//660 76//660 75//660
f 442//661 75//661 569//661
f 357//662 483//662 485//662
f 357//663 485//663 577//663
f 517//664 516//664 276//664
f 517//665 276//665 279//665
f 332//666 578//666 440//666
f 579//667 580//667 415//667
f 332//668 440//668 579//668
f 579//669 415//669 333//669
f 579//670 333//670 332//670
f 581//671 351//671 57//671
f 581//672 57//672 545//672
f 555//673 554//673 582//673
f 582//674 201//674 200//674
f 200//675 283//675 9//675
f 9//676 8//676 553//676
f 553//677 583//677 555//677
f 555//678 582//678 200//678
f 200//679 9//679 553//679
f 200//680 553//680 555//680
f 542//681 584//681 544//681
f 542//682 544//682 543//682
f 12//683 388//683 377//683
f 12//684 377//684 13//684
f 405//685 374//685 585//685
f 585//686 544//686 584//686
f 585//687 584//687 405//687
f 586//688 475//688 423//688
f 338//689 490//689 501//689
f 587//690 588//690 589//690
f 338//691 501//691 587//691
f 586//692 423//692 339//692
f 590//693 591//693 586//693
f 338//694 587//694 589//694
f 590//695 586//695 339//695
f 338//696 589//696 590//696
f 339//697 338//697 590//697
f 592//698 465//698 464//698
f 592//699 464//699 331//699
f 522//700 135//700 368//700
f 522//701 368//701 578//701
f 13//702 376//702 434//702
f 13//703 434//703 11//703
f 249//704 406//704 405//704
f 412//705 414//705 318//705
f 318//706 593//706 594//706
f 594//707 514//707 412//707
f 318//708 594//708 412//708
f 446//709 445//709 595//709
f 595//710 431//710 455//710
f 595//711 455//711 446//711
f 420//712 268//712 594//712
f 594//713 593//713 521//713
f 520//714 421//714 420//714
f 594//715 521//715 520//715
f 594//716 520//716 420//716
f 596//717 597//717 383//717
f 382//718 560//718 559//718
f 596//719 383//719 382//719
f 596//720 382//720 559//720
f 104//721 103//721 598//721
f 104//722 598//722 117//722
f 428//723 490//723 449//723
f 457//724 456//724 455//724
f 428//725 449//725 457//725
f 431//726 430//726 429//726
f 429//727 428//727 457//727
f 457//728 455//728 431//728
f 457//729 431//729 429//729
f 599//730 411//730 410//730
f 410//731 600//731 601//731
f 410//732 601//732 599//732
f 440//733 578//733 368//733
f 368//734 602//734 118//734
f 487//735 436//735 440//735
f 368//736 118//736 487//736
f 368//737 487//737 440//737
f 592//738 331//738 330//738
f 330//739 603//739 604//739
f 605//740 600//740 592//740
f 330//741 604//741 605//741
f 330//742 605//742 592//742
f 191//743 190//743 258//743
f 258//744 213//744 212//744
f 606//745 607//745 528//745
f 258//746 212//746 606//746
f 550//747 191//747 258//747
f 536//748 535//748 550//748
f 549//749 537//749 536//749
f 577//750 485//750 549//750
f 608//751 609//751 577//751
f 528//752 527//752 608//752
f 550//753 258//753 606//753
f 606//754 528//754 608//754
f 608//755 577//755 549//755
f 549//756 536//756 550//756
f 550//757 606//757 608//757
f 608//758 549//758 550//758
f 187//759 186//759 319//759
f 319//760 321//760 566//760
f 319//761 566//761 187//761
f 610//762 611//762 385//762
f 385//763 384//763 525//763
f 525//764 524//764 467//764
f 467//765 612//765 613//765
f 613//766 610//766 385//766
f 525//767 467//767 613//767
f 385//768 525//768 613//768
f 120//769 478//769 466//769
f 120//770 466//770 465//770
f 614//771 615//771 616//771
f 616//772 497//772 496//772
f 495//773 494//773 617//773
f 616//774 496//774 495//774
f 617//775 614//775 616//775
f 616//776 495//776 617//776
f 618//777 619//777 407//777
f 618//778 407//778 620//778
f 620//779 407//779 411//779
f 620//780 411//780 599//780
f 621//781 622//781 176//781
f 175//782 174//782 623//782
f 621//783 176//783 175//783
f 618//784 620//784 624//784
f 623//785 619//785 618//785
f 624//786 621//786 175//786
f 175//787 623//787 618//787
f 175//788 618//788 624//788
f 624//789 620//789 599//789
f 599//790 601//790 625//790
f 625//791 626//791 624//791
f 624//792 599//792 625//792
f 299//793 451//793 450//793
f 299//794 450//794 300//794
f 627//795 628//795 451//795
f 627//796 451//796 299//796
f 87//797 504//797 629//797
f 629//798 630//798 88//798
f 629//799 88//799 87//799
f 476//800 552//800 315//800
f 96//801 25//801 476//801
f 476//802 315//802 96//802
f 350//803 488//803 529//803
f 488//804 99//804 101//804
f 488//805 101//805 529//805
f 480//806 631//806 479//806
f 552//807 532//807 519//807
f 519//808 518//808 317//808
f 317//809 316//809 315//809
f 315//810 552//810 519//810
f 519//811 317//811 315//811
f 443//812 568//812 110//812
f 110//813 632//813 595//813
f 445//814 443//814 110//814
f 110//815 595//815 445//815
f 354//816 282//816 281//816
f 354//817 281//817 280//817
f 474//818 633//818 568//818
f 474//819 568//819 567//819
f 351//820 581//820 279//820
f 351//820 279//820 278//820
f 110//821 568//821 633//821
f 633//822 634//822 111//822
f 633//823 111//823 110//823
f 635//824 471//824 470//824
f 470//825 636//825 637//825
f 470//826 637//826 635//826
f 418//827 152//827 151//827
f 638//828 269//828 418//828
f 638//829 418//829 151//829
f 576//830 416//830 363//830
f 639//831 640//831 571//831
f 570//832 574//832 573//832
f 639//833 571//833 570//833
f 576//834 363//834 362//834
f 572//835 575//835 576//835
f 639//836 570//836 573//836
f 572//837 576//837 362//837
f 639//838 573//838 572//838
f 362//839 639//839 572//839
f 641//840 642//840 638//840
f 638//841 151//841 150//841
f 150//842 643//842 628//842
f 641//843 638//843 150//843
f 150//844 628//844 641//844
f 263//845 273//845 272//845
f 271//846 270//846 269//846
f 264//847 263//847 272//847
f 271//848 269//848 638//848
f 265//849 264//849 272//849
f 271//850 638//850 644//850
f 271//851 644//851 645//851
f 494//852 265//852 272//852
f 272//853 271//853 645//853
f 646//854 647//854 617//854
f 272//855 645//855 646//855
f 646//856 617//856 494//856
f 272//857 646//857 494//857
f 648//858 453//858 452//858
f 452//859 643//859 150//859
f 150//860 149//860 531//860
f 531//861 648//861 452//861
f 452//862 150//862 531//862
f 649//863 650//863 651//863
f 652//864 89//864 649//864
f 652//865 649//865 651//865
f 109//866 108//866 407//866
f 407//867 619//867 653//867
f 653//868 346//868 109//868
f 407//869 653//869 109//869
f 342//870 635//870 637//870
f 637//871 651//871 650//871
f 650//872 649//872 343//872
f 343//873 342//873 637//873
f 637//874 650//874 343//874
f 195//875 194//875 510//875
f 510//876 509//876 248//876
f 248//877 247//877 404//877
f 404//878 403//878 195//878
f 195//879 510//879 248//879
f 248//880 404//880 195//880
f 165//881 164//881 635//881
f 165//882 635//882 342//882
f 223//883 61//883 51//883
f 223//884 51//884 208//884
f 622//885 208//885 207//885
f 622//886 207//886 176//886
f 606//887 212//887 211//887
f 211//888 492//888 528//888
f 607//889 606//889 211//889
f 211//890 528//890 607//890
f 47//891 46//891 250//891
f 47//892 250//892 179//892
f 469//893 119//893 118//893
f 602//894 368//894 369//894
f 469//895 118//895 602//895
f 469//896 602//896 369//896
f 408//299 493//299 121//299
f 121//897 592//897 600//897
f 600//898 410//898 409//898
f 409//899 408//899 121//899
f 121//900 600//900 409//900
f 467//901 524//901 523//901
f 523//902 654//902 655//902
f 655//903 468//903 467//903
f 523//904 655//904 467//904
f 219//905 218//905 179//905
f 219//906 179//906 250//906
f 359//907 260//907 259//907
f 54//908 53//908 56//908
f 359//909 259//909 54//909
f 372//910 360//910 359//910
f 359//911 54//911 56//911
f 359//912 56//912 372//912
f 390//913 393//913 246//913
f 390//914 246//914 656//914
f 257//915 189//915 392//915
f 257//916 392//916 391//916
f 529//917 347//917 350//917
f 252//918 251//918 262//918
f 252//919 262//919 314//919
f 427//920 300//920 450//920
f 450//921 657//921 296//921
f 298//922 297//922 427//922
f 450//923 296//923 298//923
f 450//924 298//924 427//924
f 54//925 259//925 44//925
f 54//926 44//926 52//926
f 526//927 136//927 135//927
f 526//928 135//928 522//928
f 371//929 370//929 658//929
f 658//930 616//930 615//930
f 615//931 659//931 371//931
f 658//932 615//932 371//932
f 463//104 468//104 655//104
f 654//933 523//933 332//933
f 463//934 655//934 654//934
f 332//935 331//935 464//935
f 464//936 463//936 654//936
f 654//937 332//937 464//937
f 660//938 355//938 357//938
f 660//939 357//939 577//939
f 216//940 219//940 252//940
f 216//941 252//941 253//941
f 661//942 662//942 596//942
f 596//943 559//943 86//943
f 86//944 89//944 652//944
f 663//945 664//945 665//945
f 86//946 652//946 663//946
f 661//947 596//947 86//947
f 663//948 665//948 666//948
f 666//949 661//949 86//949
f 666//950 86//950 663//950
f 667//951 512//951 267//951
f 267//952 266//952 499//952
f 499//953 500//953 498//953
f 667//954 267//954 499//954
f 667//955 499//955 498//955
f 668//956 506//956 505//956
f 505//957 669//957 670//957
f 670//958 498//958 497//958
f 497//959 616//959 658//959
f 658//960 671//960 672//960
f 672//961 673//961 668//961
f 668//962 505//962 670//962
f 670//963 497//963 658//963
f 658//964 672//964 668//964
f 668//965 670//965 658//965
f 373//966 517//966 585//966
f 373//967 585//967 374//967
f 223//968 674//968 564//968
f 223//969 564//969 220//969
f 562//970 675//970 676//970
f 676//971 527//971 491//971
f 562//972 676//972 491//972
f 590//973 589//973 588//973
f 588//974 587//974 501//974
f 501//975 313//975 312//975
f 311//976 310//976 475//976
f 501//977 312//977 311//977
f 590//978 588//978 501//978
f 475//979 586//979 591//979
f 591//980 590//980 501//980
f 501//981 311//981 475//981
f 501//982 475//982 591//982
f 451//983 628//983 643//983
f 451//984 643//984 452//984
f 619//985 623//985 346//985
f 619//986 346//986 653//986
f 623//987 174//987 38//987
f 623//988 38//988 37//988
f 544//989 585//989 581//989
f 544//990 581//990 545//990
f 558//991 294//991 293//991
f 293//992 87//992 86//992
f 293//993 86//993 558//993
f 215//994 548//994 275//994
f 274//995 239//995 238//995
f 215//996 275//996 274//996
f 677//997 171//997 215//997
f 205//998 678//998 679//998
f 679//999 677//999 215//999
f 215//1000 274//1000 238//1000
f 238//1001 237//1001 680//1001
f 680//1002 432//1002 660//1002
f 660//1003 681//1003 682//1003
f 682//1004 206//1004 205//1004
f 679//1005 215//1005 238//1005
f 682//1006 205//1006 679//1006
f 680//1007 660//1007 682//1007
f 679//1008 238//1008 680//1008
f 680//1009 682//1009 679//1009
f 339//1010 423//1010 30//1010
f 339//1011 30//1011 42//1011
f 204//1012 320//1012 339//1012
f 41//1013 203//1013 204//1013
f 339//1014 42//1014 41//1014
f 339//1015 41//1015 204//1015
f 377//1016 388//1016 241//1016
f 85//1017 84//1017 378//1017
f 377//1018 241//1018 85//1018
f 85//1019 378//1019 377//1019
f 158//1020 157//1020 293//1020
f 293//1021 292//1021 413//1021
f 513//1022 512//1022 159//1022
f 293//1023 413//1023 513//1023
f 513//1024 159//1024 158//1024
f 293//1025 513//1025 158//1025
f 27//1026 422//1026 483//1026
f 27//1027 483//1027 198//1027
f 10//1028 307//1028 353//1028
f 10//1029 353//1029 12//1029
f 299//1030 131//1030 659//1030
f 659//1031 615//1031 614//1031
f 627//1032 299//1032 659//1032
f 659//1033 614//1033 627//1033
f 611//1034 610//1034 613//1034
f 612//1035 467//1035 466//1035
f 611//1036 613//1036 612//1036
f 466//1037 23//1037 611//1037
f 611//1038 612//1038 466//1038
f 683//1039 684//1039 648//1039
f 648//1040 531//1040 530//1040
f 530//1041 100//1041 197//1041
f 683//1042 648//1042 530//1042
f 683//1043 530//1043 197//1043
f 136//1044 526//1044 401//1044
f 401//1045 400//1045 685//1045
f 401//1046 685//1046 136//1046
f 603//1047 640//1047 624//1047
f 626//1048 625//1048 601//1048
f 603//1049 624//1049 626//1049
f 600//1050 605//1050 604//1050
f 604//1051 603//1051 626//1051
f 626//1052 601//1052 600//1052
f 626//1053 600//1053 604//1053
f 317//1054 518//1054 521//1054
f 521//1055 593//1055 318//1055
f 521//1056 318//1056 317//1056
f 110//59 115//59 114//59
f 114//1057 389//1057 431//1057
f 431//1058 595//1058 632//1058
f 632//1059 110//1059 114//1059
f 114//1060 431//1060 632//1060
f 140//1061 139//1061 147//1061
f 146//1062 145//1062 629//1062
f 140//1063 147//1063 146//1063
f 143//1064 142//1064 141//1064
f 140//1065 146//1065 629//1065
f 503//1066 143//1066 141//1066
f 141//1067 140//1067 629//1067
f 629//1068 504//1068 503//1068
f 141//1069 629//1069 503//1069
f 371//1070 659//1070 131//1070
f 131//1071 130//1071 129//1071
f 129//1072 128//1072 371//1072
f 131//1073 129//1073 371//1073
f 123//1074 122//1074 631//1074
f 631//1075 480//1075 482//1075
f 482//1076 481//1076 472//1076
f 472//1077 471//1077 635//1077
f 635//1078 164//1078 123//1078
f 123//1079 631//1079 482//1079
f 482//1080 472//1080 635//1080
f 482//1081 635//1081 123//1081
f 582//1082 554//1082 515//1082
f 582//1083 515//1083 16//1083
f 26//1084 201//1084 582//1084
f 582//1085 16//1085 15//1085
f 582//1086 15//1086 26//1086
f 373//1087 17//1087 16//1087
f 373//1088 16//1088 515//1088
f 249//1089 248//1089 509//1089
f 509//1090 508//1090 304//1090
f 304//1091 303//1091 406//1091
f 406//1092 249//1092 509//1092
f 509//1093 304//1093 406//1093
f 519//1094 532//1094 148//1094
f 519//1095 148//1095 417//1095
f 438//1096 686//1096 364//1096
f 364//1097 687//1097 688//1097
f 688//1098 439//1098 438//1098
f 438//1099 364//1099 688//1099
f 486//1100 689//1100 690//1100
f 486//1101 690//1101 686//1101
f 364//1102 686//1102 690//1102
f 690//1103 689//1103 77//1103
f 77//1104 230//1104 229//1104
f 229//1105 228//1105 367//1105
f 365//1106 364//1106 690//1106
f 690//1107 77//1107 229//1107
f 229//1108 367//1108 365//1108
f 365//1109 690//1109 229//1109
f 437//1110 486//1110 686//1110
f 437//1111 686//1111 438//1111
f 23//1112 466//1112 478//1112
f 478//299 477//299 24//299
f 478//1113 24//1113 23//1113
f 245//1114 538//1114 656//1114
f 245//1115 656//1115 246//1115
f 621//1116 624//1116 640//1116
f 639//1117 674//1117 223//1117
f 223//1118 208//1118 622//1118
f 621//1119 640//1119 639//1119
f 223//1120 622//1120 621//1120
f 621//1121 639//1121 223//1121
f 628//1122 627//1122 614//1122
f 614//1123 642//1123 641//1123
f 614//1124 641//1124 628//1124
f 267//1125 514//1125 594//1125
f 267//1126 594//1126 268//1126
f 647//1127 646//1127 645//1127
f 644//1128 638//1128 642//1128
f 647//1129 645//1129 644//1129
f 614//1130 617//1130 647//1130
f 644//1131 642//1131 614//1131
f 647//1132 644//1132 614//1132
f 649//1133 89//1133 88//1133
f 88//1134 630//1134 345//1134
f 344//1135 343//1135 649//1135
f 88//1136 345//1136 344//1136
f 88//1137 344//1137 649//1137
f 465//1138 592//1138 121//1138
f 465//1139 121//1139 120//1139
f 102//1140 105//1140 482//1140
f 100//1141 530//1141 101//1141
f 482//1142 480//1142 473//1142
f 482//1143 473//1143 102//1143
f 473//1144 479//1144 633//1144
f 473//1145 633//1145 474//1145
f 197//1146 196//1146 183//1146
f 197//1147 183//1147 182//1147
f 631//1148 122//1148 112//1148
f 112//1149 111//1149 634//1149
f 634//1150 633//1150 479//1150
f 631//1151 112//1151 634//1151
f 631//1152 634//1152 479//1152
f 648//1153 684//1153 296//1153
f 657//1154 450//1154 453//1154
f 648//1155 296//1155 657//1155
f 648//1156 657//1156 453//1156
f 408//1157 108//1157 107//1157
f 107//1158 349//1158 348//1158
f 107//1159 348//1159 408//1159
f 113//1160 126//1160 73//1160
f 113//1161 73//1161 114//1161
f 583//1162 551//1162 277//1162
f 277//1163 276//1163 555//1163
f 277//1164 555//1164 583//1164
f 124//1165 153//1165 69//1165
f 69//1166 68//1166 72//1166
f 72//1167 71//1167 125//1167
f 124//1168 69//1168 72//1168
f 124//1169 72//1169 125//1169
f 126//1170 125//1170 71//1170
f 126//1171 71//1171 73//1171
f 661//1172 666//1172 665//1172
f 664//1173 663//1173 652//1173
f 662//1174 661//1174 665//1174
f 664//1175 652//1175 399//1175
f 596//1176 662//1176 665//1176
f 664//1177 399//1177 398//1177
f 664//1178 398//1178 397//1178
f 597//1179 596//1179 665//1179
f 665//1180 664//1180 397//1180
f 396//1181 395//1181 402//1181
f 665//1182 397//1182 396//1182
f 396//1183 402//1183 597//1183
f 665//1184 396//1184 597//1184
f 124//1185 123//1185 164//1185
f 164//1186 154//1186 153//1186
f 164//1187 153//1187 124//1187
f 651//1188 637//1188 636//1188
f 399//1189 652//1189 651//1189
f 399//1190 651//1190 636//1190
f 414//1191 291//1191 290//1191
f 290//1192 691//1192 692//1192
f 693//1193 380//1193 387//1193
f 387//1194 461//1194 460//1194
f 460//1195 459//1195 414//1195
f 414//1196 290//1196 692//1196
f 693//1197 387//1197 460//1197
f 460//1198 414//1198 692//1198
f 692//1199 693//1199 460//1199
f 167//1200 166//1200 345//1200
f 345//1201 630//1201 629//1201
f 345//1202 629//1202 167//1202
f 155//809 168//809 167//809
f 629//1203 145//1203 155//1203
f 155//1204 167//1204 629//1204
f 694//1205 689//1205 486//1205
f 486//1206 117//1206 598//1206
f 598//1207 78//1207 694//1207
f 694//1208 486//1208 598//1208
f 474//1209 567//1209 598//1209
f 474//1210 598//1210 103//1210
f 563//1211 328//1211 327//1211
f 563//1212 327//1212 556//1212
f 691//1213 290//1213 295//1213
f 295//1214 294//1214 558//1214
f 557//1215 381//1215 380//1215
f 295//1216 558//1216 557//1216
f 693//1217 692//1217 691//1217
f 691//1218 295//1218 557//1218
f 557//1219 380//1219 693//1219
f 691//1220 557//1220 693//1220
f 386//1221 385//1221 611//1221
f 611//1222 23//1222 22//1222
f 22//1223 95//1223 458//1223
f 458//1224 462//1224 386//1224
f 611//1225 22//1225 458//1225
f 611//1226 458//1226 386//1226
f 435//1227 489//1227 551//1227
f 435//1228 551//1228 433//1228
f 583//1229 553//1229 433//1229
f 583//1230 433//1230 551//1230
f 367//1231 228//1231 284//1231
f 367//1232 284//1232 289//1232
f 325//1233 289//1233 288//1233
f 325//1234 288//1234 326//1234
f 202//1235 677//1235 679//1235
f 678//1236 205//1236 203//1236
f 202//1237 679//1237 678//1237
f 202//1238 678//1238 203//1238
f 202//1239 40//1239 172//1239
f 172//1240 171//1240 677//1240
f 172//1241 677//1241 202//1241
f 226//1242 225//1242 656//1242
f 226//1243 656//1243 538//1243
f 391//1244 390//1244 534//1244
f 391//1245 534//1245 533//1245
f 177//1246 180//1246 179//1246
f 177//1247 179//1247 218//1247
f 170//1248 169//1248 173//1248
f 177//1249 218//1249 217//1249
f 217//1250 170//1250 173//1250
f 177//1251 217//1251 173//1251
f 225//1252 534//1252 390//1252
f 225//1253 390//1253 656//1253
f 542//1254 541//1254 540//1254
f 540//1255 243//1255 249//1255
f 249//1256 405//1256 584//1256
f 542//1257 540//1257 249//1257
f 542//1258 249//1258 584//1258
f 639//1259 362//1259 366//1259
f 366//1260 329//1260 328//1260
f 328//1261 563//1261 564//1261
f 564//1262 674//1262 639//1262
f 639//1263 366//1263 328//1263
f 328//1264 564//1264 639//1264
f 216//1265 253//1265 256//1265
f 216//1266 256//1266 214//1266
f 393//1267 404//1267 247//1267
f 393//1268 247//1268 246//1268
f 548//1269 215//1269 214//1269
f 548//1270 214//1270 256//1270
f 540//1271 539//1271 244//1271
f 540//1272 244//1272 243//1272
f 402//1273 401//1273 525//1273
f 384//1274 383//1274 597//1274
f 402//1275 525//1275 384//1275
f 402//1276 384//1276 597//1276
f 353//1277 307//1277 282//1277
f 353//1278 282//1278 354//1278
f 683//1279 197//1279 182//1279
f 182//1280 296//1280 684//1280
f 182//1281 684//1281 683//1281
f 672//1282 144//1282 143//1282
f 143//1283 503//1283 502//1283
f 507//1284 506//1284 668//1284
f 143//1285 502//1285 507//1285
f 673//1286 672//1286 143//1286
f 507//1287 668//1287 673//1287
f 143//1288 507//1288 673//1288
f 329//1289 366//1289 325//1289
f 329//1290 325//1290 324//1290
f 185//1291 188//1291 675//1291
f 675//1292 562//1292 340//1292
f 675//1293 340//1293 185//1293
f 681//1294 660//1294 577//1294
f 609//1295 608//1295 527//1295
f 681//1296 577//1296 609//1296
f 206//1297 682//1297 681//1297
f 187//1298 566//1298 565//1298
f 565//1299 206//1299 681//1299
f 681//1300 609//1300 527//1300
f 676//1301 675//1301 188//1301
f 681//1302 527//1302 676//1302
f 187//1303 565//1303 681//1303
f 676//1304 188//1304 187//1304
f 676//1305 187//1305 681//1305
f 75//1306 78//1306 598//1306
f 75//1307 598//1307 567//1307
f 332//1308 523//1308 522//1308
f 332//1309 522//1309 578//1309
f 689//1310 694//1310 78//1310
f 689//1311 78//1311 77//1311
f 346//1312 623//1312 37//1312
f 346//1313 37//1313 184//1313
f 76//1314 232//1314 230//1314
f 76//1315 230//1315 77//1315
f 517//1316 279//1316 581//1316
f 517//1317 581//1317 585//1317
f 156//1318 504//1318 87//1318
f 87//1319 293//1319 157//1319
f 87//1320 157//1320 156//1320
f 79//1321 85//1321 241//1321
f 237//1322 242//1322 432//1322
f 237//1323 432//1323 680//1323
f 360//1324 561//1324 394//1324
f 360//1325 394//1325 361//1325
f 432//1326 356//1326 355//1326
f 432//1327 355//1327 660//1327
f 352//1328 561//1328 360//1328
f 372//1329 58//1329 352//1329
f 360//1330 372//1330 352//1330
f 671//1331 658//1331 370//1331
f 370//1332 67//1332 66//1332
f 66//1333 144//1333 672//1333
f 672//1334 671//1334 370//1334
f 370//1335 66//1335 672//1335
f 685//1336 400//1336 399//1336
f 399//1337 636//1337 470//1337
f 470//1338 137//1338 136//1338
f 685//1339 399//1339 470//1339
f 470//1340 136//1340 685//1340
f 394//1341 561//1341 435//1341
f 435//1342 376//1342 379//1342
f 394//1343 435//1343 379//1343
f 420//1344 419//1344 418//1344
f 269//1345 268//1345 420//1345
f 269//1346 420//1346 418//1346
f 301//1347 14//1347 17//1347
f 17//1348 375//1348 302//1348
f 17//1349 302//1349 301//1349
f 160//1350 159//1350 512//1350
f 667//1351 498//1351 670//1351
f 160//1352 512//1352 667//1352
f 162//1353 161//1353 160//1353
f 669//1354 505//1354 162//1354
f 667//1355 670//1355 669//1355
f 162//1356 160//1356 667//1356
f 667//1357 669//1357 162//1357
f 571//1358 640//1358 603//1358
f 603//1359 330//1359 337//1359
f 603//1360 337//1360 571//1360
f 364//1361 363//1361 415//1361
f 580//1362 579//1362 440//1362
f 364//1363 415//1363 580//1363
f 439//1364 688//1364 687//1364
f 687//1365 364//1365 580//1365
f 580//1366 440//1366 439//1366
f 580//1367 439//1367 687//1367
f 132//1368 300//1368 427//1368
f 426//1369 425//1369 424//1369
f 132//1370 427//1370 426//1370
f 426//1371 424//1371 309//1371
f 426//1372 309//1372 132//1372
f 297//1373 43//1373 28//1373
f 28//1374 33//1374 427//1374
f 28//1375 427//1375 297//1375
#1384 polygons
