####
#
# OBJ File Generated by Meshlab
#
####
# Object racket.obj
#
# Vertices: 694
# Faces: 1384
#
####
vn 1.6639220 3.9110532 -3.9632361
v -0.1248557 0.0726757 -0.0055028 0.588235 0.588235 0.588235
vn 0.6319680 1.7662194 -5.6269116
v -0.1248557 0.0725788 -0.0055590 0.588235 0.588235 0.588235
vn -0.8396554 1.4984324 -5.7663679
v -0.2110170 0.0729513 -0.0055590 1.000000 0.000000 0.000000
vn -1.8536041 3.9101615 -4.0253921
v -0.2110170 0.0730594 -0.0055028 0.588235 0.588235 0.588235
vn -0.7467993 2.8305421 -4.3977666
v -0.2026179 0.0760527 -0.0055028 0.588235 0.588235 0.588235
vn -0.0618686 2.9257050 -4.2328339
v -0.1730545 0.0811055 -0.0055028 0.588235 0.588235 0.588235
vn 0.8010076 2.8229091 -4.2335172
v -0.1322527 0.0758292 -0.0055028 0.588235 0.588235 0.588235
vn 5.6126032 -0.3779624 -1.8347055
v -0.0008186 -0.0080859 -0.0127784 0.588235 0.588235 0.588235
vn 5.5927038 -1.1488433 -1.5381632
v -0.0008308 -0.0100984 -0.0120160 0.588235 0.588235 0.588235
vn 3.2586884 -2.4634771 -3.7273018
v -0.0010788 -0.0103658 -0.0123058 0.588235 0.588235 0.588235
vn 3.1854720 -0.9305137 -4.5970936
v -0.0010757 -0.0081563 -0.0131468 0.588235 0.588235 0.588235
vn 0.6234285 -3.1455088 -5.0462356
v -0.0015003 -0.0104433 -0.0123936 0.588235 0.588235 0.588235
vn 0.6405522 -1.1783779 -5.8740535
v -0.0015003 -0.0081695 -0.0132611 0.588235 0.588235 0.588235
vn 0.6897334 -0.6755400 5.9647245
v -0.0015003 -0.0056069 0.0137122 0.588235 0.588235 0.588235
vn 3.7116866 -0.4272069 3.2030835
v -0.0010706 -0.0056355 0.0135856 0.588235 0.588235 0.588235
vn 3.1862657 0.9317473 4.5968385
v -0.0010757 0.0081563 0.0131468 0.588235 0.588235 0.588235
vn 0.7025973 1.2198255 5.8740945
v -0.0015003 0.0081695 0.0132611 0.588235 0.588235 0.588235
vn -3.7859683 4.9226904 -0.1798764
v -0.2309087 0.0617405 -0.0052365 0.588235 0.588235 0.588235
vn -2.1696868 2.2457018 -2.8292229
v -0.2361114 0.0572909 -0.0052365 0.588235 0.588235 0.588235
vn -4.3323021 4.5407138 -0.0097156
v -0.2359992 0.0571817 -0.0026800 0.588235 0.588235 0.588235
vn -3.7412882 5.0352683 -0.0309752
v -0.2308168 0.0616251 -0.0026800 0.588235 0.588235 0.588235
vn -2.5511808 3.4546435 2.5665114
v -0.2308199 0.0616292 -0.0026034 0.588235 0.588235 0.588235
vn -2.8495142 5.4817600 -0.8012457
v -0.2184232 0.0695834 -0.0026034 0.588235 0.588235 0.588235
vn -1.4327996 2.7694502 -2.8304045
v -0.2184640 0.0696885 -0.0054018 0.588235 0.588235 0.588235
vn -3.5982108 4.5832343 -1.6458371
v -0.2309087 0.0617211 -0.0054018 0.588235 0.588235 0.588235
vn 3.1500440 -2.0554962 3.9466639
v -0.0010788 -0.0103658 0.0123058 0.588235 0.588235 0.588235
vn 0.6346906 -2.8746467 5.1089706
v -0.0015003 -0.0104433 0.0123936 0.588235 0.588235 0.588235
vn 3.3842766 -3.8602574 -3.4712920
v -0.1082329 -0.0606260 -0.0026524 0.588235 0.588235 0.588235
vn 3.4620728 -3.0847309 -4.0794997
v -0.1077339 -0.0601453 -0.0026494 0.588235 0.588235 0.588235
vn 3.3810537 -2.8845956 -4.1969981
v -0.1077298 -0.0602668 -0.0025881 0.588235 0.588235 0.588235
vn 2.5807493 -3.0907516 -3.3244216
v -0.1112936 -0.0633019 -0.0026065 0.588235 0.588235 0.588235
vn 3.5032399 -4.1025786 -1.9180750
v -0.1093127 -0.0616170 -0.0026157 0.588235 0.588235 0.588235
vn 1.4414750 -1.6779625 -5.2999830
v -0.1093270 -0.0615843 -0.0026514 0.588235 0.588235 0.588235
vn 4.4094415 -3.9233704 -1.6519957
v -0.1077461 -0.0601198 -0.0026963 0.588235 0.588235 0.588235
vn 4.6953635 -2.2697523 -3.1959913
v -0.1075379 -0.0598310 -0.0026790 0.588235 0.588235 0.588235
vn 3.6664388 -2.4253247 -4.4403248
v -0.1075308 -0.0599035 -0.0026422 0.588235 0.588235 0.588235
vn 4.0081196 -0.8904088 -4.5896168
v -0.1074644 -0.0596259 -0.0026963 0.588235 0.588235 0.588235
vn 3.5904584 -0.1708524 -4.8223667
v -0.1073359 -0.0594514 -0.0026494 0.588235 0.588235 0.588235
vn 1.2991903 -0.3723752 -6.0206218
v -0.1073369 -0.0595697 -0.0026422 0.588235 0.588235 0.588235
vn 1.1757544 -1.5044024 -5.9024181
v -0.0843754 -0.0136173 -0.0026402 0.588235 0.588235 0.588235
vn 2.5184400 -1.6654439 -5.4627275
v -0.0843172 -0.0136295 -0.0026116 0.588235 0.588235 0.588235
vn 2.5736959 -1.3607185 -4.4237022
v -0.0962781 -0.0438573 -0.0025810 0.588235 0.588235 0.588235
vn 3.8979816 -4.2004342 -2.5525327
v -0.1082431 -0.0606066 -0.0027024 0.588235 0.588235 0.588235
vn -0.9616393 2.9737484 -4.6782079
v -0.0959179 0.0113557 -0.0060652 0.588235 0.588235 0.588235
vn -0.9014583 3.2713552 -3.4983835
v -0.1039037 0.0125936 -0.0036158 0.588235 0.588235 0.588235
vn -0.5029414 5.4729252 -2.8030810
v -0.1037904 0.0128171 -0.0026596 0.588235 0.588235 0.588235
vn -0.3905663 3.0156083 -5.1648397
v -0.1037915 0.0128365 -0.0026361 0.588235 0.588235 0.588235
vn -0.1203009 4.6830573 -4.0867805
v -0.0843918 0.0135070 -0.0026841 0.588235 0.588235 0.588235
vn 0.1687384 5.2080173 -3.4389160
v -0.0842836 0.0134529 -0.0027341 0.588235 0.588235 0.588235
vn 0.8109390 4.4673243 -4.1720276
v -0.0842774 0.0134785 -0.0026983 0.588235 0.588235 0.588235
vn 0.4697456 5.5375438 -2.8373506
v -0.0841958 0.0134683 -0.0027024 0.588235 0.588235 0.588235
vn -0.2095808 5.3799229 -3.1969805
v -0.0957454 0.0115782 -0.0057437 0.588235 0.588235 0.588235
vn -0.1222283 4.8278289 -4.0009375
v -0.0919143 0.0114108 -0.0060498 0.588235 0.588235 0.588235
vn -0.1032826 4.7465768 -4.0873857
v -0.0920367 0.0108311 -0.0068367 0.588235 0.588235 0.588235
vn -0.1793864 5.2466593 -3.4026036
v -0.0868268 0.0117333 -0.0058753 0.588235 0.588235 0.588235
vn -0.2203169 4.5508838 -4.2954502
v -0.0869227 0.0107413 -0.0071194 0.588235 0.588235 0.588235
vn -1.3136164 5.8560548 -1.4544189
v -0.0078849 0.0158502 -0.0039628 0.588235 0.588235 0.588235
vn -1.2756823 5.0400696 -3.4353065
v -0.0078706 0.0133203 -0.0087492 0.588235 0.588235 0.588235
vn -0.1719483 5.8332806 -2.2709615
v -0.0797533 0.0134570 -0.0029208 0.588235 0.588235 0.588235
vn -0.1704042 6.1671066 -0.8501515
v -0.0794676 0.0135805 -0.0025167 0.588235 0.588235 0.588235
vn 0.5539615 6.0540500 -1.2269449
v -0.0840876 0.0134713 -0.0026657 0.588235 0.588235 0.588235
vn -3.7859683 -4.9226904 0.1798764
v -0.2309087 -0.0617405 0.0052365 0.588235 0.588235 0.588235
vn -2.1696868 -2.2457018 2.8292229
v -0.2361114 -0.0572909 0.0052365 0.588235 0.588235 0.588235
vn -4.3323021 -4.5407138 0.0097156
v -0.2359992 -0.0571817 0.0026800 0.588235 0.588235 0.588235
vn -3.7412882 -5.0352683 0.0309752
v -0.2308168 -0.0616251 0.0026800 0.588235 0.588235 0.588235
vn -2.5511808 -3.4546435 -2.5665114
v -0.2308199 -0.0616292 0.0026034 0.588235 0.588235 0.588235
vn -2.8495142 -5.4817600 0.8012457
v -0.2184232 -0.0695834 0.0026034 0.588235 0.588235 0.588235
vn -1.4327996 -2.7694504 2.8304048
v -0.2184640 -0.0696885 0.0054018 0.588235 0.588235 0.588235
vn -3.5982108 -4.5832343 1.6458371
v -0.2309087 -0.0617211 0.0054018 0.588235 0.588235 0.588235
vn -1.7663162 -5.9126558 0.8480909
v -0.2026097 -0.0759894 0.0026034 1.000000 0.000000 0.000000
vn -1.5243771 -5.6430473 1.1958226
v -0.2026179 -0.0761048 0.0054018 0.588235 0.588235 0.588235
vn -1.1149683 -2.4949470 -1.6030411
v -0.2110170 -0.0731145 0.0054018 0.588235 0.588235 0.588235
vn -0.1148786 -5.7887821 1.1479861
v -0.1730545 -0.0811535 0.0054018 1.000000 0.000000 0.000000
vn 0.0011847 -6.1191368 1.0485559
v -0.1730545 -0.0810330 0.0026034 1.000000 0.000000 0.000000
vn 5.8956690 -1.5028533 1.1995262
v -0.1075328 -0.0597361 0.0027830 0.588235 0.588235 0.588235
vn 4.0081453 -0.8904089 4.5896668
v -0.1074644 -0.0596259 0.0026963 0.588235 0.588235 0.588235
vn 4.0081196 0.8904088 4.5896168
v -0.1074644 0.0596259 0.0026963 0.588235 0.588235 0.588235
vn 5.8956804 1.5028534 1.1995336
v -0.1075328 0.0597361 0.0027831 0.588235 0.588235 0.588235
vn -0.3823109 -2.1218541 -5.6244154
v -0.0892424 -0.0091350 -0.0082226 0.588235 0.588235 0.588235
vn -1.1192036 -1.0500796 -5.8857355
v -0.0898303 -0.0088043 -0.0082369 0.588235 0.588235 0.588235
vn -0.9143190 2.4138401 -4.6008759
v -0.0862206 0.0049497 -0.0092993 0.588235 0.588235 0.588235
vn -0.4220859 0.7297006 -6.1801782
v -0.0859001 0.0050160 -0.0093146 0.588235 0.588235 0.588235
vn -1.4022760 0.6184673 -6.0426898
v -0.0078849 0.0054293 -0.0130815 0.588235 0.588235 0.588235
vn -4.0929961 -0.2522417 -2.9324665
v -0.0078849 -0.0054293 -0.0130815 0.588235 0.588235 0.588235
vn -1.4365212 -1.4126041 -5.8925667
v -0.0078788 -0.0079032 -0.0126436 0.588235 0.588235 0.588235
vn -5.8849168 1.8232135 0.8813419
v -0.2576278 0.0230727 0.0026034 0.588235 0.588235 0.588235
vn -6.1501269 0.2756744 0.8976813
v -0.2609875 0.0045394 0.0026034 0.588235 0.588235 0.588235
vn -6.0223641 0.3522793 0.6345661
v -0.2611130 0.0045384 0.0054018 0.588235 0.588235 0.588235
vn -5.6810551 1.8250915 0.8502941
v -0.2577502 0.0231002 0.0054018 0.588235 0.588235 0.588235
vn -4.3182287 3.4952235 1.8970879
v -0.2448617 0.0476966 -0.0033995 0.588235 0.588235 0.588235
vn -5.3754520 2.7423408 -0.2154376
v -0.2515004 0.0377319 -0.0033995 0.588235 0.588235 0.588235
vn -5.5256114 2.9205291 0.2206665
v -0.2513942 0.0376636 -0.0026800 0.588235 0.588235 0.588235
vn -4.9627538 3.3434889 -1.3695875
v -0.2483407 0.0426500 -0.0026800 0.588235 0.588235 0.588235
vn -4.9230776 3.4931076 -1.5096349
v -0.2483448 0.0426530 -0.0026034 0.588235 0.588235 0.588235
vn -4.2468424 4.3542552 -1.3226914
v -0.2360022 0.0571847 -0.0026034 0.588235 0.588235 0.588235
vn -5.0267868 3.2158704 -1.3377405
v -0.2484683 0.0427347 -0.0054018 0.588235 0.588235 0.588235
vn -5.1664248 3.3177218 0.3991316
v -0.2484744 0.0427469 -0.0052365 0.588235 0.588235 0.588235
vn -2.9460814 2.3962905 -2.8477340
v -0.2448892 0.0477181 -0.0052365 0.588235 0.588235 0.588235
vn 3.0992224 -1.0397846 -4.8512154
v -0.1076757 -0.0599912 -0.0055426 0.588235 0.588235 0.588235
vn 2.8555934 -2.1886930 -4.7405062
v -0.1078063 -0.0602382 -0.0055426 0.588235 0.588235 0.588235
vn 1.5185082 -0.8151931 -5.7492070
v -0.1077951 -0.0601178 -0.0055732 1.000000 0.000000 0.000000
vn 3.0992222 1.0397844 4.8512154
v -0.1076757 0.0599912 0.0055426 0.588235 0.588235 0.588235
vn 4.5847669 1.1013215 3.0773830
v -0.1076032 0.0599300 0.0054936 0.588235 0.588235 0.588235
vn 3.9790666 3.3052425 2.6986024
v -0.1077951 0.0602943 0.0054936 0.588235 0.588235 0.588235
vn 2.8555932 2.1886930 4.7405062
v -0.1078063 0.0602382 0.0055426 0.588235 0.588235 0.588235
vn 4.5846934 1.1012768 -3.0773685
v -0.1076032 0.0599300 -0.0054936 0.588235 0.588235 0.588235
vn 3.9494679 3.3401539 -2.6689339
v -0.1077951 0.0602943 -0.0054936 0.588235 0.588235 0.588235
vn 4.5769706 3.8191066 -0.5962077
v -0.1077798 0.0603117 -0.0053997 0.588235 0.588235 0.588235
vn 5.6637459 1.3169516 -0.8917730
v -0.1075675 0.0599086 -0.0053997 0.588235 0.588235 0.588235
vn 3.2899899 -5.0136333 0.9367619
v -0.1189773 -0.0693211 0.0054018 0.588235 0.588235 0.588235
vn 1.7168355 -2.4439929 4.1000504
v -0.1189773 -0.0692752 0.0055028 0.588235 0.588235 0.588235
vn 1.6639220 -3.9110534 3.9632359
v -0.1248557 -0.0726757 0.0055028 0.000000 0.000000 0.000000
vn 0.8010076 -2.8229091 4.2335172
v -0.1322527 -0.0758292 0.0055028 0.000000 0.000000 0.000000
vn 1.5766858 -5.5818906 1.0934505
v -0.1322527 -0.0758782 0.0054018 0.588235 0.588235 0.588235
vn 1.2481275 -2.5417428 -1.7873766
v -0.1248557 -0.0727247 0.0054018 0.588235 0.588235 0.588235
vn 1.3657426 1.9133549 -0.5946187
v -0.1145083 0.0660360 0.0055028 0.588235 0.588235 0.588235
vn 4.6162825 3.7954650 0.5680504
v -0.1077798 0.0603117 0.0053998 0.588235 0.588235 0.588235
vn 3.2798727 5.0224924 0.9632363
v -0.1189773 0.0693211 0.0054018 0.588235 0.588235 0.588235
vn 1.7177308 2.4436841 4.0991173
v -0.1189773 0.0692752 0.0055028 0.588235 0.588235 0.588235
vn -0.1148785 5.7887812 -1.1479861
v -0.1730545 0.0811535 -0.0054018 0.588235 0.588235 0.588235
vn 1.5766858 5.5818906 -1.0934504
v -0.1322527 0.0758782 -0.0054018 0.588235 0.588235 0.588235
vn 0.6319680 -1.7662194 5.6269116
v -0.1248557 -0.0725788 0.0055590 0.000000 0.000000 0.000000
vn -0.8396554 -1.4984324 5.7663679
v -0.2110170 -0.0729513 0.0055590 0.000000 0.000000 0.000000
vn -1.8536041 -3.9101615 4.0253921
v -0.2110170 -0.0730594 0.0055028 0.588235 0.588235 0.588235
vn -0.7467993 -2.8305421 4.3977666
v -0.2026179 -0.0760527 0.0055028 0.000000 0.000000 0.000000
vn -0.0618686 -2.9257050 4.2328339
v -0.1730545 -0.0811055 0.0055028 0.000000 0.000000 0.000000
vn -0.5113744 -3.7090871 3.5494306
v -0.1835019 -0.0802094 0.0024054 1.000000 0.000000 0.000000
vn 2.3820815 -3.0022297 0.5132067
v -0.1835019 -0.0802309 0.0023116 1.000000 0.000000 0.000000
vn -1.0059083 -5.9997020 -0.3692120
v -0.1835019 -0.0802462 0.0021809 1.000000 0.000000 0.000000
vn 0.1624205 -6.1624608 0.4916164
v -0.1730545 -0.0811422 0.0021809 0.588235 0.588235 0.588235
vn -0.0347455 -5.9450855 -1.1355461
v -0.1730545 -0.0811055 -0.0024054 1.000000 0.000000 0.000000
vn 1.6994082 -5.6489792 -1.0502826
v -0.1322302 -0.0758272 -0.0024218 0.588235 0.588235 0.588235
vn 1.6982522 -5.6499262 1.0490978
v -0.1322302 -0.0758272 0.0024218 0.588235 0.588235 0.588235
vn 0.1557261 -5.9816575 1.5396779
v -0.1730545 -0.0811055 0.0024054 0.588235 0.588235 0.588235
vn -0.1150822 5.7887287 1.1480707
v -0.1730545 0.0811535 0.0054018 0.588235 0.588235 0.588235
vn -1.5180705 5.6453161 1.1965189
v -0.2026179 0.0761048 0.0054018 0.588235 0.588235 0.588235
vn -0.7452073 2.7747388 4.3978300
v -0.2026179 0.0760527 0.0055028 0.588235 0.588235 0.588235
vn -0.0636623 2.9351552 4.2327423
v -0.1730545 0.0811055 0.0055028 0.000000 0.000000 0.000000
vn -4.3182287 -3.4952235 -1.8970879
v -0.2448617 -0.0476966 0.0033995 0.588235 0.588235 0.588235
vn -5.3754520 -2.7423408 0.2154376
v -0.2515004 -0.0377319 0.0033995 0.588235 0.588235 0.588235
vn -5.5256114 -2.9205291 -0.2206665
v -0.2513942 -0.0376636 0.0026800 0.588235 0.588235 0.588235
vn -4.9627538 -3.3434889 1.3695875
v -0.2483407 -0.0426500 0.0026800 0.588235 0.588235 0.588235
vn -4.9230776 -3.4931073 1.5096350
v -0.2483448 -0.0426530 0.0026034 0.588235 0.588235 0.588235
vn -4.2468424 -4.3542552 1.3226914
v -0.2360022 -0.0571847 0.0026034 0.588235 0.588235 0.588235
vn -5.0267863 -3.2158704 1.3377405
v -0.2484683 -0.0427347 0.0054018 0.588235 0.588235 0.588235
vn -5.1664248 -3.3177218 -0.3991316
v -0.2484744 -0.0427469 0.0052365 0.588235 0.588235 0.588235
vn -2.9460814 -2.3962905 2.8477340
v -0.2448892 -0.0477181 0.0052365 0.588235 0.588235 0.588235
vn -1.8206038 -1.2333488 -5.3503175
v -0.2407437 -0.0524228 -0.0055590 1.000000 0.000000 0.000000
vn -0.6331865 -1.6466346 -5.7065001
v -0.2110170 -0.0729513 -0.0055590 1.000000 0.000000 0.000000
vn -1.5469756 -3.7805901 -4.1218314
v -0.2110170 -0.0730594 -0.0055028 1.000000 0.000000 0.000000
vn -1.9064226 -2.2489128 -4.1713018
v -0.2309066 -0.0616629 -0.0055028 0.588235 0.588235 0.588235
vn -1.0595977 -1.0797004 0.4026783
v -0.2407590 -0.0525238 -0.0055028 1.000000 0.000000 0.000000
vn -1.9354030 -2.2971294 4.1706171
v -0.2309066 -0.0616629 0.0055028 0.588235 0.588235 0.588235
vn -1.2624156 -1.0830679 -0.4853276
v -0.2407590 -0.0525238 0.0055028 0.588235 0.588235 0.588235
vn -2.5585666 -1.6631498 3.8831298
v -0.2484499 -0.0426990 0.0055028 0.588235 0.588235 0.588235
vn -4.0949364 -1.0788794 -1.5168558
v -0.2576992 -0.0230900 0.0024054 0.588235 0.588235 0.588235
vn -3.5223551 -0.5379274 3.2991884
v -0.2599873 -0.0136969 0.0023116 0.588235 0.588235 0.588235
vn -6.0313916 -1.0933014 -0.2193602
v -0.2600026 -0.0136979 0.0021809 0.588235 0.588235 0.588235
vn -3.0288405 -0.8009690 2.9809895
v -0.2577360 -0.0230982 0.0021809 0.588235 0.588235 0.588235
vn -5.8222737 -2.1918697 0.2281503
v -0.2560908 -0.0279122 0.0021809 0.588235 0.588235 0.588235
vn -4.1840644 -1.4945314 3.1076605
v -0.2560755 -0.0279071 0.0023116 0.588235 0.588235 0.588235
vn -5.6082935 -2.5551124 0.5418134
v -0.2540171 -0.0327853 0.0023116 0.588235 0.588235 0.588235
vn -3.2404232 -1.5282800 3.7706072
v -0.2539966 -0.0327751 0.0024054 0.588235 0.588235 0.588235
vn -1.8683702 -1.1571075 5.3690610
v -0.2407437 -0.0524228 0.0055590 0.000000 0.000000 0.000000
vn -2.1098177 -0.2456208 5.4477463
v -0.2599189 -0.0136795 0.0055590 0.000000 0.000000 0.000000
vn -1.8780657 -0.2285119 -0.6394575
v -0.2599852 -0.0136907 0.0055028 0.588235 0.588235 0.588235
vn -2.9625449 -0.9567673 3.9222114
v -0.2577176 -0.0230880 0.0055028 0.588235 0.588235 0.588235
vn 0.0000000 0.0000000 0.0000000
v -0.2540211 -0.0327782 0.0055028 0.588235 0.588235 0.588235
vn -0.2279352 -0.3361118 -6.2550340
v -0.1048253 -0.0126345 -0.0026279 0.588235 0.588235 0.588235
vn -1.4349067 -2.0976779 -5.5199971
v -0.1048130 -0.0126069 -0.0026330 0.588235 0.588235 0.588235
vn -0.3895654 -3.0138569 -5.1652541
v -0.1037915 -0.0128365 -0.0026361 0.588235 0.588235 0.588235
vn -0.0934167 -0.6291055 -6.2176952
v -0.1037996 -0.0128682 -0.0026289 0.588235 0.588235 0.588235
vn -0.4713696 -0.2074038 -6.2331004
v -0.1052325 -0.0120201 -0.0026269 0.588235 0.588235 0.588235
vn 1.4559522 0.2026642 -6.0662742
v -0.1073359 0.0594514 -0.0026494 0.588235 0.588235 0.588235
vn 2.6886714 1.3734596 -5.4435487
v -0.1073369 0.0595697 -0.0026422 0.588235 0.588235 0.588235
vn 1.1616786 1.4259319 -5.9245281
v -0.0843754 0.0136173 -0.0026402 0.588235 0.588235 0.588235
vn -0.4713466 0.2074042 -6.2330284
v -0.1052325 0.0120201 -0.0026269 0.588235 0.588235 0.588235
vn -0.0941075 0.6264794 -6.2181072
v -0.1037996 0.0128682 -0.0026289 0.588235 0.588235 0.588235
vn -1.4329075 2.1000717 -5.5196795
v -0.1048130 0.0126069 -0.0026330 0.588235 0.588235 0.588235
vn -0.2262621 0.3352966 -6.2549691
v -0.1048253 0.0126345 -0.0026279 0.588235 0.588235 0.588235
vn 5.3761396 -3.1989467 -0.3206421
v -0.1076155 -0.0599280 -0.0027800 0.588235 0.588235 0.588235
vn 4.6162825 -3.7954650 -0.5680504
v -0.1077798 -0.0603117 -0.0053998 0.588235 0.588235 0.588235
vn 5.6636677 -1.3169743 -0.8917636
v -0.1075675 -0.0599086 -0.0053998 0.588235 0.588235 0.588235
vn 5.8956804 -1.5028534 -1.1995336
v -0.1075328 -0.0597361 -0.0027831 0.588235 0.588235 0.588235
vn 2.6465836 -5.2316480 0.0935206
v -0.0841907 -0.0136366 0.0017849 0.588235 0.588235 0.588235
vn 5.1820560 -3.3963430 -0.2155219
v -0.0841907 -0.0136366 -0.0017849 0.588235 0.588235 0.588235
vn 2.3054392 -5.3299351 -0.1717847
v -0.0841050 -0.0135448 -0.0018115 0.588235 0.588235 0.588235
vn 2.8569088 -5.2871866 0.1250946
v -0.0841050 -0.0135448 0.0018115 0.588235 0.588235 0.588235
vn -2.4133134 -3.0812452 2.4161706
v -0.1048232 -0.0125100 0.0033474 0.588235 0.588235 0.588235
vn -0.9014584 -3.2713552 3.4983835
v -0.1039037 -0.0125936 0.0036158 0.588235 0.588235 0.588235
vn -0.9616393 -2.9737482 4.6782079
v -0.0959179 -0.0113557 0.0060652 0.588235 0.588235 0.588235
vn -0.9535962 -2.4379241 5.1589532
v -0.0923296 -0.0104617 0.0072092 0.588235 0.588235 0.588235
vn -0.5885810 -2.0720346 5.8059325
v -0.0892424 -0.0091350 0.0082226 0.588235 0.588235 0.588235
vn -1.3392215 -1.1530629 5.8577147
v -0.0898303 -0.0088043 0.0082369 0.588235 0.588235 0.588235
vn -2.3360162 -0.9313104 5.6186004
v -0.1048181 -0.0122967 0.0034035 0.588235 0.588235 0.588235
vn 4.5847669 -1.1013215 -3.0773833
v -0.1076032 -0.0599300 -0.0054936 0.588235 0.588235 0.588235
vn 3.9790664 -3.3052425 -2.6986024
v -0.1077951 -0.0602943 -0.0054936 0.588235 0.588235 0.588235
vn 0.8065664 -4.6911850 3.5667484
v -0.0015003 -0.0138459 0.0092758 0.588235 0.588235 0.588235
vn 3.5410411 -3.4265990 2.6855659
v -0.0010706 -0.0136581 0.0092748 0.588235 0.588235 0.588235
vn 5.7772145 -1.2657832 1.1176475
v -0.0007992 -0.0130498 0.0092421 0.588235 0.588235 0.588235
vn 5.4284091 -0.6307370 2.0182114
v -0.0008308 -0.0100984 0.0120160 0.588235 0.588235 0.588235
vn 0.9130133 -3.6099052 -4.9491487
v -0.0843264 -0.0135193 -0.0026688 0.588235 0.588235 0.588235
vn 2.2787135 -4.0485306 -4.0688257
v -0.0842693 -0.0135295 -0.0026422 0.588235 0.588235 0.588235
vn 3.2945101 -4.4726272 -2.3980930
v -0.0842223 -0.0135366 -0.0025861 0.588235 0.588235 0.588235
vn 0.4371319 -5.5506382 -2.8268361
v -0.0841958 -0.0134683 -0.0027024 0.588235 0.588235 0.588235
vn 0.5272911 -6.0905886 -1.1251396
v -0.0840876 -0.0134713 -0.0026657 0.588235 0.588235 0.588235
vn 0.8258476 3.6357203 -4.9423499
v -0.0843264 0.0135193 -0.0026687 0.588235 0.588235 0.588235
vn 2.3072510 4.1449294 -3.9479675
v -0.0842693 0.0135295 -0.0026422 0.588235 0.588235 0.588235
vn -0.0941075 -0.6264794 6.2181072
v -0.1037996 -0.0128682 0.0026289 0.588235 0.588235 0.588235
vn 1.1616786 -1.4259319 5.9245281
v -0.0843754 -0.0136173 0.0026402 0.588235 0.588235 0.588235
vn 0.8258476 -3.6357203 4.9423499
v -0.0843264 -0.0135193 0.0026687 0.588235 0.588235 0.588235
vn -0.1203009 -4.6830573 4.0867805
v -0.0843918 -0.0135070 0.0026841 0.588235 0.588235 0.588235
vn -0.3905663 -3.0156083 5.1648402
v -0.1037915 -0.0128365 0.0026361 0.588235 0.588235 0.588235
vn -3.1165719 -4.4387584 -2.6183026
v -0.1048079 -0.0125916 -0.0026504 0.588235 0.588235 0.588235
vn -0.5514222 -5.4532571 -2.8468347
v -0.1037904 -0.0128171 -0.0026596 0.588235 0.588235 0.588235
vn -5.6562500 -1.3812262 -1.8904372
v -0.1052100 -0.0119823 -0.0026473 0.588235 0.588235 0.588235
vn -3.0171735 -0.9136023 -5.1888371
v -0.1052172 -0.0119956 -0.0026320 0.588235 0.588235 0.588235
vn -3.0172572 0.9136022 -5.1889362
v -0.1052172 0.0119956 -0.0026320 0.588235 0.588235 0.588235
vn -5.6498189 1.3897868 -1.9014897
v -0.1052100 0.0119823 -0.0026473 0.588235 0.588235 0.588235
vn 3.0175350 4.8741589 -1.0654545
v -0.0841846 0.0135407 -0.0024850 0.588235 0.588235 0.588235
vn 2.9381127 5.0865383 -0.3659850
v -0.0841529 0.0135438 -0.0023279 0.588235 0.588235 0.588235
vn 0.3962240 6.2420149 -0.3663502
v -0.0838794 0.0134989 -0.0023738 0.588235 0.588235 0.588235
vn 3.1037014 4.5178580 -2.4850245
v -0.0842223 0.0135366 -0.0025861 0.588235 0.588235 0.588235
vn -0.2279352 0.3361118 6.2550340
v -0.1048253 0.0126345 0.0026279 0.588235 0.588235 0.588235
vn -1.4349067 2.0976779 5.5199976
v -0.1048130 0.0126069 0.0026330 0.588235 0.588235 0.588235
vn -0.3895654 3.0138569 5.1652541
v -0.1037915 0.0128365 0.0026361 0.588235 0.588235 0.588235
vn -0.0934167 0.6291055 6.2176952
v -0.1037996 0.0128682 0.0026289 0.588235 0.588235 0.588235
vn 1.1757544 1.5044024 5.9024181
v -0.0843754 0.0136173 0.0026402 0.588235 0.588235 0.588235
vn 1.2991903 0.3723752 6.0206223
v -0.1073369 0.0595697 0.0026422 0.588235 0.588235 0.588235
vn 3.5904582 0.1708524 4.8223667
v -0.1073359 0.0594514 0.0026494 0.588235 0.588235 0.588235
vn -0.4713696 0.2074038 6.2331004
v -0.1052325 0.0120201 0.0026269 0.588235 0.588235 0.588235
vn 1.4559522 -0.2026642 6.0662742
v -0.1073359 -0.0594514 0.0026494 0.588235 0.588235 0.588235
vn 2.6886714 -1.3734596 5.4435487
v -0.1073369 -0.0595697 0.0026422 0.588235 0.588235 0.588235
vn -0.4713466 -0.2074042 6.2330284
v -0.1052325 -0.0120201 0.0026269 0.588235 0.588235 0.588235
vn -1.4329073 -2.1000717 5.5196800
v -0.1048130 -0.0126069 0.0026330 0.588235 0.588235 0.588235
vn -0.2262621 -0.3352966 6.2549691
v -0.1048253 -0.0126345 0.0026279 0.588235 0.588235 0.588235
vn -0.2284828 -4.3576269 -4.4554744
v -0.0869227 -0.0107413 -0.0071194 0.588235 0.588235 0.588235
vn -0.1405202 -5.3030639 -3.3384230
v -0.0919143 -0.0114108 -0.0060498 0.588235 0.588235 0.588235
vn -0.0348480 -4.6685185 -4.1614628
v -0.0920367 -0.0108311 -0.0068367 0.588235 0.588235 0.588235
vn -0.8257194 -2.5063379 -5.1509790
v -0.0923296 -0.0104617 -0.0072092 0.588235 0.588235 0.588235
vn -1.2075577 -3.1062970 -5.2550430
v -0.0078737 -0.0100882 -0.0117976 0.588235 0.588235 0.588235
vn -0.1986366 -4.1192470 -4.6928635
v -0.0078706 -0.0118864 -0.0104148 0.588235 0.588235 0.588235
vn -0.8257194 2.5063379 5.1509790
v -0.0923296 0.0104617 0.0072092 0.588235 0.588235 0.588235
vn -0.9556891 3.0398986 4.6721363
v -0.0959179 0.0113557 0.0060652 0.588235 0.588235 0.588235
vn -0.9012764 3.5328176 3.4248967
v -0.1039037 0.0125936 0.0036158 0.588235 0.588235 0.588235
vn -2.3469877 3.1477411 2.3234937
v -0.1048232 0.0125100 0.0033474 0.588235 0.588235 0.588235
vn -2.4030585 0.9292374 5.6090918
v -0.1048181 0.0122967 0.0034035 0.588235 0.588235 0.588235
vn -1.1192037 1.0500796 5.8857360
v -0.0898303 0.0088043 0.0082369 0.588235 0.588235 0.588235
vn -0.3823110 2.1218541 5.6244159
v -0.0892424 0.0091350 0.0082226 0.588235 0.588235 0.588235
vn -3.1952841 4.4257541 -2.5485878
v -0.1048079 0.0125916 -0.0026504 0.588235 0.588235 0.588235
vn -2.4133132 3.0812452 -2.4161706
v -0.1048232 0.0125100 -0.0033474 0.588235 0.588235 0.588235
vn -4.5405231 1.3729048 -2.1962693
v -0.1051886 0.0119497 -0.0032505 0.588235 0.588235 0.588235
vn -4.5473933 -1.3610897 -2.2076163
v -0.1051886 -0.0119497 -0.0032505 0.588235 0.588235 0.588235
vn -3.9670932 -0.1664134 -3.7261276
v -0.1051764 -0.0117568 -0.0033015 0.588235 0.588235 0.588235
vn -2.4030583 -0.9292374 -5.6090918
v -0.1048181 -0.0122967 -0.0034035 0.588235 0.588235 0.588235
vn -2.3469877 -3.1477413 -2.3234940
v -0.1048232 -0.0125100 -0.0033474 0.588235 0.588235 0.588235
vn -3.1952844 -4.4257541 2.5485878
v -0.1048079 -0.0125916 0.0026504 0.588235 0.588235 0.588235
vn -0.5029414 -5.4729247 2.8030813
v -0.1037904 -0.0128171 0.0026596 0.588235 0.588235 0.588235
vn -0.9535962 2.4379241 -5.1589532
v -0.0923296 0.0104617 -0.0072092 0.588235 0.588235 0.588235
vn -0.5885810 2.0720346 -5.8059325
v -0.0892424 0.0091350 -0.0082226 0.588235 0.588235 0.588235
vn -1.3392215 1.1530629 -5.8577147
v -0.0898303 0.0088043 -0.0082369 0.588235 0.588235 0.588235
vn -2.3360162 0.9313104 -5.6185999
v -0.1048181 0.0122967 -0.0034035 0.588235 0.588235 0.588235
vn -3.0882952 -1.6442776 3.4793105
v -0.2513942 -0.0376636 -0.0026800 0.588235 0.588235 0.588235
vn -5.0670376 -3.1940789 -1.4770787
v -0.2483407 -0.0426500 -0.0026800 0.588235 0.588235 0.588235
vn -5.0238733 -3.3723745 -1.4024209
v -0.2483448 -0.0426530 -0.0026034 0.588235 0.588235 0.588235
vn -2.6205521 -1.3466692 -4.2191005
v -0.2513993 -0.0376666 -0.0026034 0.588235 0.588235 0.588235
vn -5.8849177 -1.8232136 -0.8813394
v -0.2576278 -0.0230727 -0.0026034 0.588235 0.588235 0.588235
vn -5.6810551 -1.8250915 -0.8502941
v -0.2577502 -0.0231002 -0.0054018 0.588235 0.588235 0.588235
vn -5.0366516 -3.1971445 -1.3227152
v -0.2484683 -0.0427347 -0.0054018 0.588235 0.588235 0.588235
vn -5.2919745 -3.2485099 0.0392792
v -0.2484744 -0.0427469 -0.0052365 0.588235 0.588235 0.588235
vn -2.9241753 -2.4319777 -2.8922656
v -0.2448892 -0.0477181 -0.0052365 0.588235 0.588235 0.588235
vn -4.3472309 -3.5755265 1.8534185
v -0.2448617 -0.0476966 -0.0033995 0.588235 0.588235 0.588235
vn -5.2143559 -2.5002093 -0.8130853
v -0.2515004 -0.0377319 -0.0033995 0.588235 0.588235 0.588235
vn -0.0860824 -5.5147662 -2.8829870
v -0.0957454 -0.0115782 -0.0057437 0.588235 0.588235 0.588235
vn -0.9556891 -3.0398984 -4.6721363
v -0.0959179 -0.0113557 -0.0060652 0.588235 0.588235 0.588235
vn 4.0097818 3.7174418 0.9899085
v -0.0010686 0.0163227 0.0043108 0.588235 0.588235 0.588235
vn 4.1346636 3.1630685 -0.8651525
v -0.0010686 0.0163227 -0.0043108 0.588235 0.588235 0.588235
vn 1.1302662 5.3595285 -1.3273157
v -0.0015003 0.0165585 -0.0042996 0.588235 0.588235 0.588235
vn 1.1302661 5.3595285 1.3273157
v -0.0015003 0.0165585 0.0042996 0.588235 0.588235 0.588235
vn 1.1302662 -5.3595285 1.3273157
v -0.0015003 -0.0165585 0.0042996 0.588235 0.588235 0.588235
vn 4.1346636 -3.1630688 0.8651525
v -0.0010686 -0.0163227 0.0043108 0.588235 0.588235 0.588235
vn 4.0097823 -3.7174420 -0.9899085
v -0.0010686 -0.0163227 -0.0043108 0.588235 0.588235 0.588235
vn 6.0027485 -1.1941581 -0.3717819
v -0.0007920 -0.0155604 -0.0043139 0.588235 0.588235 0.588235
vn 0.9130133 3.6099052 4.9491487
v -0.0843264 0.0135193 0.0026688 0.588235 0.588235 0.588235
vn -0.1167095 4.6759915 4.0978818
v -0.0843918 0.0135070 0.0026841 0.588235 0.588235 0.588235
vn 0.1575473 5.2124691 3.4299538
v -0.0842836 0.0134529 0.0027341 0.588235 0.588235 0.588235
vn 0.9770542 4.7495599 3.9047787
v -0.0842774 0.0134785 0.0026983 0.588235 0.588235 0.588235
vn 0.4371319 5.5506377 2.8268361
v -0.0841958 0.0134683 0.0027024 0.588235 0.588235 0.588235
vn 2.2787132 4.0485306 4.0688257
v -0.0842693 0.0135295 0.0026422 0.588235 0.588235 0.588235
vn -5.9591045 1.6292595 -0.6499521
v -0.2577360 0.0230982 -0.0021809 0.588235 0.588235 0.588235
vn -2.1837132 3.3844662 -0.6420357
v -0.2577196 0.0230951 -0.0023116 0.588235 0.588235 0.588235
vn -2.9681993 -2.2939129 -0.4584501
v -0.2610813 0.0045394 -0.0023116 0.588235 0.588235 0.588235
vn -6.0138941 0.4177494 0.9834380
v -0.2610813 0.0045394 0.0023116 0.588235 0.588235 0.588235
vn -2.5282300 3.5205245 0.1980833
v -0.2577360 0.0230982 0.0021809 0.588235 0.588235 0.588235
vn -3.5995829 -1.9062756 0.0205967
v -0.2577543 0.0231023 -0.0017319 0.588235 0.588235 0.588235
vn 3.2798724 -5.0224929 -0.9632363
v -0.1189773 -0.0693211 -0.0054018 0.588235 0.588235 0.588235
vn 4.5329952 -1.3419538 -0.3246967
v -0.1189691 -0.0691864 -0.0026922 0.588235 0.588235 0.588235
vn 3.3190689 -5.2240543 0.4759102
v -0.1189783 -0.0692711 -0.0031198 0.588235 0.588235 0.588235
vn -0.1266336 -6.1316295 -0.9696146
v -0.1730545 -0.0810330 -0.0026034 1.000000 0.000000 0.000000
vn 1.7834586 -5.8574033 -1.0033280
v -0.1322466 -0.0757578 -0.0026116 0.588235 0.588235 0.588235
vn -1.1269220 -0.5657831 5.9697180
v -0.0068143 -0.0055314 0.0134785 0.588235 0.588235 0.588235
vn -1.0533047 0.4580725 5.9804540
v -0.0068143 0.0055314 0.0134785 0.588235 0.588235 0.588235
vn -4.0929966 0.2522417 2.9324665
v -0.0078849 0.0054293 0.0130815 0.588235 0.588235 0.588235
vn -1.4022759 -0.6184673 6.0426898
v -0.0078849 -0.0054293 0.0130815 0.588235 0.588235 0.588235
vn -4.0934348 -0.8054475 2.8791597
v -0.0078788 -0.0079032 0.0126436 0.588235 0.588235 0.588235
vn -1.0808605 -1.5448443 5.7788935
v -0.0068133 -0.0080573 0.0130253 0.588235 0.588235 0.588235
vn 3.8180132 -2.5956793 -2.1787896
v -0.0010706 -0.0136581 -0.0092748 0.588235 0.588235 0.588235
vn 2.9709246 -5.1169395 1.7461078
v -0.1189110 -0.0692620 0.0024616 0.588235 0.588235 0.588235
vn 3.0917964 -5.0411425 -1.7729312
v -0.1189110 -0.0692620 -0.0024616 0.588235 0.588235 0.588235
vn 3.2964118 -5.1977844 -0.6138278
v -0.1188895 -0.0692701 -0.0023646 0.588235 0.588235 0.588235
vn 3.7036502 -5.0646539 -0.0516638
v -0.1187324 -0.0691670 -0.0017543 0.588235 0.588235 0.588235
vn 3.7036495 -5.0646529 0.0516634
v -0.1187324 -0.0691670 0.0017543 0.588235 0.588235 0.588235
vn 3.1549520 -5.2863607 0.5960804
v -0.1188895 -0.0692701 0.0023646 0.588235 0.588235 0.588235
vn -3.8899484 0.1434949 -3.7493422
v -0.1051764 0.0117568 -0.0033015 0.588235 0.588235 0.588235
vn -2.5585666 1.6631498 -3.8831301
v -0.2484499 0.0426990 -0.0055028 0.588235 0.588235 0.588235
vn 0.0000000 0.0000000 0.0000000
v -0.2540211 0.0327782 -0.0055028 0.588235 0.588235 0.588235
vn -2.9625449 0.9567673 -3.9222116
v -0.2577176 0.0230880 -0.0055028 0.588235 0.588235 0.588235
vn -5.7067552 1.7670007 -0.8871840
v -0.2577502 0.0231002 -0.0054018 0.588235 0.588235 0.588235
vn 2.0219474 -4.6208854 -0.5868282
v -0.0842407 -0.0136417 -0.0024504 0.588235 0.588235 0.588235
vn 5.4297867 -2.6869524 0.1384906
v -0.0842723 -0.0136377 -0.0025524 0.588235 0.588235 0.588235
vn 3.2397237 -4.7860126 -1.3197880
v -0.0841846 -0.0135407 -0.0024851 0.588235 0.588235 0.588235
vn 0.2920053 6.2327571 0.5471160
v -0.0838794 0.0134989 0.0023738 0.588235 0.588235 0.588235
vn 2.9768062 5.0330086 0.4120347
v -0.0841529 0.0135438 0.0023279 0.588235 0.588235 0.588235
vn 3.2397239 4.7860126 1.3197880
v -0.0841846 0.0135407 0.0024851 0.588235 0.588235 0.588235
vn 3.2945099 4.4726272 2.3980930
v -0.0842223 0.0135366 0.0025861 0.588235 0.588235 0.588235
vn 0.5272911 6.0905881 1.1251396
v -0.0840876 0.0134713 0.0026657 0.588235 0.588235 0.588235
vn 2.3054392 5.3299346 0.1717847
v -0.0841050 0.0135448 0.0018115 0.588235 0.588235 0.588235
vn 5.1820564 3.3963430 0.2155219
v -0.0841907 0.0136366 0.0017849 0.588235 0.588235 0.588235
vn 2.0219474 4.6208854 0.5868282
v -0.0842407 0.0136417 0.0024504 0.588235 0.588235 0.588235
vn 2.9709246 5.1169395 -1.7461078
v -0.1189110 0.0692620 -0.0024616 0.588235 0.588235 0.588235
vn 1.6982522 5.6499262 -1.0490978
v -0.1322302 0.0758272 -0.0024218 0.588235 0.588235 0.588235
vn 1.6994083 5.6489787 1.0502825
v -0.1322302 0.0758272 0.0024218 0.588235 0.588235 0.588235
vn 3.0917964 5.0411425 1.7729312
v -0.1189110 0.0692620 0.0024616 0.588235 0.588235 0.588235
vn 3.2964118 5.1977844 0.6138278
v -0.1188895 0.0692701 0.0023646 0.588235 0.588235 0.588235
vn 3.7086968 5.0606022 0.0469605
v -0.1187324 0.0691670 0.0017543 0.588235 0.588235 0.588235
vn 3.7195835 5.0514388 -0.0580834
v -0.1187324 0.0691670 -0.0017543 0.588235 0.588235 0.588235
vn 3.1621881 5.2807207 -0.5917172
v -0.1188895 0.0692701 -0.0023646 0.588235 0.588235 0.588235
vn 5.0942183 -2.7453568 1.4205149
v -0.0962516 -0.0438777 0.0025187 0.588235 0.588235 0.588235
vn 5.0944066 -2.7434146 -1.4214557
v -0.0962516 -0.0438777 -0.0025187 0.588235 0.588235 0.588235
vn 5.4073215 -2.9385538 1.0911534
v -0.0842407 -0.0136417 0.0024503 0.588235 0.588235 0.588235
vn 5.4485550 -2.4609261 0.2006715
v -0.0842723 -0.0136377 0.0025524 0.588235 0.588235 0.588235
vn -2.0793698 0.6444506 5.3877506
v -0.2599189 0.0136795 0.0055590 0.000000 0.000000 0.000000
vn -1.7695677 0.5098088 -0.6077428
v -0.2599852 0.0136907 0.0055028 0.588235 0.588235 0.588235
vn -3.1351318 0.2688725 3.8846166
v -0.2610824 0.0045364 0.0055028 0.588235 0.588235 0.588235
vn -3.0323548 -0.2736522 3.8865049
v -0.2610824 -0.0045364 0.0055028 0.588235 0.588235 0.588235
vn 5.8956695 1.5028533 -1.1995263
v -0.1075328 0.0597361 -0.0027830 0.588235 0.588235 0.588235
vn 1.2672734 1.6240430 -5.5118980
v -0.1145083 0.0659492 -0.0055590 1.000000 0.000000 0.000000
vn 1.7168355 2.4439931 -4.1000504
v -0.1189773 0.0692752 -0.0055028 0.588235 0.588235 0.588235
vn 1.1147097 1.5693862 0.6293411
v -0.1145083 0.0660360 -0.0055028 0.588235 0.588235 0.588235
vn 2.8560491 2.1879687 -4.7407589
v -0.1078063 0.0602382 -0.0055426 0.588235 0.588235 0.588235
vn -1.2636939 5.5763803 -1.3865271
v -0.0068143 0.0162676 -0.0040730 0.588235 0.588235 0.588235
vn -1.1877425 4.7564735 -3.5544624
v -0.0068133 0.0136264 -0.0090268 0.588235 0.588235 0.588235
vn 0.8055607 -4.6928864 -3.5655913
v -0.0015003 -0.0138459 -0.0092758 0.588235 0.588235 0.588235
vn 1.1302662 -5.3595281 -1.3273157
v -0.0015003 -0.0165585 -0.0042996 0.588235 0.588235 0.588235
vn -1.2636943 -5.5763793 -1.3865273
v -0.0068143 -0.0162676 -0.0040730 0.588235 0.588235 0.588235
vn -1.1877422 -4.7564735 -3.5544641
v -0.0068133 -0.0136264 -0.0090268 0.588235 0.588235 0.588235
vn -1.2636940 -5.5763803 1.3865271
v -0.0068143 -0.0162676 0.0040730 0.588235 0.588235 0.588235
vn -1.3497394 0.2803268 -6.0874305
v -0.0867615 0.0048793 -0.0091983 0.588235 0.588235 0.588235
vn -0.2727564 3.4214821 -5.1922584
v -0.0884127 0.0096504 -0.0080165 0.588235 0.588235 0.588235
vn -1.3098452 2.9518335 -5.3015714
v -0.0078737 0.0100882 -0.0117976 0.588235 0.588235 0.588235
vn -4.0934348 0.8054475 -2.8791599
v -0.0078788 0.0079032 -0.0126436 0.588235 0.588235 0.588235
vn 5.0944066 2.7434146 1.4214559
v -0.0962516 0.0438777 0.0025187 0.588235 0.588235 0.588235
vn 3.7852700 3.6941628 2.9774666
v -0.1077420 0.0603362 0.0025391 0.588235 0.588235 0.588235
vn 3.3810537 2.8845956 4.1969981
v -0.1077298 0.0602668 0.0025881 0.588235 0.588235 0.588235
vn 2.5736961 1.3607184 4.4237022
v -0.0962781 0.0438573 0.0025810 0.588235 0.588235 0.588235
vn 5.4297867 2.6869526 -0.1384906
v -0.0842723 0.0136377 0.0025524 0.588235 0.588235 0.588235
vn 2.5184398 1.6654438 5.4627280
v -0.0843172 0.0136295 0.0026116 0.588235 0.588235 0.588235
vn 1.5767291 5.5819407 1.0934486
v -0.1322527 0.0758782 0.0054018 0.588235 0.588235 0.588235
vn 0.7992616 2.8180151 4.2335324
v -0.1322527 0.0758292 0.0055028 0.588235 0.588235 0.588235
vn -1.3457032 -2.6163194 -2.0604315
v -0.2184508 -0.0696692 0.0023116 0.588235 0.588235 0.588235
vn -1.7402086 -5.8115234 0.8413092
v -0.2026148 -0.0760813 0.0023116 1.000000 0.000000 0.000000
vn -0.1975846 4.1209307 -4.6914177
v -0.0078706 0.0118864 -0.0104148 0.588235 0.588235 0.588235
vn 0.6234285 3.1455085 5.0462351
v -0.0015003 0.0104433 0.0123936 0.588235 0.588235 0.588235
vn -1.2330197 3.1203117 4.9569240
v -0.0068133 0.0102933 0.0121538 0.588235 0.588235 0.588235
vn -1.2512934 1.6247604 5.7646418
v -0.0068133 0.0080573 0.0130253 0.588235 0.588235 0.588235
vn 0.7172458 0.6997217 -5.9660358
v -0.0015003 0.0056069 -0.0137122 0.588235 0.588235 0.588235
vn -1.1097542 -1.4507953 -5.7908330
v -0.0068133 -0.0080573 -0.0130253 0.588235 0.588235 0.588235
vn -0.2741399 -0.7102209 -5.8035293
v -0.0068143 -0.0055314 -0.0134785 0.588235 0.588235 0.588235
vn -1.1588566 0.6055433 -5.9689083
v -0.0068143 0.0055314 -0.0134785 0.588235 0.588235 0.588235
vn -5.0753031 3.5938034 -0.3877910
v -0.2484489 0.0427286 -0.0021809 0.588235 0.588235 0.588235
vn -0.9023365 3.9332366 0.3899112
v -0.2484336 0.0427173 0.0023116 0.588235 0.588235 0.588235
vn -4.6540127 3.6718383 1.6269256
v -0.2484142 0.0427031 0.0024054 0.588235 0.588235 0.588235
vn -4.1952648 4.2580304 1.1310542
v -0.2360604 0.0572408 0.0024054 0.588235 0.588235 0.588235
vn -3.5898614 4.8261557 1.1341317
v -0.2308678 0.0616884 0.0024054 0.588235 0.588235 0.588235
vn -2.0695846 2.7609458 -2.9540591
v -0.2308913 0.0617190 -0.0021809 0.588235 0.588235 0.588235
vn -4.6178508 3.9718869 -0.3982280
v -0.2407325 0.0525596 -0.0023116 0.588235 0.588235 0.588235
vn -5.0375247 3.4950490 -1.2249085
v -0.2484336 0.0427173 -0.0023116 0.588235 0.588235 0.588235
vn -1.2330198 -3.1203117 -4.9569244
v -0.0068133 -0.0102933 -0.0121538 0.588235 0.588235 0.588235
vn 1.7811744 -5.8579469 1.0047166
v -0.1322466 -0.0757578 0.0026116 0.588235 0.588235 0.588235
vn -5.6561899 1.3812262 1.8904088
v -0.1052100 0.0119823 0.0026473 0.588235 0.588235 0.588235
vn -5.6498795 -1.3897867 1.9015182
v -0.1052100 -0.0119823 0.0026473 0.588235 0.588235 0.588235
vn -4.5405226 -1.3729048 2.1962690
v -0.1051886 -0.0119497 0.0032505 0.588235 0.588235 0.588235
vn -4.5473933 1.3610897 2.2076163
v -0.1051886 0.0119497 0.0032505 0.588235 0.588235 0.588235
vn -1.0808606 1.5448443 -5.7788930
v -0.0068133 0.0080573 -0.0130253 0.588235 0.588235 0.588235
vn -3.7433646 5.0346661 -0.0059520
v -0.2308168 0.0616262 0.0026800 0.588235 0.588235 0.588235
vn -4.3418789 4.5312996 -0.0078602
v -0.2359992 0.0571817 0.0026800 0.588235 0.588235 0.588235
vn -2.1654773 2.2512040 2.8364267
v -0.2361114 0.0572909 0.0052365 0.588235 0.588235 0.588235
vn -3.7889609 4.9214430 0.1853187
v -0.2309087 0.0617405 0.0052365 0.588235 0.588235 0.588235
vn -3.5981462 4.5833659 1.6457789
v -0.2309087 0.0617211 0.0054018 0.588235 0.588235 0.588235
vn -1.4970173 2.7446020 2.8799076
v -0.2184640 0.0696885 0.0054018 0.588235 0.588235 0.588235
vn -2.8776481 5.4341435 0.8744011
v -0.2184232 0.0695834 0.0026034 0.588235 0.588235 0.588235
vn -3.6364810 4.8902016 1.3171282
v -0.2308199 0.0616292 0.0026034 0.588235 0.588235 0.588235
vn -3.8899488 -0.1434949 3.7493422
v -0.1051764 -0.0117568 0.0033015 0.588235 0.588235 0.588235
vn -3.9670932 0.1664134 3.7261276
v -0.1051764 0.0117568 0.0033015 0.588235 0.588235 0.588235
vn -1.2075577 3.1062970 5.2550430
v -0.0078737 0.0100882 0.0117976 0.588235 0.588235 0.588235
vn -1.4365213 1.4126042 5.8925667
v -0.0078788 0.0079032 0.0126436 0.588235 0.588235 0.588235
vn 4.4094410 3.9233704 -1.6519960
v -0.1077461 0.0601198 -0.0026963 0.588235 0.588235 0.588235
vn 3.2899902 5.0136333 -0.9367620
v -0.1189773 0.0693211 -0.0054018 0.588235 0.588235 0.588235
vn 4.3825388 3.2499008 0.2611740
v -0.1189783 0.0692711 -0.0031198 0.588235 0.588235 0.588235
vn 4.6162119 1.2948228 -0.5087475
v -0.1189691 0.0691864 -0.0026922 0.588235 0.588235 0.588235
vn 3.8974912 4.2008243 -2.5525863
v -0.1082431 0.0606066 -0.0027024 0.588235 0.588235 0.588235
vn -5.9467220 0.6447127 -1.8843265
v -0.2609875 0.0045394 -0.0026034 0.588235 0.588235 0.588235
vn -3.0454397 2.7968352 -0.5504985
v -0.2610599 0.0045394 -0.0024054 0.588235 0.588235 0.588235
vn -5.9293613 1.7215846 -0.8297312
v -0.2576278 0.0230727 -0.0026034 0.588235 0.588235 0.588235
vn 1.6739799 2.1064315 -1.6547966
v -0.1144256 0.0660217 0.0024851 0.588235 0.588235 0.588235
vn 4.0469809 4.3786459 1.1236522
v -0.1077706 0.0604056 0.0024575 0.588235 0.588235 0.588235
vn -2.0793700 -0.6444506 -5.3877506
v -0.2599189 -0.0136795 -0.0055590 1.000000 0.000000 0.000000
vn -2.5429492 -1.6509144 -3.8831186
v -0.2484499 -0.0426990 -0.0055028 0.588235 0.588235 0.588235
vn -0.0000000 -0.0000000 -0.0000021
v -0.2540211 -0.0327782 -0.0055028 1.000000 0.000000 0.000000
vn -2.8837581 -0.9207042 -3.9230995
v -0.2577176 -0.0230880 -0.0055028 0.588235 0.588235 0.588235
vn -1.7695677 -0.5098088 0.6077428
v -0.2599852 -0.0136907 -0.0055028 1.000000 0.000000 0.000000
vn -1.2330196 -3.1203127 4.9569225
v -0.0068133 -0.0102933 0.0121538 0.588235 0.588235 0.588235
vn 3.7852697 -3.6941628 -2.9774666
v -0.1077420 -0.0603362 -0.0025391 0.588235 0.588235 0.588235
vn 1.6739799 -2.1064317 1.6547962
v -0.1144256 -0.0660217 -0.0024851 0.588235 0.588235 0.588235
vn 2.3201361 -2.9740562 -4.3558331
v -0.1144491 -0.0659992 -0.0025483 0.588235 0.588235 0.588235
vn 2.8818784 -4.8255901 -2.7316842
v -0.1189304 -0.0692395 -0.0025279 0.588235 0.588235 0.588235
vn 3.3446624 -4.8731489 -1.7263633
v -0.1189589 -0.0691936 -0.0026290 0.588235 0.588235 0.588235
vn 2.3620496 -2.9767332 -1.4842535
v -0.1144256 -0.0660217 0.0024850 0.588235 0.588235 0.588235
vn 2.3154681 -2.9786978 4.3574991
v -0.1144491 -0.0659992 0.0025483 0.588235 0.588235 0.588235
vn 2.8867412 -4.8237939 2.7304590
v -0.1189304 -0.0692395 0.0025279 0.588235 0.588235 0.588235
vn 3.3408697 -4.8771458 1.7224663
v -0.1189589 -0.0691936 0.0026289 0.588235 0.588235 0.588235
vn -1.2744135 -5.0406280 -3.4347262
v -0.0078706 -0.0133203 -0.0087492 0.588235 0.588235 0.588235
vn 3.1500440 2.0554965 -3.9466641
v -0.0010788 0.0103658 -0.0123058 0.588235 0.588235 0.588235
vn 3.7110012 0.4260435 -3.2032499
v -0.0010706 0.0056355 -0.0135856 0.588235 0.588235 0.588235
vn 0.6346907 2.8746464 -5.1089711
v -0.0015003 0.0104433 -0.0123936 0.588235 0.588235 0.588235
vn 4.5329952 1.3419536 0.3246967
v -0.1189691 0.0691864 0.0026922 0.588235 0.588235 0.588235
vn 3.8979816 4.2004337 2.5525327
v -0.1082431 0.0606066 0.0027024 0.588235 0.588235 0.588235
vn 3.3842764 3.8602571 3.4712918
v -0.1082329 0.0606260 0.0026524 0.588235 0.588235 0.588235
vn 1.4414750 1.6779625 5.2999825
v -0.1093270 0.0615843 0.0026514 0.588235 0.588235 0.588235
vn 3.3446624 4.8731494 1.7263632
v -0.1189589 0.0691936 0.0026290 0.588235 0.588235 0.588235
vn 4.3396082 -2.5978093 3.0375021
v -0.1075308 -0.0599035 0.0026422 0.588235 0.588235 0.588235
vn 4.6953630 -2.2697523 3.1959915
v -0.1075379 -0.0598310 0.0026790 0.588235 0.588235 0.588235
vn 4.4094410 -3.9233704 1.6519960
v -0.1077461 -0.0601198 0.0026963 0.588235 0.588235 0.588235
vn 3.4620731 -3.0847311 4.0795002
v -0.1077339 -0.0601453 0.0026494 0.588235 0.588235 0.588235
vn 3.8974910 -4.2008243 2.5525863
v -0.1082431 -0.0606066 0.0027024 0.588235 0.588235 0.588235
vn 3.3844352 -3.8601201 3.4712853
v -0.1082329 -0.0606260 0.0026524 0.588235 0.588235 0.588235
vn 2.5817962 -1.3683372 4.4247875
v -0.0962781 -0.0438573 0.0025810 0.588235 0.588235 0.588235
vn 2.5560548 -1.6223975 5.4542432
v -0.0843172 -0.0136295 0.0026116 0.588235 0.588235 0.588235
vn 3.3832338 -2.8803294 4.1979198
v -0.1077298 -0.0602668 0.0025881 0.588235 0.588235 0.588235
vn 1.5767291 -5.5819407 -1.0934486
v -0.1322527 -0.0758782 -0.0054018 0.588235 0.588235 0.588235
vn -0.1150822 -5.7887287 -1.1480706
v -0.1730545 -0.0811535 -0.0054018 1.000000 0.000000 0.000000
vn -0.0636623 -2.9351549 -4.2327423
v -0.1730545 -0.0811055 -0.0055028 1.000000 0.000000 0.000000
vn 0.7992616 -2.8180151 -4.2335324
v -0.1322527 -0.0758292 -0.0055028 0.588235 0.588235 0.588235
vn -1.3098452 -2.9518337 5.3015718
v -0.0078737 -0.0100882 0.0117976 0.588235 0.588235 0.588235
vn 1.6480436 -1.9141766 5.2912817
v -0.1093270 -0.0615843 0.0026514 0.588235 0.588235 0.588235
vn 3.5032401 -4.1025786 1.9180626
v -0.1093127 -0.0616170 0.0026157 0.588235 0.588235 0.588235
vn 2.5349762 -3.0328882 3.8715792
v -0.1112936 -0.0633019 0.0026065 0.588235 0.588235 0.588235
vn -2.2225120 2.2759879 1.8040385
v -0.2360604 0.0572408 -0.0024054 0.588235 0.588235 0.588235
vn -5.3757563 2.8026412 -1.4442620
v -0.2513993 0.0376666 -0.0026034 0.588235 0.588235 0.588235
vn -5.2595067 2.7751722 -1.7933964
v -0.2514687 0.0377115 -0.0024054 0.588235 0.588235 0.588235
vn -4.8510752 3.3657100 -2.0119393
v -0.2484142 0.0427031 -0.0024054 0.588235 0.588235 0.588235
vn -2.5795956 2.3027296 -3.8256197
v -0.2407131 0.0525432 -0.0024054 0.588235 0.588235 0.588235
vn -0.4855752 3.3945262 -3.5986609
v -0.1835019 0.0802094 -0.0024054 0.588235 0.588235 0.588235
vn 0.1557261 5.9816570 -1.5396779
v -0.1730545 0.0811055 -0.0024054 0.588235 0.588235 0.588235
vn 0.0003706 6.1190214 -1.0485468
v -0.1730545 0.0810330 -0.0026034 0.588235 0.588235 0.588235
vn -1.6379254 5.9477110 -0.8545840
v -0.2026097 0.0759894 -0.0026034 0.588235 0.588235 0.588235
vn -1.5841640 5.8560343 -0.8545564
v -0.2026148 0.0760813 -0.0023116 0.588235 0.588235 0.588235
vn 2.3820815 3.0022297 -0.5132067
v -0.1835019 0.0802309 -0.0023116 0.588235 0.588235 0.588235
vn 1.8104355 3.9809070 3.9150128
v -0.1248557 0.0726757 0.0055028 0.588235 0.588235 0.588235
vn -1.5469755 3.7805901 4.1218314
v -0.2110170 0.0730594 0.0055028 0.000000 0.000000 0.000000
vn -0.6331865 1.6466346 5.7065001
v -0.2110170 0.0729513 0.0055590 0.000000 0.000000 0.000000
vn 0.7523149 1.6931438 5.6647334
v -0.1248557 0.0725788 0.0055590 0.000000 0.000000 0.000000
vn 3.0992489 -1.0397848 4.8512597
v -0.1076757 -0.0599912 0.0055426 0.588235 0.588235 0.588235
vn 4.5846934 -1.1012768 3.0773685
v -0.1076032 -0.0599300 0.0054936 0.588235 0.588235 0.588235
vn 4.0575628 -4.3704009 -1.1468819
v -0.1077706 -0.0604056 -0.0024575 0.588235 0.588235 0.588235
vn -1.9354030 2.2971296 -4.1706166
v -0.2309066 0.0616629 -0.0055028 0.588235 0.588235 0.588235
vn -1.1149683 2.4949470 1.6030412
v -0.2110170 0.0731145 -0.0054018 0.588235 0.588235 0.588235
vn -1.5243771 5.6430473 -1.1958226
v -0.2026179 0.0761048 -0.0054018 0.588235 0.588235 0.588235
vn 2.8560493 -2.1879690 4.7407589
v -0.1078063 -0.0602382 0.0055426 0.588235 0.588235 0.588235
vn 1.5134454 -0.8138582 5.7491941
v -0.1077951 -0.0601178 0.0055732 0.588235 0.588235 0.588235
vn 1.2884510 1.6518221 5.5108404
v -0.1145083 0.0659492 0.0055590 0.588235 0.588235 0.588235
vn 1.5185082 0.8151931 5.7492070
v -0.1077951 0.0601178 0.0055732 0.000000 0.000000 0.000000
vn -1.1877426 -4.7564735 3.5544624
v -0.0068133 -0.0136264 0.0090268 0.588235 0.588235 0.588235
vn -0.1963746 -4.1204414 4.6920557
v -0.0078706 -0.0118864 0.0104148 0.588235 0.588235 0.588235
vn -1.2744133 -5.0406280 3.4347267
v -0.0078706 -0.0133203 0.0087492 0.588235 0.588235 0.588235
vn 4.4094415 3.9233704 1.6519955
v -0.1077461 0.0601198 0.0026963 0.588235 0.588235 0.588235
vn 3.3190689 5.2240543 -0.4759102
v -0.1189783 0.0692711 0.0031198 0.588235 0.588235 0.588235
vn 3.0992486 1.0397848 -4.8512602
v -0.1076757 0.0599912 -0.0055426 0.588235 0.588235 0.588235
vn 0.8065664 4.6911850 -3.5667484
v -0.0015003 0.0138459 -0.0092758 0.588235 0.588235 0.588235
vn 3.9720213 -3.5615458 2.7181716
v -0.1077420 -0.0603362 0.0025391 0.588235 0.588235 0.588235
vn 3.1037014 -4.5178580 2.4850247
v -0.0842223 -0.0135366 0.0025861 0.588235 0.588235 0.588235
vn 2.3072512 -4.1449294 3.9479675
v -0.0842693 -0.0135295 0.0026422 0.588235 0.588235 0.588235
vn 1.2481275 2.5417428 1.7873766
v -0.1248557 0.0727247 -0.0054018 0.588235 0.588235 0.588235
vn -4.2560248 -4.3437529 -1.3330165
v -0.2360022 -0.0571847 -0.0026034 0.588235 0.588235 0.588235
vn -2.8979797 -2.8840213 1.5660806
v -0.2360604 -0.0572408 -0.0024054 0.588235 0.588235 0.588235
vn -2.5401070 -2.3566642 -3.7834349
v -0.2407131 -0.0525432 -0.0024054 0.588235 0.588235 0.588235
vn -4.4493179 -4.0955048 -0.2758612
v -0.2407325 -0.0525596 -0.0023116 0.588235 0.588235 0.588235
vn -5.0507402 -3.5051341 -0.7848548
v -0.2484336 -0.0427173 -0.0023116 0.588235 0.588235 0.588235
vn -5.2608433 -2.7113552 -1.9434966
v -0.2514687 -0.0377115 -0.0024054 0.588235 0.588235 0.588235
vn -4.8509970 -3.3658512 -2.0118411
v -0.2484142 -0.0427031 -0.0024054 0.588235 0.588235 0.588235
vn 4.1755152 -4.2820349 1.0987806
v -0.1077706 -0.0604056 0.0024575 0.588235 0.588235 0.588235
vn -5.1966667 -2.8066409 2.0155387
v -0.2514687 -0.0377115 0.0024054 0.588235 0.588235 0.588235
vn -5.3757563 -2.8026409 1.4442620
v -0.2513993 -0.0376666 0.0026034 0.588235 0.588235 0.588235
vn -5.9288745 -1.5340977 1.0140762
v -0.2576278 -0.0230727 0.0026034 0.588235 0.588235 0.588235
vn -5.3605776 -3.0094185 1.1934763
v -0.2514881 -0.0377248 0.0023116 0.588235 0.588235 0.588235
vn -2.4735117 -1.7169015 -2.2551298
v -0.2484336 -0.0427173 0.0023116 0.588235 0.588235 0.588235
vn -4.8511596 -3.3656070 2.0118539
v -0.2484142 -0.0427031 0.0024054 0.588235 0.588235 0.588235
vn -0.4220859 -0.7297006 6.1801782
v -0.0859001 -0.0050160 0.0093146 0.588235 0.588235 0.588235
vn -0.9143190 -2.4138398 4.6008759
v -0.0862206 -0.0049497 0.0092993 0.588235 0.588235 0.588235
vn -1.3497394 -0.2803268 6.0874305
v -0.0867615 -0.0048793 0.0091983 0.588235 0.588235 0.588235
vn -0.2727564 -3.4214821 5.1922584
v -0.0884127 -0.0096504 0.0080165 0.588235 0.588235 0.588235
vn -5.8001008 -1.6689416 -1.0120327
v -0.2577196 -0.0230951 -0.0023116 0.588235 0.588235 0.588235
vn -6.0243196 -0.4815570 -0.7348992
v -0.2610813 -0.0045394 -0.0023116 0.588235 0.588235 0.588235
vn -6.1413584 -0.5578197 -0.8315153
v -0.2609875 -0.0045394 -0.0026034 0.588235 0.588235 0.588235
vn 3.2586882 2.4634771 3.7273016
v -0.0010788 0.0103658 0.0123058 0.588235 0.588235 0.588235
vn 3.8180132 2.5956793 2.1787896
v -0.0010706 0.0136581 0.0092748 0.588235 0.588235 0.588235
vn 0.8055607 4.6928859 3.5655913
v -0.0015003 0.0138459 0.0092758 0.588235 0.588235 0.588235
vn -1.8780658 0.2285119 0.6394577
v -0.2599852 0.0136907 -0.0055028 0.588235 0.588235 0.588235
vn -2.1098177 0.2456208 -5.4477468
v -0.2599189 0.0136795 -0.0055590 1.000000 0.000000 0.000000
vn -3.1351318 -0.2688725 -3.8846166
v -0.2610824 -0.0045364 -0.0055028 0.588235 0.588235 0.588235
vn -3.0323548 0.2736522 -3.8865049
v -0.2610824 0.0045364 -0.0055028 0.588235 0.588235 0.588235
vn -0.1266336 6.1316290 0.9696146
v -0.1730545 0.0810330 0.0026034 0.588235 0.588235 0.588235
vn -0.0347455 5.9450855 1.1355462
v -0.1730545 0.0811055 0.0024054 0.588235 0.588235 0.588235
vn -1.6296844 5.7840934 1.0182543
v -0.2026138 0.0760599 0.0024054 0.588235 0.588235 0.588235
vn -2.8084712 5.3004165 0.7062169
v -0.2184446 0.0696498 0.0024054 0.588235 0.588235 0.588235
vn -1.6980796 5.9090343 0.9217391
v -0.2026097 0.0759894 0.0026034 0.588235 0.588235 0.588235
vn 0.5986631 -6.0563326 1.1962259
v -0.0840876 -0.0134713 0.0026657 0.588235 0.588235 0.588235
vn 0.4697455 -5.5375438 2.8373506
v -0.0841958 -0.0134683 0.0027024 0.588235 0.588235 0.588235
vn 1.5134454 0.8138582 -5.7491941
v -0.1077951 0.0601178 -0.0055732 0.588235 0.588235 0.588235
vn 1.2884508 -1.6518221 -5.5108404
v -0.1145083 -0.0659492 -0.0055590 0.588235 0.588235 0.588235
vn 0.7523150 -1.6931440 -5.6647339
v -0.1248557 -0.0725788 -0.0055590 1.000000 0.000000 0.000000
vn -1.8683702 1.1571074 -5.3690615
v -0.2407437 0.0524228 -0.0055590 1.000000 0.000000 0.000000
vn -3.0171959 -0.9136022 5.1889071
v -0.1052172 -0.0119956 0.0026320 0.588235 0.588235 0.588235
vn -3.0172348 0.9136023 5.1888657
v -0.1052172 0.0119956 0.0026320 0.588235 0.588235 0.588235
vn -0.1032826 -4.7465768 4.0873857
v -0.0920367 -0.0108311 0.0068367 0.588235 0.588235 0.588235
vn -0.1222283 -4.8278284 4.0009375
v -0.0919143 -0.0114108 0.0060498 0.588235 0.588235 0.588235
vn -0.2220105 -4.5502095 4.2962003
v -0.0869227 -0.0107413 0.0071194 0.588235 0.588235 0.588235
vn -0.5514222 5.4532566 2.8468347
v -0.1037904 0.0128171 0.0026596 0.588235 0.588235 0.588235
vn -0.0860824 5.5147657 2.8829870
v -0.0957454 0.0115782 0.0057437 0.588235 0.588235 0.588235
vn -0.0348480 4.6685185 4.1614628
v -0.0920367 0.0108311 0.0068367 0.588235 0.588235 0.588235
vn -0.1405202 5.3030639 3.3384228
v -0.0919143 0.0114108 0.0060498 0.588235 0.588235 0.588235
vn -0.2284828 4.3576269 4.4554749
v -0.0869227 0.0107413 0.0071194 0.588235 0.588235 0.588235
vn -0.2217284 5.2640176 3.3665948
v -0.0868268 0.0117333 0.0058753 0.588235 0.588235 0.588235
vn -1.2744136 5.0406280 3.4347267
v -0.0078706 0.0133203 0.0087492 0.588235 0.588235 0.588235
vn -1.3136168 5.8560562 1.4544184
v -0.0078849 0.0158502 0.0039628 0.588235 0.588235 0.588235
vn -0.1621657 6.1672268 0.8531024
v -0.0794676 0.0135805 0.0025167 0.588235 0.588235 0.588235
vn -0.1713771 5.8333464 2.2708607
v -0.0797533 0.0134570 0.0029208 0.588235 0.588235 0.588235
vn -0.9012764 -3.5328176 -3.4248967
v -0.1039037 -0.0125936 -0.0036158 0.588235 0.588235 0.588235
vn -0.1811256 -5.2473650 3.4016118
v -0.0868268 -0.0117333 0.0058753 0.588235 0.588235 0.588235
vn -0.2095808 -5.3799229 3.1969805
v -0.0957454 -0.0115782 0.0057437 0.588235 0.588235 0.588235
vn 3.5410411 3.4265985 -2.6855659
v -0.0010706 0.0136581 -0.0092748 0.588235 0.588235 0.588235
vn -1.2624156 1.0830679 0.4853276
v -0.2407590 0.0525238 -0.0055028 0.588235 0.588235 0.588235
vn 5.4286323 0.6209842 -1.9894533
v -0.0008308 0.0100984 -0.0120160 0.588235 0.588235 0.588235
vn 5.5922747 1.1796743 1.5737234
v -0.0008308 0.0100984 0.0120160 0.588235 0.588235 0.588235
vn 6.0027986 1.2075022 0.3711806
v -0.0007920 0.0155604 0.0043139 0.588235 0.588235 0.588235
vn 2.8569088 5.2871866 -0.1250946
v -0.0841050 0.0135448 -0.0018115 0.588235 0.588235 0.588235
vn -5.4436994 2.8448293 0.7920648
v -0.2514881 0.0377248 0.0023116 0.588235 0.588235 0.588235
vn -5.7451191 1.8410964 1.1525351
v -0.2577196 0.0230951 0.0023116 0.588235 0.588235 0.588235
vn -2.6207535 1.3460344 4.2194862
v -0.2513993 0.0376666 0.0026034 0.588235 0.588235 0.588235
vn -5.2613287 2.7108846 1.9431007
v -0.2514687 0.0377115 0.0024054 0.588235 0.588235 0.588235
vn -1.2330196 3.1203129 -4.9569225
v -0.0068133 0.0102933 -0.0121538 0.588235 0.588235 0.588235
vn 3.0175350 -4.8741589 1.0654545
v -0.0841846 -0.0135407 0.0024850 0.588235 0.588235 0.588235
vn 2.6465836 5.2316484 -0.0935206
v -0.0841907 0.0136366 -0.0017849 0.588235 0.588235 0.588235
vn 5.4073219 2.9385540 -1.0911535
v -0.0842407 0.0136417 -0.0024503 0.588235 0.588235 0.588235
vn 0.2920053 -6.2327571 -0.5471160
v -0.0838794 -0.0134989 -0.0023738 0.588235 0.588235 0.588235
vn 2.9768062 -5.0330086 -0.4120347
v -0.0841529 -0.0135438 -0.0023279 0.588235 0.588235 0.588235
vn 5.6637459 -1.3169516 0.8917730
v -0.1075675 -0.0599086 0.0053997 0.588235 0.588235 0.588235
vn 4.5769706 -3.8191066 0.5962077
v -0.1077798 -0.0603117 0.0053997 0.588235 0.588235 0.588235
vn 5.3761396 -3.1989467 0.3206422
v -0.1076155 -0.0599280 0.0027800 0.588235 0.588235 0.588235
vn 3.5147567 2.9444737 -2.5606771
v -0.1073757 0.0599565 -0.0024238 0.588235 0.588235 0.588235
vn 2.6856856 2.8385432 1.6703539
v -0.1077706 0.0604056 -0.0024575 0.588235 0.588235 0.588235
vn 4.9639964 3.6595850 0.7222160
v -0.1070389 0.0595463 0.0022656 0.588235 0.588235 0.588235
vn 4.9639978 3.6595864 -0.7222092
v -0.1070389 0.0595463 -0.0022656 0.588235 0.588235 0.588235
vn 4.1619563 4.5476060 -0.6036055
v -0.1075328 0.0601270 -0.0022779 0.588235 0.588235 0.588235
vn 4.7563653 4.1024871 -0.1085840
v -0.1075328 0.0601270 0.0022779 0.588235 0.588235 0.588235
vn 4.4714746 3.4908178 1.6442598
v -0.1073757 0.0599565 0.0024238 0.588235 0.588235 0.588235
vn -1.3136163 -5.8560562 1.4544189
v -0.0078849 -0.0158502 0.0039628 0.588235 0.588235 0.588235
vn 1.7834585 5.8574033 1.0033280
v -0.1322466 0.0757578 0.0026116 0.588235 0.588235 0.588235
vn 2.8818784 4.8255901 2.7316842
v -0.1189304 0.0692395 0.0025279 0.588235 0.588235 0.588235
vn 2.3201361 2.9740562 4.3558335
v -0.1144491 0.0659992 0.0025483 0.588235 0.588235 0.588235
vn -1.2636944 5.5763803 1.3865273
v -0.0068143 0.0162676 0.0040730 0.588235 0.588235 0.588235
vn 5.6129832 0.3838441 1.8937558
v -0.0008186 0.0080859 0.0127784 0.588235 0.588235 0.588235
vn 5.7770004 1.2357886 -1.1070645
v -0.0007992 0.0130498 -0.0092421 0.588235 0.588235 0.588235
vn -0.1986366 4.1192470 4.6928635
v -0.0078706 0.0118864 0.0104148 0.588235 0.588235 0.588235
vn -1.1877421 4.7564735 3.5544641
v -0.0068133 0.0136264 0.0090268 0.588235 0.588235 0.588235
vn 4.4714746 -3.4908178 -1.6442598
v -0.1073757 -0.0599565 -0.0024238 0.588235 0.588235 0.588235
vn 3.5914636 -2.8684378 2.5796173
v -0.1073757 -0.0599565 0.0024238 0.588235 0.588235 0.588235
vn 4.7559710 -4.1029482 -0.1092544
v -0.1075328 -0.0601270 0.0022779 0.588235 0.588235 0.588235
vn 4.9639978 -3.6595864 0.7222092
v -0.1070389 -0.0595463 0.0022656 0.588235 0.588235 0.588235
vn 4.9639134 -3.6596820 -0.7220621
v -0.1070389 -0.0595463 -0.0022656 0.588235 0.588235 0.588235
vn 4.7564468 -4.1023912 0.1087949
v -0.1075328 -0.0601270 -0.0022779 0.588235 0.588235 0.588235
vn 1.7811744 5.8579473 -1.0047166
v -0.1322466 0.0757578 -0.0026116 0.588235 0.588235 0.588235
vn -2.9338310 0.2625049 2.0683162
v -0.2611130 0.0045384 -0.0054018 0.588235 0.588235 0.588235
vn -6.0375614 -0.5050182 -0.7513177
v -0.2611130 -0.0045384 -0.0054018 0.588235 0.588235 0.588235
vn 4.6162119 -1.2948231 0.5087475
v -0.1189691 -0.0691864 0.0026922 0.588235 0.588235 0.588235
vn -4.9985304 3.4273725 1.3675596
v -0.2483448 0.0426530 0.0026034 0.588235 0.588235 0.588235
vn -4.2554784 4.3445282 1.3324451
v -0.2360022 0.0571847 0.0026034 0.588235 0.588235 0.588235
vn 5.6636672 1.3169743 0.8917636
v -0.1075675 0.0599086 0.0053998 0.588235 0.588235 0.588235
vn 3.3844352 3.8601201 -3.4712856
v -0.1082329 0.0606260 -0.0026524 0.588235 0.588235 0.588235
vn 3.3408699 4.8771462 -1.7224665
v -0.1189589 0.0691936 -0.0026289 0.588235 0.588235 0.588235
vn 1.6480436 1.9141766 -5.2912817
v -0.1093270 0.0615843 -0.0026514 0.588235 0.588235 0.588235
vn 1.2481256 2.5417385 -1.7873788
v -0.1248557 0.0727247 0.0054018 0.588235 0.588235 0.588235
vn 2.3620496 2.9767330 1.4842535
v -0.1144256 0.0660217 -0.0024850 0.588235 0.588235 0.588235
vn 2.3154681 2.9786978 -4.3574991
v -0.1144491 0.0659992 -0.0025483 0.588235 0.588235 0.588235
vn 2.8867412 4.8237939 -2.7304590
v -0.1189304 0.0692395 -0.0025279 0.588235 0.588235 0.588235
vn 0.1687384 -5.2080173 3.4389160
v -0.0842836 -0.0134529 0.0027341 0.588235 0.588235 0.588235
vn 0.8109390 -4.4673243 4.1720276
v -0.0842774 -0.0134785 0.0026983 0.588235 0.588235 0.588235
vn -0.1719483 -5.8332806 2.2709615
v -0.0797533 -0.0134570 0.0029208 0.588235 0.588235 0.588235
vn -0.1784566 -6.1669326 0.8450251
v -0.0794676 -0.0135805 0.0025167 0.588235 0.588235 0.588235
vn -1.4842503 2.7194321 2.6477237
v -0.2184559 0.0696834 -0.0021809 0.588235 0.588235 0.588235
vn -2.8512127 5.3596978 -1.3015652
v -0.2184508 0.0696692 -0.0023116 0.588235 0.588235 0.588235
vn -1.5929236 3.7965469 -3.2502778
v -0.2110109 0.0730921 -0.0023116 0.588235 0.588235 0.588235
vn -2.2796700 5.7608404 0.1107738
v -0.2110129 0.0731074 -0.0021809 0.588235 0.588235 0.588235
vn -2.8806214 -5.4330616 -0.8723502
v -0.2184232 -0.0695834 -0.0026034 0.588235 0.588235 0.588235
vn -2.6929917 -5.2484398 -0.2700814
v -0.2184446 -0.0696498 -0.0024054 0.588235 0.588235 0.588235
vn -3.6973760 -4.8755445 -0.7526366
v -0.2308913 -0.0617190 -0.0021809 0.588235 0.588235 0.588235
vn -3.6848860 -4.9623332 -1.0092821
v -0.2308199 -0.0616292 -0.0026034 0.588235 0.588235 0.588235
vn 4.3396082 2.5978093 -3.0375021
v -0.1075308 0.0599035 -0.0026422 0.588235 0.588235 0.588235
vn 4.6953630 2.2697523 -3.1959915
v -0.1075379 0.0598310 -0.0026790 0.588235 0.588235 0.588235
vn 3.4620731 3.0847311 -4.0795002
v -0.1077339 0.0601453 -0.0026494 0.588235 0.588235 0.588235
vn 2.5817962 1.3683372 -4.4247875
v -0.0962781 0.0438573 -0.0025810 0.588235 0.588235 0.588235
vn 2.5560546 1.6223975 -5.4542427
v -0.0843172 0.0136295 -0.0026116 0.588235 0.588235 0.588235
vn 4.0081453 0.8904088 -4.5896668
v -0.1074644 0.0596259 -0.0026963 0.588235 0.588235 0.588235
vn 3.3832335 2.8803296 -4.1979198
v -0.1077298 0.0602668 -0.0025881 0.588235 0.588235 0.588235
vn 3.5032401 4.1025786 -1.9180626
v -0.1093127 0.0616170 -0.0026157 0.588235 0.588235 0.588235
vn 2.5349762 3.0328882 -3.8715792
v -0.1112936 0.0633019 -0.0026065 0.588235 0.588235 0.588235
vn -1.6980796 -5.9090343 -0.9217391
v -0.2026097 -0.0759894 -0.0026034 1.000000 0.000000 0.000000
vn -1.5180705 -5.6453171 -1.1965189
v -0.2026179 -0.0761048 -0.0054018 1.000000 0.000000 0.000000
vn -5.7164974 -1.6849120 0.8297612
v -0.2577502 -0.0231002 0.0054018 0.588235 0.588235 0.588235
vn -2.9338310 -0.2625049 -2.0683162
v -0.2611130 -0.0045384 0.0054018 0.588235 0.588235 0.588235
vn 1.2672734 -1.6240432 5.5118980
v -0.1145083 -0.0659492 0.0055590 0.000000 0.000000 0.000000
vn 4.3825388 -3.2499008 -0.2611740
v -0.1189783 -0.0692711 0.0031198 0.588235 0.588235 0.588235
vn 3.9494674 -3.3401539 2.6689339
v -0.1077951 -0.0602943 0.0054936 0.588235 0.588235 0.588235
vn 1.1147097 -1.5693862 -0.6293413
v -0.1145083 -0.0660360 0.0055028 0.588235 0.588235 0.588235
vn -1.8206038 1.2333488 5.3503170
v -0.2407437 0.0524228 0.0055590 0.000000 0.000000 0.000000
vn -1.9064226 2.2489128 4.1713018
v -0.2309066 0.0616629 0.0055028 0.588235 0.588235 0.588235
vn -1.0595977 1.0797004 -0.4026783
v -0.2407590 0.0525238 0.0055028 0.588235 0.588235 0.588235
vn -3.5981462 -4.5833664 -1.6457788
v -0.2309087 -0.0617211 -0.0054018 0.588235 0.588235 0.588235
vn 5.0942178 2.7453568 -1.4205149
v -0.0962516 0.0438777 -0.0025187 0.588235 0.588235 0.588235
vn 3.9720213 3.5615456 -2.7181718
v -0.1077420 0.0603362 -0.0025391 0.588235 0.588235 0.588235
vn -2.1503234 -5.3173318 -0.6298666
v -0.2110170 -0.0731145 -0.0054018 0.588235 0.588235 0.588235
vn -1.4970171 -2.7446022 -2.8799076
v -0.2184640 -0.0696885 -0.0054018 0.588235 0.588235 0.588235
vn -0.7452074 -2.7747390 -4.3978300
v -0.2026179 -0.0760527 -0.0055028 1.000000 0.000000 0.000000
vn -3.7889612 -4.9214430 -0.1853187
v -0.2309087 -0.0617405 -0.0052365 0.588235 0.588235 0.588235
vn -2.1654773 -2.2512040 -2.8364267
v -0.2361114 -0.0572909 -0.0052365 0.588235 0.588235 0.588235
vn -4.3418784 -4.5312996 0.0078602
v -0.2359992 -0.0571817 -0.0026800 0.588235 0.588235 0.588235
vn -3.7433646 -5.0346656 0.0059520
v -0.2308168 -0.0616262 -0.0026800 0.588235 0.588235 0.588235
vn 1.8104355 -3.9809070 -3.9150128
v -0.1248557 -0.0726757 -0.0055028 0.588235 0.588235 0.588235
vn -2.8837578 0.9207041 3.9230998
v -0.2577176 0.0230880 0.0055028 0.588235 0.588235 0.588235
vn -0.0000000 0.0000000 0.0000021
v -0.2540211 0.0327782 0.0055028 0.588235 0.588235 0.588235
vn -2.5429492 1.6509145 3.8831186
v -0.2484499 0.0426990 0.0055028 0.588235 0.588235 0.588235
vn -5.0366516 3.1971445 1.3227152
v -0.2484683 0.0427347 0.0054018 0.588235 0.588235 0.588235
vn 5.3761396 3.1989467 -0.3206422
v -0.1076155 0.0599280 -0.0027800 0.588235 0.588235 0.588235
vn 0.1624205 6.1624608 -0.4916164
v -0.1730545 0.0811422 -0.0021809 0.588235 0.588235 0.588235
vn -1.0059083 5.9997020 0.3692120
v -0.1835019 0.0802462 -0.0021809 0.588235 0.588235 0.588235
vn -3.1165719 4.4387584 2.6183028
v -0.1048079 0.0125916 0.0026504 0.588235 0.588235 0.588235
vn 1.2481256 -2.5417385 1.7873788
v -0.1248557 -0.0727247 -0.0054018 0.588235 0.588235 0.588235
vn -3.7098007 -4.8985105 0.6653909
v -0.2308811 -0.0617058 0.0023116 0.588235 0.588235 0.588235
vn -1.6296844 -5.7840939 -1.0182543
v -0.2026138 -0.0760599 -0.0024054 1.000000 0.000000 0.000000
vn -1.3136171 -5.8560553 -1.4544184
v -0.0078849 -0.0158502 -0.0039628 0.588235 0.588235 0.588235
vn -3.0882952 1.6442776 -3.4793105
v -0.2513942 0.0376636 0.0026800 0.588235 0.588235 0.588235
vn -5.0670376 3.1940789 1.4770787
v -0.2483407 0.0426500 0.0026800 0.588235 0.588235 0.588235
vn -5.2919745 3.2485099 -0.0392792
v -0.2484744 0.0427469 0.0052365 0.588235 0.588235 0.588235
vn -2.9241753 2.4319777 2.8922656
v -0.2448892 0.0477181 0.0052365 0.588235 0.588235 0.588235
vn -4.3472309 3.5755265 -1.8534185
v -0.2448617 0.0476966 0.0033995 0.588235 0.588235 0.588235
vn -5.2143559 2.5002093 0.8130853
v -0.2515004 0.0377319 0.0033995 0.588235 0.588235 0.588235
vn -5.4323473 -2.8686492 -0.8173943
v -0.2514881 -0.0377248 -0.0023116 0.588235 0.588235 0.588235
vn -2.3937187 -2.1344225 -2.2075946
v -0.2407325 -0.0525596 0.0023116 0.588235 0.588235 0.588235
vn -5.4424248 -3.0467420 0.4190817
v -0.2515034 -0.0377350 0.0021809 0.588235 0.588235 0.588235
vn -3.2308593 -2.2964418 2.8984275
v -0.2484489 -0.0427286 0.0021809 0.588235 0.588235 0.588235
vn -1.7442147 -2.3637149 3.7173278
v -0.2308678 -0.0616884 0.0024054 0.588235 0.588235 0.588235
vn -2.7618186 -2.8136134 -1.6243058
v -0.2360604 -0.0572408 0.0024054 0.588235 0.588235 0.588235
vn -2.5795956 -2.3027296 3.8256195
v -0.2407131 -0.0525432 0.0024054 0.588235 0.588235 0.588235
vn 5.4485550 2.4609261 -0.2006715
v -0.0842723 0.0136377 -0.0025524 0.588235 0.588235 0.588235
vn 2.9381127 -5.0865383 0.3659850
v -0.0841529 -0.0135438 0.0023279 0.588235 0.588235 0.588235
vn 1.5360675 -5.8430409 1.2123049
v -0.0838794 -0.0134989 0.0023738 0.588235 0.588235 0.588235
vn -0.1167095 -4.6759915 -4.0978813
v -0.0843918 -0.0135070 -0.0026841 0.588235 0.588235 0.588235
vn 0.9770542 -4.7495599 -3.9047785
v -0.0842774 -0.0134785 -0.0026983 0.588235 0.588235 0.588235
vn 0.1575473 -5.2124686 -3.4299541
v -0.0842836 -0.0134529 -0.0027341 0.588235 0.588235 0.588235
vn -0.2217284 -5.2640176 -3.3665948
v -0.0868268 -0.0117333 -0.0058753 0.588235 0.588235 0.588235
vn -0.1633675 -6.1671982 -0.8508176
v -0.0794676 -0.0135805 -0.0025167 0.588235 0.588235 0.588235
vn -0.1713771 -5.8333464 -2.2708607
v -0.0797533 -0.0134570 -0.0029208 0.588235 0.588235 0.588235
vn 1.3657427 -1.9133549 0.5946188
v -0.1145083 -0.0660360 -0.0055028 0.588235 0.588235 0.588235
vn 1.7177306 -2.4436841 -4.0991173
v -0.1189773 -0.0692752 -0.0055028 0.588235 0.588235 0.588235
vn -2.1503234 5.3173323 0.6298666
v -0.2110170 0.0731145 0.0054018 0.588235 0.588235 0.588235
vn 3.4620728 3.0847309 4.0794997
v -0.1077339 0.0601453 0.0026494 0.588235 0.588235 0.588235
vn 2.5807493 3.0907516 3.3244216
v -0.1112936 0.0633019 0.0026065 0.588235 0.588235 0.588235
vn 3.5032399 4.1025786 1.9180750
v -0.1093127 0.0616170 0.0026157 0.588235 0.588235 0.588235
vn 4.6953635 2.2697523 3.1959913
v -0.1075379 0.0598310 0.0026790 0.588235 0.588235 0.588235
vn 3.6664388 2.4253247 4.4403248
v -0.1075308 0.0599035 0.0026422 0.588235 0.588235 0.588235
vn -5.7500334 2.2458339 0.1602824
v -0.2560908 0.0279122 -0.0021809 0.588235 0.588235 0.588235
vn -4.2144594 1.7544653 -3.0699778
v -0.2560755 0.0279071 -0.0023116 0.588235 0.588235 0.588235
vn -5.4615846 2.9358099 -0.5546426
v -0.2515034 0.0377350 -0.0021809 0.588235 0.588235 0.588235
vn 5.3761396 3.1989467 0.3206421
v -0.1076155 0.0599280 0.0027800 0.588235 0.588235 0.588235
# 694 vertices, 0 vertices normals

f 1//1 2//2 3//3
f 3//3 4//4 5//5
f 5//5 6//6 7//7
f 7//7 1//1 3//3
f 3//3 5//5 7//7
f 8//8 9//9 10//10
f 8//8 10//10 11//11
f 12//12 13//13 11//11
f 12//12 11//11 10//10
f 14//14 15//15 16//16
f 14//14 16//16 17//17
f 18//18 19//19 20//20
f 21//21 22//22 23//23
f 18//18 20//20 21//21
f 24//24 25//25 18//18
f 21//21 23//23 24//24
f 21//21 24//24 18//18
f 26//26 15//15 14//14
f 26//26 14//14 27//27
f 28//28 29//29 30//30
f 30//30 31//31 32//32
f 32//32 33//33 28//28
f 28//28 30//30 32//32
f 34//34 35//35 36//36
f 34//34 36//36 29//29
f 30//30 29//29 36//36
f 36//36 35//35 37//37
f 37//37 38//38 39//39
f 39//39 40//40 41//41
f 42//42 30//30 36//36
f 36//36 37//37 39//39
f 39//39 41//41 42//42
f 42//42 36//36 39//39
f 43//43 34//34 29//29
f 43//43 29//29 28//28
f 44//44 45//45 46//46
f 46//46 47//47 48//48
f 49//49 50//50 51//51
f 46//46 48//48 49//49
f 52//52 44//44 46//46
f 53//53 54//54 52//52
f 55//55 56//56 53//53
f 57//57 58//58 55//55
f 59//59 60//60 57//57
f 51//51 61//61 59//59
f 52//52 46//46 49//49
f 49//49 51//51 59//59
f 59//59 57//57 55//55
f 55//55 53//53 52//52
f 52//52 49//49 59//59
f 59//59 55//55 52//52
f 62//62 63//63 64//64
f 65//65 66//66 67//67
f 62//62 64//64 65//65
f 68//68 69//69 62//62
f 65//65 67//67 68//68
f 65//65 68//68 62//62
f 67//67 70//70 71//71
f 71//71 72//72 68//68
f 71//71 68//68 67//67
f 73//73 71//71 70//70
f 73//73 70//70 74//74
f 75//75 76//76 77//77
f 75//75 77//77 78//78
f 79//79 80//80 81//81
f 81//81 82//82 83//83
f 83//83 84//84 85//85
f 85//85 79//79 81//81
f 81//81 83//83 85//85
f 86//86 87//87 88//88
f 86//86 88//88 89//89
f 90//90 91//91 92//92
f 93//93 94//94 95//95
f 90//90 92//92 93//93
f 96//96 97//97 98//98
f 90//90 93//93 95//95
f 25//25 96//96 98//98
f 98//98 90//90 95//95
f 95//95 22//22 21//21
f 95//95 21//21 20//20
f 18//18 25//25 98//98
f 19//19 18//18 98//98
f 98//98 95//95 20//20
f 20//20 19//19 98//98
f 99//99 100//100 101//101
f 102//102 103//103 104//104
f 102//102 104//104 105//105
f 106//106 107//107 108//108
f 106//106 108//108 109//109
f 110//110 111//111 112//112
f 112//112 113//113 114//114
f 115//115 110//110 112//112
f 112//112 114//114 115//115
f 116//116 104//104 117//117
f 117//117 118//118 119//119
f 117//117 119//119 116//116
f 7//7 6//6 120//120
f 7//7 120//120 121//121
f 112//112 122//122 123//123
f 123//123 124//124 125//125
f 125//125 126//126 113//113
f 113//113 112//112 123//123
f 123//123 125//125 113//113
f 127//127 128//128 129//129
f 130//130 131//131 132//132
f 127//127 129//129 130//130
f 132//132 133//133 134//134
f 134//134 127//127 130//130
f 130//130 132//132 134//134
f 135//135 136//136 137//137
f 135//135 137//137 138//138
f 139//139 140//140 141//141
f 142//142 143//143 144//144
f 139//139 141//141 142//142
f 145//145 146//146 147//147
f 139//139 142//142 144//144
f 69//69 145//145 147//147
f 147//147 139//139 144//144
f 144//144 66//66 65//65
f 144//144 65//65 64//64
f 62//62 69//69 147//147
f 63//63 62//62 147//147
f 147//147 144//144 64//64
f 64//64 63//63 147//147
f 148//148 149//149 150//150
f 150//150 151//151 152//152
f 150//150 152//152 148//148
f 153//153 154//154 155//155
f 145//145 69//69 153//153
f 153//153 155//155 145//145
f 156//156 157//157 158//158
f 158//158 159//159 160//160
f 161//161 162//162 163//163
f 158//158 160//160 161//161
f 161//161 163//163 156//156
f 158//158 161//161 156//156
f 154//154 164//164 165//165
f 165//165 166//166 167//167
f 167//167 168//168 155//155
f 155//155 154//154 165//165
f 165//165 167//167 155//155
f 169//169 170//170 171//171
f 172//172 40//40 39//39
f 169//169 171//171 172//172
f 169//169 172//172 39//39
f 169//169 39//39 38//38
f 173//173 169//169 38//38
f 174//174 175//175 176//176
f 173//173 38//38 174//174
f 177//177 173//173 174//174
f 174//174 176//176 178//178
f 178//178 47//47 179//179
f 180//180 177//177 174//174
f 178//178 179//179 180//180
f 174//174 178//178 180//180
f 181//181 35//35 34//34
f 34//34 182//182 183//183
f 183//183 184//184 181//181
f 181//181 34//34 183//183
f 185//185 186//186 187//187
f 185//185 187//187 188//188
f 189//189 190//190 191//191
f 191//191 192//192 193//193
f 193//193 194//194 195//195
f 195//195 189//189 191//191
f 191//191 193//193 195//195
f 99//99 196//196 197//197
f 99//99 197//197 100//100
f 27//27 198//198 199//199
f 27//27 199//199 26//26
f 200//200 201//201 26//26
f 200//200 26//26 199//199
f 41//41 40//40 202//202
f 41//41 202//202 203//203
f 204//204 203//203 205//205
f 204//204 205//205 206//206
f 49//49 48//48 207//207
f 207//207 208//208 51//51
f 50//50 49//49 207//207
f 207//207 51//51 50//50
f 209//209 210//210 211//211
f 211//211 212//212 213//213
f 211//211 213//213 209//209
f 171//171 170//170 214//214
f 171//171 214//214 215//215
f 216//216 217//217 218//218
f 216//216 218//218 219//219
f 170//170 217//217 216//216
f 170//170 216//216 214//214
f 220//220 221//221 222//222
f 222//222 61//61 223//223
f 220//220 222//222 223//223
f 224//224 225//225 226//226
f 227//227 228//228 229//229
f 224//224 226//226 227//227
f 224//224 227//227 229//229
f 224//224 229//229 230//230
f 231//231 224//224 230//230
f 232//232 233//233 210//210
f 231//231 230//230 232//232
f 234//234 231//231 232//232
f 232//232 210//210 209//209
f 209//209 213//213 235//235
f 236//236 234//234 232//232
f 209//209 235//235 236//236
f 232//232 209//209 236//236
f 237//237 238//238 239//239
f 239//239 240//240 79//79
f 79//79 241//241 242//242
f 237//237 239//239 79//79
f 237//237 79//79 242//242
f 243//243 244//244 245//245
f 245//245 246//246 247//247
f 247//247 248//248 249//249
f 249//249 243//243 245//245
f 245//245 247//247 249//249
f 250//250 251//251 252//252
f 250//250 252//252 219//219
f 253//253 254//254 255//255
f 253//253 255//255 256//256
f 189//189 257//257 258//258
f 189//189 258//258 190//190
f 251//251 45//45 44//44
f 44//44 259//259 260//260
f 260//260 261//261 262//262
f 262//262 251//251 44//44
f 44//44 260//260 262//262
f 263//263 264//264 265//265
f 265//265 266//266 267//267
f 267//267 268//268 269//269
f 270//270 271//271 272//272
f 267//267 269//269 270//270
f 263//263 265//265 267//267
f 270//270 272//272 273//273
f 273//273 263//263 267//267
f 273//273 267//267 270//270
f 239//239 274//274 275//275
f 239//239 275//275 240//240
f 276//276 277//277 278//278
f 276//276 278//278 279//279
f 198//198 280//280 281//281
f 198//198 281//281 199//199
f 200//200 199//199 281//281
f 281//281 282//282 283//283
f 281//281 283//283 200//200
f 284//284 285//285 286//286
f 287//287 288//288 289//289
f 284//284 286//286 287//287
f 284//284 287//287 289//289
f 290//290 291//291 292//292
f 292//292 293//293 294//294
f 294//294 295//295 290//290
f 292//292 294//294 290//290
f 296//296 182//182 34//34
f 43//43 297//297 298//298
f 296//296 34//34 43//43
f 43//43 298//298 296//296
f 132//132 131//131 299//299
f 132//132 299//299 300//300
f 301//301 302//302 303//303
f 304//304 305//305 306//306
f 301//301 303//303 304//304
f 304//304 306//306 301//301
f 10//10 9//9 283//283
f 283//283 282//282 307//307
f 283//283 307//307 10//10
f 308//308 133//133 132//132
f 132//132 309//309 310//310
f 310//310 311//311 312//312
f 313//313 308//308 132//132
f 310//310 312//312 313//313
f 132//132 310//310 313//313
f 253//253 252//252 314//314
f 253//253 314//314 254//254
f 315//315 316//316 317//317
f 318//318 96//96 315//315
f 315//315 317//317 318//318
f 319//319 320//320 204//204
f 319//319 204//204 321//321
f 322//322 323//323 324//324
f 324//324 325//325 326//326
f 324//324 326//326 322//322
f 327//327 328//328 329//329
f 329//329 324//324 323//323
f 329//329 323//323 327//327
f 330//330 331//331 332//332
f 332//332 333//333 334//334
f 334//334 335//335 336//336
f 337//337 330//330 332//332
f 334//334 336//336 337//337
f 332//332 334//334 337//337
f 338//338 339//339 320//320
f 320//320 319//319 186//186
f 186//186 185//185 340//340
f 340//340 341//341 338//338
f 338//338 320//320 186//186
f 186//186 340//340 338//338
f 166//166 165//165 342//342
f 342//342 343//343 344//344
f 344//344 345//345 166//166
f 342//342 344//344 166//166
f 35//35 181//181 184//184
f 35//35 184//184 37//37
f 346//346 184//184 183//183
f 346//346 183//183 109//109
f 347//347 2//2 1//1
f 1//1 348//348 349//349
f 349//349 107//107 350//350
f 347//347 1//1 349//349
f 347//347 349//349 350//350
f 351//351 352//352 58//58
f 351//351 58//58 57//57
f 353//353 354//354 355//355
f 353//353 355//355 356//356
f 354//354 280//280 357//357
f 354//354 357//357 355//355
f 82//82 81//81 358//358
f 358//358 261//261 260//260
f 260//260 359//359 360//360
f 360//360 361//361 83//83
f 82//82 358//358 260//260
f 360//360 83//83 82//82
f 260//260 360//360 82//82
f 362//362 363//363 364//364
f 362//362 364//364 365//365
f 325//325 366//366 362//362
f 367//367 289//289 325//325
f 362//362 365//365 367//367
f 362//362 367//367 325//325
f 368//368 135//135 138//138
f 368//368 138//138 369//369
f 127//127 134//134 74//74
f 70//70 67//67 370//370
f 127//127 74//74 70//70
f 371//371 128//128 127//127
f 70//70 370//370 371//371
f 70//70 371//371 127//127
f 55//55 58//58 372//372
f 55//55 372//372 56//56
f 373//373 374//374 375//375
f 373//373 375//375 17//17
f 376//376 13//13 377//377
f 378//378 379//379 376//376
f 377//377 378//378 376//376
f 380//380 381//381 382//382
f 383//383 384//384 385//385
f 380//380 382//382 383//383
f 386//386 387//387 380//380
f 383//383 385//385 386//386
f 383//383 386//386 380//380
f 12//12 353//353 356//356
f 12//12 356//356 388//388
f 389//389 74//74 134//134
f 389//389 134//134 133//133
f 390//390 391//391 392//392
f 390//390 392//392 393//393
f 379//379 378//378 84//84
f 83//83 361//361 394//394
f 379//379 84//84 83//83
f 83//83 394//394 379//379
f 395//395 396//396 397//397
f 398//398 399//399 400//400
f 395//395 397//397 398//398
f 401//401 402//402 395//395
f 398//398 400//400 401//401
f 395//395 398//398 401//401
f 403//403 404//404 393//393
f 403//403 393//393 392//392
f 375//375 374//374 405//405
f 406//406 303//303 302//302
f 375//375 405//405 406//406
f 406//406 302//302 375//375
f 407//407 108//108 408//408
f 408//408 409//409 410//410
f 411//411 407//407 408//408
f 408//408 410//410 411//411
f 412//412 413//413 292//292
f 292//292 291//291 414//414
f 292//292 414//414 412//412
f 333//333 415//415 363//363
f 363//363 416//416 334//334
f 363//363 334//334 333//333
f 417//417 148//148 152//152
f 152//152 418//418 419//419
f 419//419 420//420 421//421
f 421//421 417//417 152//152
f 152//152 419//419 421//421
f 306//306 422//422 27//27
f 27//27 14//14 301//301
f 306//306 27//27 301//301
f 30//30 423//423 424//424
f 425//425 426//426 427//427
f 30//30 424//424 425//425
f 33//33 32//32 31//31
f 31//31 30//30 425//425
f 425//425 427//427 33//33
f 425//425 33//33 31//31
f 389//389 133//133 308//308
f 308//308 428//428 429//429
f 430//430 431//431 389//389
f 308//308 429//429 430//430
f 308//308 430//430 389//389
f 241//241 388//388 356//356
f 356//356 432//432 242//242
f 356//356 242//242 241//241
f 433//433 434//434 376//376
f 433//433 376//376 435//435
f 436//436 437//437 438//438
f 438//438 439//439 440//440
f 438//438 440//440 436//436
f 441//441 442//442 443//443
f 441//441 443//443 444//444
f 444//444 443//443 445//445
f 444//444 445//445 446//446
f 447//447 448//448 210//210
f 233//233 232//232 76//76
f 447//447 210//210 233//233
f 441//441 444//444 449//449
f 76//76 442//442 441//441
f 449//449 447//447 233//233
f 233//233 76//76 441//441
f 233//233 441//441 449//449
f 450//450 451//451 452//452
f 450//450 452//452 453//453
f 454//454 422//422 306//306
f 454//454 306//306 305//305
f 449//449 444//444 446//446
f 446//446 455//455 456//456
f 456//456 457//457 449//449
f 449//449 446//446 456//456
f 74//74 389//389 114//114
f 74//74 114//114 73//73
f 458//458 95//95 94//94
f 94//94 459//459 460//460
f 461//461 387//387 386//386
f 94//94 460//460 461//461
f 462//462 458//458 94//94
f 461//461 386//386 462//462
f 94//94 461//461 462//462
f 463//463 464//464 465//465
f 465//465 466//466 467//467
f 467//467 468//468 463//463
f 465//465 467//467 463//463
f 469//469 369//369 138//138
f 138//138 137//137 470//470
f 470//470 471//471 472//472
f 472//472 469//469 138//138
f 138//138 470//470 472//472
f 473//473 474//474 103//103
f 473//473 103//103 102//102
f 91//91 90//90 98//98
f 97//97 96//96 318//318
f 91//91 98//98 97//97
f 94//94 93//93 92//92
f 91//91 97//97 318//318
f 459//459 94//94 92//92
f 92//92 91//91 318//318
f 318//318 414//414 459//459
f 92//92 318//318 459//459
f 309//309 424//424 423//423
f 423//423 475//475 310//310
f 423//423 310//310 309//309
f 4//4 476//476 25//25
f 25//25 24//24 477//477
f 477//477 478//478 5//5
f 4//4 25//25 477//477
f 4//4 477//477 5//5
f 479//479 473//473 480//480
f 105//105 481//481 482//482
f 483//483 422//422 454//454
f 484//484 485//485 483//483
f 454//454 484//484 483//483
f 118//118 117//117 486//486
f 437//437 436//436 487//487
f 118//118 486//486 437//437
f 437//437 487//487 118//118
f 488//488 350//350 107//107
f 488//488 107//107 106//106
f 116//116 119//119 469//469
f 469//469 472//472 481//481
f 481//481 105//105 104//104
f 116//116 469//469 481//481
f 116//116 481//481 104//104
f 198//198 483//483 357//357
f 198//198 357//357 280//280
f 489//489 352//352 351//351
f 489//489 351//351 278//278
f 447//447 449//449 490//490
f 338//338 341//341 491//491
f 491//491 492//492 448//448
f 447//447 490//490 338//338
f 491//491 448//448 447//447
f 447//447 338//338 491//491
f 408//408 348//348 1//1
f 1//1 7//7 121//121
f 493//493 408//408 1//1
f 1//1 121//121 493//493
f 265//265 494//494 495//495
f 496//496 497//497 498//498
f 265//265 495//495 496//496
f 499//499 266//266 265//265
f 496//496 498//498 500//500
f 500//500 499//499 265//265
f 265//265 496//496 500//500
f 501//501 490//490 428//428
f 428//428 308//308 313//313
f 428//428 313//313 501//501
f 6//6 5//5 478//478
f 6//6 478//478 120//120
f 502//502 503//503 504//504
f 504//504 156//156 163//163
f 163//163 162//162 505//505
f 505//505 506//506 507//507
f 502//502 504//504 163//163
f 505//505 507//507 502//502
f 502//502 163//163 505//505
f 508//508 509//509 510//510
f 510//510 194//194 193//193
f 193//193 511//511 454//454
f 454//454 305//305 304//304
f 508//508 510//510 193//193
f 454//454 304//304 508//508
f 193//193 454//454 508//508
f 267//267 512//512 513//513
f 513//513 413//413 412//412
f 514//514 267//267 513//513
f 513//513 412//412 514//514
f 488//488 106//106 196//196
f 488//488 196//196 99//99
f 106//106 109//109 183//183
f 106//106 183//183 196//196
f 515//515 516//516 517//517
f 515//515 517//517 373//373
f 518//518 519//519 417//417
f 417//417 421//421 520//520
f 520//520 521//521 518//518
f 417//417 520//520 518//518
f 522//522 523//523 524//524
f 524//524 525//525 401//401
f 526//526 522//522 524//524
f 524//524 401//401 526//526
f 491//491 527//527 528//528
f 491//491 528//528 492//492
f 448//448 492//492 211//211
f 448//448 211//211 210//210
f 178//178 176//176 207//207
f 207//207 48//48 47//47
f 207//207 47//47 178//178
f 3//3 2//2 347//347
f 347//347 529//529 101//101
f 101//101 530//530 531//531
f 531//531 149//149 148//148
f 148//148 532//532 3//3
f 3//3 347//347 101//101
f 101//101 531//531 148//148
f 101//101 148//148 3//3
f 234//234 236//236 235//235
f 234//234 235//235 533//533
f 225//225 224//224 231//231
f 234//234 533//533 534//534
f 534//534 225//225 231//231
f 234//234 534//534 231//231
f 213//213 258//258 257//257
f 213//213 257//257 235//235
f 391//391 533//533 235//235
f 391//391 235//235 257//257
f 511//511 193//193 192//192
f 535//535 536//536 537//537
f 511//511 192//192 535//535
f 484//484 454//454 511//511
f 511//511 535//535 537//537
f 511//511 537//537 484//484
f 538//538 245//245 244//244
f 539//539 540//540 541//541
f 538//538 244//244 539//539
f 285//285 226//226 538//538
f 288//288 287//287 286//286
f 286//286 285//285 538//538
f 538//538 539//539 541//541
f 541//541 542//542 543//543
f 543//543 544//544 545//545
f 545//545 546//546 547//547
f 547//547 326//326 288//288
f 286//286 538//538 541//541
f 547//547 288//288 286//286
f 543//543 545//545 547//547
f 286//286 541//541 543//543
f 543//543 547//547 286//286
f 262//262 261//261 358//358
f 358//358 81//81 80//80
f 80//80 255//255 254//254
f 254//254 314//314 262//262
f 262//262 358//358 80//80
f 80//80 254//254 262//262
f 392//392 189//189 195//195
f 392//392 195//195 403//403
f 240//240 275//275 548//548
f 548//548 256//256 255//255
f 255//255 80//80 79//79
f 79//79 240//240 548//548
f 548//548 255//255 79//79
f 251//251 250//250 46//46
f 251//251 46//46 45//45
f 537//537 549//549 485//485
f 537//537 485//485 484//484
f 535//535 192//192 191//191
f 535//535 191//191 550//550
f 489//489 278//278 277//277
f 489//489 277//277 551//551
f 4//4 3//3 532//532
f 532//532 552//552 476//476
f 532//532 476//476 4//4
f 433//433 553//553 8//8
f 8//8 11//11 434//434
f 8//8 434//434 433//433
f 515//515 554//554 555//555
f 555//555 276//276 516//516
f 555//555 516//516 515//515
f 545//545 57//57 60//60
f 60//60 59//59 61//61
f 222//222 221//221 556//556
f 60//60 61//61 222//222
f 546//546 545//545 60//60
f 326//326 547//547 546//546
f 327//327 323//323 322//322
f 322//322 326//326 546//546
f 546//546 60//60 222//222
f 222//222 556//556 327//327
f 327//327 322//322 546//546
f 222//222 327//327 546//546
f 557//557 558//558 86//86
f 86//86 559//559 560//560
f 560//560 382//382 381//381
f 557//557 86//86 560//560
f 557//557 560//560 381//381
f 435//435 561//561 352//352
f 435//435 352//352 489//489
f 491//491 341//341 340//340
f 491//491 340//340 562//562
f 563//563 556//556 221//221
f 221//221 220//220 564//564
f 221//221 564//564 563//563
f 565//565 566//566 321//321
f 321//321 204//204 206//206
f 321//321 206//206 565//565
f 567//567 568//568 443//443
f 443//443 442//442 569//569
f 569//569 75//75 567//567
f 443//443 569//569 567//567
f 570//570 571//571 337//337
f 570//570 337//337 336//336
f 572//572 573//573 574//574
f 574//574 570//570 336//336
f 335//335 334//334 416//416
f 574//574 336//336 335//335
f 575//575 572//572 574//574
f 416//416 576//576 575//575
f 574//574 335//335 416//416
f 416//416 575//575 574//574
f 284//284 228//228 227//227
f 227//227 226//226 285//285
f 227//227 285//285 284//284
f 442//442 76//76 75//75
f 442//442 75//75 569//569
f 357//357 483//483 485//485
f 357//357 485//485 577//577
f 517//517 516//516 276//276
f 517//517 276//276 279//279
f 332//332 578//578 440//440
f 579//579 580//580 415//415
f 332//332 440//440 579//579
f 579//579 415//415 333//333
f 579//579 333//333 332//332
f 581//581 351//351 57//57
f 581//581 57//57 545//545
f 555//555 554//554 582//582
f 582//582 201//201 200//200
f 200//200 283//283 9//9
f 9//9 8//8 553//553
f 553//553 583//583 555//555
f 555//555 582//582 200//200
f 200//200 9//9 553//553
f 200//200 553//553 555//555
f 542//542 584//584 544//544
f 542//542 544//544 543//543
f 12//12 388//388 377//377
f 12//12 377//377 13//13
f 405//405 374//374 585//585
f 585//585 544//544 584//584
f 585//585 584//584 405//405
f 586//586 475//475 423//423
f 338//338 490//490 501//501
f 587//587 588//588 589//589
f 338//338 501//501 587//587
f 586//586 423//423 339//339
f 590//590 591//591 586//586
f 338//338 587//587 589//589
f 590//590 586//586 339//339
f 338//338 589//589 590//590
f 339//339 338//338 590//590
f 592//592 465//465 464//464
f 592//592 464//464 331//331
f 522//522 135//135 368//368
f 522//522 368//368 578//578
f 13//13 376//376 434//434
f 13//13 434//434 11//11
f 249//249 406//406 405//405
f 412//412 414//414 318//318
f 318//318 593//593 594//594
f 594//594 514//514 412//412
f 318//318 594//594 412//412
f 446//446 445//445 595//595
f 595//595 431//431 455//455
f 595//595 455//455 446//446
f 420//420 268//268 594//594
f 594//594 593//593 521//521
f 520//520 421//421 420//420
f 594//594 521//521 520//520
f 594//594 520//520 420//420
f 596//596 597//597 383//383
f 382//382 560//560 559//559
f 596//596 383//383 382//382
f 596//596 382//382 559//559
f 104//104 103//103 598//598
f 104//104 598//598 117//117
f 428//428 490//490 449//449
f 457//457 456//456 455//455
f 428//428 449//449 457//457
f 431//431 430//430 429//429
f 429//429 428//428 457//457
f 457//457 455//455 431//431
f 457//457 431//431 429//429
f 599//599 411//411 410//410
f 410//410 600//600 601//601
f 410//410 601//601 599//599
f 440//440 578//578 368//368
f 368//368 602//602 118//118
f 487//487 436//436 440//440
f 368//368 118//118 487//487
f 368//368 487//487 440//440
f 592//592 331//331 330//330
f 330//330 603//603 604//604
f 605//605 600//600 592//592
f 330//330 604//604 605//605
f 330//330 605//605 592//592
f 191//191 190//190 258//258
f 258//258 213//213 212//212
f 606//606 607//607 528//528
f 258//258 212//212 606//606
f 550//550 191//191 258//258
f 536//536 535//535 550//550
f 549//549 537//537 536//536
f 577//577 485//485 549//549
f 608//608 609//609 577//577
f 528//528 527//527 608//608
f 550//550 258//258 606//606
f 606//606 528//528 608//608
f 608//608 577//577 549//549
f 549//549 536//536 550//550
f 550//550 606//606 608//608
f 608//608 549//549 550//550
f 187//187 186//186 319//319
f 319//319 321//321 566//566
f 319//319 566//566 187//187
f 610//610 611//611 385//385
f 385//385 384//384 525//525
f 525//525 524//524 467//467
f 467//467 612//612 613//613
f 613//613 610//610 385//385
f 525//525 467//467 613//613
f 385//385 525//525 613//613
f 120//120 478//478 466//466
f 120//120 466//466 465//465
f 614//614 615//615 616//616
f 616//616 497//497 496//496
f 495//495 494//494 617//617
f 616//616 496//496 495//495
f 617//617 614//614 616//616
f 616//616 495//495 617//617
f 618//618 619//619 407//407
f 618//618 407//407 620//620
f 620//620 407//407 411//411
f 620//620 411//411 599//599
f 621//621 622//622 176//176
f 175//175 174//174 623//623
f 621//621 176//176 175//175
f 618//618 620//620 624//624
f 623//623 619//619 618//618
f 624//624 621//621 175//175
f 175//175 623//623 618//618
f 175//175 618//618 624//624
f 624//624 620//620 599//599
f 599//599 601//601 625//625
f 625//625 626//626 624//624
f 624//624 599//599 625//625
f 299//299 451//451 450//450
f 299//299 450//450 300//300
f 627//627 628//628 451//451
f 627//627 451//451 299//299
f 87//87 504//504 629//629
f 629//629 630//630 88//88
f 629//629 88//88 87//87
f 476//476 552//552 315//315
f 96//96 25//25 476//476
f 476//476 315//315 96//96
f 350//350 488//488 529//529
f 488//488 99//99 101//101
f 488//488 101//101 529//529
f 480//480 631//631 479//479
f 552//552 532//532 519//519
f 519//519 518//518 317//317
f 317//317 316//316 315//315
f 315//315 552//552 519//519
f 519//519 317//317 315//315
f 443//443 568//568 110//110
f 110//110 632//632 595//595
f 445//445 443//443 110//110
f 110//110 595//595 445//445
f 354//354 282//282 281//281
f 354//354 281//281 280//280
f 474//474 633//633 568//568
f 474//474 568//568 567//567
f 351//351 581//581 279//279
f 351//351 279//279 278//278
f 110//110 568//568 633//633
f 633//633 634//634 111//111
f 633//633 111//111 110//110
f 635//635 471//471 470//470
f 470//470 636//636 637//637
f 470//470 637//637 635//635
f 418//418 152//152 151//151
f 638//638 269//269 418//418
f 638//638 418//418 151//151
f 576//576 416//416 363//363
f 639//639 640//640 571//571
f 570//570 574//574 573//573
f 639//639 571//571 570//570
f 576//576 363//363 362//362
f 572//572 575//575 576//576
f 639//639 570//570 573//573
f 572//572 576//576 362//362
f 639//639 573//573 572//572
f 362//362 639//639 572//572
f 641//641 642//642 638//638
f 638//638 151//151 150//150
f 150//150 643//643 628//628
f 641//641 638//638 150//150
f 150//150 628//628 641//641
f 263//263 273//273 272//272
f 271//271 270//270 269//269
f 264//264 263//263 272//272
f 271//271 269//269 638//638
f 265//265 264//264 272//272
f 271//271 638//638 644//644
f 271//271 644//644 645//645
f 494//494 265//265 272//272
f 272//272 271//271 645//645
f 646//646 647//647 617//617
f 272//272 645//645 646//646
f 646//646 617//617 494//494
f 272//272 646//646 494//494
f 648//648 453//453 452//452
f 452//452 643//643 150//150
f 150//150 149//149 531//531
f 531//531 648//648 452//452
f 452//452 150//150 531//531
f 649//649 650//650 651//651
f 652//652 89//89 649//649
f 652//652 649//649 651//651
f 109//109 108//108 407//407
f 407//407 619//619 653//653
f 653//653 346//346 109//109
f 407//407 653//653 109//109
f 342//342 635//635 637//637
f 637//637 651//651 650//650
f 650//650 649//649 343//343
f 343//343 342//342 637//637
f 637//637 650//650 343//343
f 195//195 194//194 510//510
f 510//510 509//509 248//248
f 248//248 247//247 404//404
f 404//404 403//403 195//195
f 195//195 510//510 248//248
f 248//248 404//404 195//195
f 165//165 164//164 635//635
f 165//165 635//635 342//342
f 223//223 61//61 51//51
f 223//223 51//51 208//208
f 622//622 208//208 207//207
f 622//622 207//207 176//176
f 606//606 212//212 211//211
f 211//211 492//492 528//528
f 607//607 606//606 211//211
f 211//211 528//528 607//607
f 47//47 46//46 250//250
f 47//47 250//250 179//179
f 469//469 119//119 118//118
f 602//602 368//368 369//369
f 469//469 118//118 602//602
f 469//469 602//602 369//369
f 408//408 493//493 121//121
f 121//121 592//592 600//600
f 600//600 410//410 409//409
f 409//409 408//408 121//121
f 121//121 600//600 409//409
f 467//467 524//524 523//523
f 523//523 654//654 655//655
f 655//655 468//468 467//467
f 523//523 655//655 467//467
f 219//219 218//218 179//179
f 219//219 179//179 250//250
f 359//359 260//260 259//259
f 54//54 53//53 56//56
f 359//359 259//259 54//54
f 372//372 360//360 359//359
f 359//359 54//54 56//56
f 359//359 56//56 372//372
f 390//390 393//393 246//246
f 390//390 246//246 656//656
f 257//257 189//189 392//392
f 257//257 392//392 391//391
f 529//529 347//347 350//350
f 252//252 251//251 262//262
f 252//252 262//262 314//314
f 427//427 300//300 450//450
f 450//450 657//657 296//296
f 298//298 297//297 427//427
f 450//450 296//296 298//298
f 450//450 298//298 427//427
f 54//54 259//259 44//44
f 54//54 44//44 52//52
f 526//526 136//136 135//135
f 526//526 135//135 522//522
f 371//371 370//370 658//658
f 658//658 616//616 615//615
f 615//615 659//659 371//371
f 658//658 615//615 371//371
f 463//463 468//468 655//655
f 654//654 523//523 332//332
f 463//463 655//655 654//654
f 332//332 331//331 464//464
f 464//464 463//463 654//654
f 654//654 332//332 464//464
f 660//660 355//355 357//357
f 660//660 357//357 577//577
f 216//216 219//219 252//252
f 216//216 252//252 253//253
f 661//661 662//662 596//596
f 596//596 559//559 86//86
f 86//86 89//89 652//652
f 663//663 664//664 665//665
f 86//86 652//652 663//663
f 661//661 596//596 86//86
f 663//663 665//665 666//666
f 666//666 661//661 86//86
f 666//666 86//86 663//663
f 667//667 512//512 267//267
f 267//267 266//266 499//499
f 499//499 500//500 498//498
f 667//667 267//267 499//499
f 667//667 499//499 498//498
f 668//668 506//506 505//505
f 505//505 669//669 670//670
f 670//670 498//498 497//497
f 497//497 616//616 658//658
f 658//658 671//671 672//672
f 672//672 673//673 668//668
f 668//668 505//505 670//670
f 670//670 497//497 658//658
f 658//658 672//672 668//668
f 668//668 670//670 658//658
f 373//373 517//517 585//585
f 373//373 585//585 374//374
f 223//223 674//674 564//564
f 223//223 564//564 220//220
f 562//562 675//675 676//676
f 676//676 527//527 491//491
f 562//562 676//676 491//491
f 590//590 589//589 588//588
f 588//588 587//587 501//501
f 501//501 313//313 312//312
f 311//311 310//310 475//475
f 501//501 312//312 311//311
f 590//590 588//588 501//501
f 475//475 586//586 591//591
f 591//591 590//590 501//501
f 501//501 311//311 475//475
f 501//501 475//475 591//591
f 451//451 628//628 643//643
f 451//451 643//643 452//452
f 619//619 623//623 346//346
f 619//619 346//346 653//653
f 623//623 174//174 38//38
f 623//623 38//38 37//37
f 544//544 585//585 581//581
f 544//544 581//581 545//545
f 558//558 294//294 293//293
f 293//293 87//87 86//86
f 293//293 86//86 558//558
f 215//215 548//548 275//275
f 274//274 239//239 238//238
f 215//215 275//275 274//274
f 677//677 171//171 215//215
f 205//205 678//678 679//679
f 679//679 677//677 215//215
f 215//215 274//274 238//238
f 238//238 237//237 680//680
f 680//680 432//432 660//660
f 660//660 681//681 682//682
f 682//682 206//206 205//205
f 679//679 215//215 238//238
f 682//682 205//205 679//679
f 680//680 660//660 682//682
f 679//679 238//238 680//680
f 680//680 682//682 679//679
f 339//339 423//423 30//30
f 339//339 30//30 42//42
f 204//204 320//320 339//339
f 41//41 203//203 204//204
f 339//339 42//42 41//41
f 339//339 41//41 204//204
f 377//377 388//388 241//241
f 85//85 84//84 378//378
f 377//377 241//241 85//85
f 85//85 378//378 377//377
f 158//158 157//157 293//293
f 293//293 292//292 413//413
f 513//513 512//512 159//159
f 293//293 413//413 513//513
f 513//513 159//159 158//158
f 293//293 513//513 158//158
f 27//27 422//422 483//483
f 27//27 483//483 198//198
f 10//10 307//307 353//353
f 10//10 353//353 12//12
f 299//299 131//131 659//659
f 659//659 615//615 614//614
f 627//627 299//299 659//659
f 659//659 614//614 627//627
f 611//611 610//610 613//613
f 612//612 467//467 466//466
f 611//611 613//613 612//612
f 466//466 23//23 611//611
f 611//611 612//612 466//466
f 683//683 684//684 648//648
f 648//648 531//531 530//530
f 530//530 100//100 197//197
f 683//683 648//648 530//530
f 683//683 530//530 197//197
f 136//136 526//526 401//401
f 401//401 400//400 685//685
f 401//401 685//685 136//136
f 603//603 640//640 624//624
f 626//626 625//625 601//601
f 603//603 624//624 626//626
f 600//600 605//605 604//604
f 604//604 603//603 626//626
f 626//626 601//601 600//600
f 626//626 600//600 604//604
f 317//317 518//518 521//521
f 521//521 593//593 318//318
f 521//521 318//318 317//317
f 110//110 115//115 114//114
f 114//114 389//389 431//431
f 431//431 595//595 632//632
f 632//632 110//110 114//114
f 114//114 431//431 632//632
f 140//140 139//139 147//147
f 146//146 145//145 629//629
f 140//140 147//147 146//146
f 143//143 142//142 141//141
f 140//140 146//146 629//629
f 503//503 143//143 141//141
f 141//141 140//140 629//629
f 629//629 504//504 503//503
f 141//141 629//629 503//503
f 371//371 659//659 131//131
f 131//131 130//130 129//129
f 129//129 128//128 371//371
f 131//131 129//129 371//371
f 123//123 122//122 631//631
f 631//631 480//480 482//482
f 482//482 481//481 472//472
f 472//472 471//471 635//635
f 635//635 164//164 123//123
f 123//123 631//631 482//482
f 482//482 472//472 635//635
f 482//482 635//635 123//123
f 582//582 554//554 515//515
f 582//582 515//515 16//16
f 26//26 201//201 582//582
f 582//582 16//16 15//15
f 582//582 15//15 26//26
f 373//373 17//17 16//16
f 373//373 16//16 515//515
f 249//249 248//248 509//509
f 509//509 508//508 304//304
f 304//304 303//303 406//406
f 406//406 249//249 509//509
f 509//509 304//304 406//406
f 519//519 532//532 148//148
f 519//519 148//148 417//417
f 438//438 686//686 364//364
f 364//364 687//687 688//688
f 688//688 439//439 438//438
f 438//438 364//364 688//688
f 486//486 689//689 690//690
f 486//486 690//690 686//686
f 364//364 686//686 690//690
f 690//690 689//689 77//77
f 77//77 230//230 229//229
f 229//229 228//228 367//367
f 365//365 364//364 690//690
f 690//690 77//77 229//229
f 229//229 367//367 365//365
f 365//365 690//690 229//229
f 437//437 486//486 686//686
f 437//437 686//686 438//438
f 23//23 466//466 478//478
f 478//478 477//477 24//24
f 478//478 24//24 23//23
f 245//245 538//538 656//656
f 245//245 656//656 246//246
f 621//621 624//624 640//640
f 639//639 674//674 223//223
f 223//223 208//208 622//622
f 621//621 640//640 639//639
f 223//223 622//622 621//621
f 621//621 639//639 223//223
f 628//628 627//627 614//614
f 614//614 642//642 641//641
f 614//614 641//641 628//628
f 267//267 514//514 594//594
f 267//267 594//594 268//268
f 647//647 646//646 645//645
f 644//644 638//638 642//642
f 647//647 645//645 644//644
f 614//614 617//617 647//647
f 644//644 642//642 614//614
f 647//647 644//644 614//614
f 649//649 89//89 88//88
f 88//88 630//630 345//345
f 344//344 343//343 649//649
f 88//88 345//345 344//344
f 88//88 344//344 649//649
f 465//465 592//592 121//121
f 465//465 121//121 120//120
f 102//102 105//105 482//482
f 100//100 530//530 101//101
f 482//482 480//480 473//473
f 482//482 473//473 102//102
f 473//473 479//479 633//633
f 473//473 633//633 474//474
f 197//197 196//196 183//183
f 197//197 183//183 182//182
f 631//631 122//122 112//112
f 112//112 111//111 634//634
f 634//634 633//633 479//479
f 631//631 112//112 634//634
f 631//631 634//634 479//479
f 648//648 684//684 296//296
f 657//657 450//450 453//453
f 648//648 296//296 657//657
f 648//648 657//657 453//453
f 408//408 108//108 107//107
f 107//107 349//349 348//348
f 107//107 348//348 408//408
f 113//113 126//126 73//73
f 113//113 73//73 114//114
f 583//583 551//551 277//277
f 277//277 276//276 555//555
f 277//277 555//555 583//583
f 124//124 153//153 69//69
f 69//69 68//68 72//72
f 72//72 71//71 125//125
f 124//124 69//69 72//72
f 124//124 72//72 125//125
f 126//126 125//125 71//71
f 126//126 71//71 73//73
f 661//661 666//666 665//665
f 664//664 663//663 652//652
f 662//662 661//661 665//665
f 664//664 652//652 399//399
f 596//596 662//662 665//665
f 664//664 399//399 398//398
f 664//664 398//398 397//397
f 597//597 596//596 665//665
f 665//665 664//664 397//397
f 396//396 395//395 402//402
f 665//665 397//397 396//396
f 396//396 402//402 597//597
f 665//665 396//396 597//597
f 124//124 123//123 164//164
f 164//164 154//154 153//153
f 164//164 153//153 124//124
f 651//651 637//637 636//636
f 399//399 652//652 651//651
f 399//399 651//651 636//636
f 414//414 291//291 290//290
f 290//290 691//691 692//692
f 693//693 380//380 387//387
f 387//387 461//461 460//460
f 460//460 459//459 414//414
f 414//414 290//290 692//692
f 693//693 387//387 460//460
f 460//460 414//414 692//692
f 692//692 693//693 460//460
f 167//167 166//166 345//345
f 345//345 630//630 629//629
f 345//345 629//629 167//167
f 155//155 168//168 167//167
f 629//629 145//145 155//155
f 155//155 167//167 629//629
f 694//694 689//689 486//486
f 486//486 117//117 598//598
f 598//598 78//78 694//694
f 694//694 486//486 598//598
f 474//474 567//567 598//598
f 474//474 598//598 103//103
f 563//563 328//328 327//327
f 563//563 327//327 556//556
f 691//691 290//290 295//295
f 295//295 294//294 558//558
f 557//557 381//381 380//380
f 295//295 558//558 557//557
f 693//693 692//692 691//691
f 691//691 295//295 557//557
f 557//557 380//380 693//693
f 691//691 557//557 693//693
f 386//386 385//385 611//611
f 611//611 23//23 22//22
f 22//22 95//95 458//458
f 458//458 462//462 386//386
f 611//611 22//22 458//458
f 611//611 458//458 386//386
f 435//435 489//489 551//551
f 435//435 551//551 433//433
f 583//583 553//553 433//433
f 583//583 433//433 551//551
f 367//367 228//228 284//284
f 367//367 284//284 289//289
f 325//325 289//289 288//288
f 325//325 288//288 326//326
f 202//202 677//677 679//679
f 678//678 205//205 203//203
f 202//202 679//679 678//678
f 202//202 678//678 203//203
f 202//202 40//40 172//172
f 172//172 171//171 677//677
f 172//172 677//677 202//202
f 226//226 225//225 656//656
f 226//226 656//656 538//538
f 391//391 390//390 534//534
f 391//391 534//534 533//533
f 177//177 180//180 179//179
f 177//177 179//179 218//218
f 170//170 169//169 173//173
f 177//177 218//218 217//217
f 217//217 170//170 173//173
f 177//177 217//217 173//173
f 225//225 534//534 390//390
f 225//225 390//390 656//656
f 542//542 541//541 540//540
f 540//540 243//243 249//249
f 249//249 405//405 584//584
f 542//542 540//540 249//249
f 542//542 249//249 584//584
f 639//639 362//362 366//366
f 366//366 329//329 328//328
f 328//328 563//563 564//564
f 564//564 674//674 639//639
f 639//639 366//366 328//328
f 328//328 564//564 639//639
f 216//216 253//253 256//256
f 216//216 256//256 214//214
f 393//393 404//404 247//247
f 393//393 247//247 246//246
f 548//548 215//215 214//214
f 548//548 214//214 256//256
f 540//540 539//539 244//244
f 540//540 244//244 243//243
f 402//402 401//401 525//525
f 384//384 383//383 597//597
f 402//402 525//525 384//384
f 402//402 384//384 597//597
f 353//353 307//307 282//282
f 353//353 282//282 354//354
f 683//683 197//197 182//182
f 182//182 296//296 684//684
f 182//182 684//684 683//683
f 672//672 144//144 143//143
f 143//143 503//503 502//502
f 507//507 506//506 668//668
f 143//143 502//502 507//507
f 673//673 672//672 143//143
f 507//507 668//668 673//673
f 143//143 507//507 673//673
f 329//329 366//366 325//325
f 329//329 325//325 324//324
f 185//185 188//188 675//675
f 675//675 562//562 340//340
f 675//675 340//340 185//185
f 681//681 660//660 577//577
f 609//609 608//608 527//527
f 681//681 577//577 609//609
f 206//206 682//682 681//681
f 187//187 566//566 565//565
f 565//565 206//206 681//681
f 681//681 609//609 527//527
f 676//676 675//675 188//188
f 681//681 527//527 676//676
f 187//187 565//565 681//681
f 676//676 188//188 187//187
f 676//676 187//187 681//681
f 75//75 78//78 598//598
f 75//75 598//598 567//567
f 332//332 523//523 522//522
f 332//332 522//522 578//578
f 689//689 694//694 78//78
f 689//689 78//78 77//77
f 346//346 623//623 37//37
f 346//346 37//37 184//184
f 76//76 232//232 230//230
f 76//76 230//230 77//77
f 517//517 279//279 581//581
f 517//517 581//581 585//585
f 156//156 504//504 87//87
f 87//87 293//293 157//157
f 87//87 157//157 156//156
f 79//79 85//85 241//241
f 237//237 242//242 432//432
f 237//237 432//432 680//680
f 360//360 561//561 394//394
f 360//360 394//394 361//361
f 432//432 356//356 355//355
f 432//432 355//355 660//660
f 352//352 561//561 360//360
f 372//372 58//58 352//352
f 360//360 372//372 352//352
f 671//671 658//658 370//370
f 370//370 67//67 66//66
f 66//66 144//144 672//672
f 672//672 671//671 370//370
f 370//370 66//66 672//672
f 685//685 400//400 399//399
f 399//399 636//636 470//470
f 470//470 137//137 136//136
f 685//685 399//399 470//470
f 470//470 136//136 685//685
f 394//394 561//561 435//435
f 435//435 376//376 379//379
f 394//394 435//435 379//379
f 420//420 419//419 418//418
f 269//269 268//268 420//420
f 269//269 420//420 418//418
f 301//301 14//14 17//17
f 17//17 375//375 302//302
f 17//17 302//302 301//301
f 160//160 159//159 512//512
f 667//667 498//498 670//670
f 160//160 512//512 667//667
f 162//162 161//161 160//160
f 669//669 505//505 162//162
f 667//667 670//670 669//669
f 162//162 160//160 667//667
f 667//667 669//669 162//162
f 571//571 640//640 603//603
f 603//603 330//330 337//337
f 603//603 337//337 571//571
f 364//364 363//363 415//415
f 580//580 579//579 440//440
f 364//364 415//415 580//580
f 439//439 688//688 687//687
f 687//687 364//364 580//580
f 580//580 440//440 439//439
f 580//580 439//439 687//687
f 132//132 300//300 427//427
f 426//426 425//425 424//424
f 132//132 427//427 426//426
f 426//426 424//424 309//309
f 426//426 309//309 132//132
f 297//297 43//43 28//28
f 28//28 33//33 427//427
f 28//28 427//427 297//297
# 1384 faces, 0 coords texture

# End of File
