[1.711s] [34mcolcon[0m [1;30mDEBUG[0m [32mCommand line arguments: ['/usr/local/bin/colcon', 'build', '--symlink-install', '--cmake-args', '-DWITH_HARDWARE=OFF', '-DCMAKE_BUILD_TYPE=RelWithDebInfo', '--packages-up-to', 'evs'][0m
[1.712s] [34mcolcon[0m [1;30mDEBUG[0m [32mParsed command line arguments: Namespace(log_base=None, log_level=None, verb_name='build', build_base='build', install_base='install', merge_install=False, symlink_install=True, test_result_base=None, continue_on_error=False, executor='parallel', parallel_workers=12, event_handlers=None, ignore_user_meta=False, metas=['./colcon.meta'], base_paths=['.'], packages_ignore=None, packages_ignore_regex=None, paths=None, packages_up_to=['evs'], packages_up_to_regex=None, packages_above=None, packages_above_and_dependencies=None, packages_above_depth=None, packages_select_by_dep=None, packages_skip_by_dep=None, packages_skip_up_to=None, packages_select_build_failed=False, packages_skip_build_finished=False, packages_select_test_failures=False, packages_skip_test_passed=False, packages_select=None, packages_skip=None, packages_select_regex=None, packages_skip_regex=None, packages_start=None, packages_end=None, allow_overriding=[], cmake_args=['-DWITH_HARDWARE=OFF', '-DCMAKE_BUILD_TYPE=RelWithDebInfo'], cmake_target=None, cmake_target_skip_unavailable=False, cmake_clean_cache=False, cmake_clean_first=False, cmake_force_configure=False, ament_cmake_args=None, catkin_cmake_args=None, catkin_skip_building_tests=False, verb_parser=<colcon_defaults.argument_parser.defaults.DefaultArgumentsDecorator object at 0x721f4aa02aa0>, verb_extension=<colcon_core.verb.build.BuildVerb object at 0x721f4ab0b220>, main=<bound method BuildVerb.main of <colcon_core.verb.build.BuildVerb object at 0x721f4ab0b220>>)[0m
[2.037s] [34mcolcon.colcon_core.package_discovery[0m [1;30mLevel 1[0m discover_packages(colcon_meta) check parameters
[2.037s] [34mcolcon.colcon_core.package_discovery[0m [1;30mLevel 1[0m discover_packages(recursive) check parameters
[2.038s] [34mcolcon.colcon_core.package_discovery[0m [1;30mLevel 1[0m discover_packages(ignore) check parameters
[2.038s] [34mcolcon.colcon_core.package_discovery[0m [1;30mLevel 1[0m discover_packages(path) check parameters
[2.038s] [34mcolcon.colcon_core.package_discovery[0m [1;30mLevel 1[0m discover_packages(colcon_meta) discover
[2.038s] [34mcolcon.colcon_core.package_discovery[0m [1;30mLevel 1[0m discover_packages(recursive) discover
[2.038s] [34mcolcon.colcon_core.package_discovery[0m [1;30mINFO[0m Crawling recursively for packages in '/home/EU/chaydina/ws/src/ace_perception_physics/evs'
[2.038s] [34mcolcon.colcon_core.package_identification[0m [1;30mLevel 1[0m _identify(.) by extensions ['ignore', 'ignore_ament_install']
[2.038s] [34mcolcon.colcon_core.package_identification[0m [1;30mLevel 1[0m _identify(.) by extension 'ignore'
[2.038s] [34mcolcon.colcon_core.package_identification[0m [1;30mLevel 1[0m _identify(.) by extension 'ignore_ament_install'
[2.038s] [34mcolcon.colcon_core.package_identification[0m [1;30mLevel 1[0m _identify(.) by extensions ['colcon_pkg']
[2.038s] [34mcolcon.colcon_core.package_identification[0m [1;30mLevel 1[0m _identify(.) by extension 'colcon_pkg'
[2.038s] [34mcolcon.colcon_core.package_identification[0m [1;30mLevel 1[0m _identify(.) by extensions ['colcon_meta']
[2.038s] [34mcolcon.colcon_core.package_identification[0m [1;30mLevel 1[0m _identify(.) by extension 'colcon_meta'
[2.038s] [34mcolcon.colcon_core.package_identification[0m [1;30mLevel 1[0m _identify(.) by extensions ['ros']
[2.038s] [34mcolcon.colcon_core.package_identification[0m [1;30mLevel 1[0m _identify(.) by extension 'ros'
[2.050s] [34mcolcon.colcon_core.package_identification[0m [1;30mLevel 1[0m _identify(.) by extensions ['cmake', 'python']
[2.050s] [34mcolcon.colcon_core.package_identification[0m [1;30mLevel 1[0m _identify(.) by extension 'cmake'
[2.050s] [34mcolcon.colcon_core.package_identification[0m [1;30mLevel 1[0m _identify(.) by extension 'python'
[2.050s] [34mcolcon.colcon_core.package_identification[0m [1;30mLevel 1[0m _identify(.) by extensions ['python_setup_py']
[2.050s] [34mcolcon.colcon_core.package_identification[0m [1;30mLevel 1[0m _identify(.) by extension 'python_setup_py'
[2.050s] [34mcolcon.colcon_core.package_identification[0m [1;30mLevel 1[0m _identify(build) by extensions ['ignore', 'ignore_ament_install']
[2.050s] [34mcolcon.colcon_core.package_identification[0m [1;30mLevel 1[0m _identify(build) by extension 'ignore'
[2.050s] [34mcolcon.colcon_core.package_identification[0m [1;30mLevel 1[0m _identify(build) ignored
[2.050s] [34mcolcon.colcon_core.package_identification[0m [1;30mLevel 1[0m _identify(install) by extensions ['ignore', 'ignore_ament_install']
[2.050s] [34mcolcon.colcon_core.package_identification[0m [1;30mLevel 1[0m _identify(install) by extension 'ignore'
[2.050s] [34mcolcon.colcon_core.package_identification[0m [1;30mLevel 1[0m _identify(install) ignored
[2.050s] [34mcolcon.colcon_core.package_identification[0m [1;30mLevel 1[0m _identify(log) by extensions ['ignore', 'ignore_ament_install']
[2.050s] [34mcolcon.colcon_core.package_identification[0m [1;30mLevel 1[0m _identify(log) by extension 'ignore'
[2.050s] [34mcolcon.colcon_core.package_identification[0m [1;30mLevel 1[0m _identify(log) ignored
[2.050s] [34mcolcon.colcon_core.package_identification[0m [1;30mLevel 1[0m _identify(src) by extensions ['ignore', 'ignore_ament_install']
[2.051s] [34mcolcon.colcon_core.package_identification[0m [1;30mLevel 1[0m _identify(src) by extension 'ignore'
[2.051s] [34mcolcon.colcon_core.package_identification[0m [1;30mLevel 1[0m _identify(src) by extension 'ignore_ament_install'
[2.051s] [34mcolcon.colcon_core.package_identification[0m [1;30mLevel 1[0m _identify(src) by extensions ['colcon_pkg']
[2.051s] [34mcolcon.colcon_core.package_identification[0m [1;30mLevel 1[0m _identify(src) by extension 'colcon_pkg'
[2.051s] [34mcolcon.colcon_core.package_identification[0m [1;30mLevel 1[0m _identify(src) by extensions ['colcon_meta']
[2.051s] [34mcolcon.colcon_core.package_identification[0m [1;30mLevel 1[0m _identify(src) by extension 'colcon_meta'
[2.051s] [34mcolcon.colcon_core.package_identification[0m [1;30mLevel 1[0m _identify(src) by extensions ['ros']
[2.051s] [34mcolcon.colcon_core.package_identification[0m [1;30mLevel 1[0m _identify(src) by extension 'ros'
[2.051s] [34mcolcon.colcon_core.package_identification[0m [1;30mLevel 1[0m _identify(src) by extensions ['cmake', 'python']
[2.051s] [34mcolcon.colcon_core.package_identification[0m [1;30mLevel 1[0m _identify(src) by extension 'cmake'
[2.051s] [34mcolcon.colcon_core.package_identification[0m [1;30mLevel 1[0m _identify(src) by extension 'python'
[2.051s] [34mcolcon.colcon_core.package_identification[0m [1;30mLevel 1[0m _identify(src) by extensions ['python_setup_py']
[2.051s] [34mcolcon.colcon_core.package_identification[0m [1;30mLevel 1[0m _identify(src) by extension 'python_setup_py'
[2.051s] [34mcolcon.colcon_core.package_identification[0m [1;30mLevel 1[0m _identify(src/calibration) by extensions ['ignore', 'ignore_ament_install']
[2.051s] [34mcolcon.colcon_core.package_identification[0m [1;30mLevel 1[0m _identify(src/calibration) by extension 'ignore'
[2.051s] [34mcolcon.colcon_core.package_identification[0m [1;30mLevel 1[0m _identify(src/calibration) by extension 'ignore_ament_install'
[2.051s] [34mcolcon.colcon_core.package_identification[0m [1;30mLevel 1[0m _identify(src/calibration) by extensions ['colcon_pkg']
[2.051s] [34mcolcon.colcon_core.package_identification[0m [1;30mLevel 1[0m _identify(src/calibration) by extension 'colcon_pkg'
[2.051s] [34mcolcon.colcon_core.package_identification[0m [1;30mLevel 1[0m _identify(src/calibration) by extensions ['colcon_meta']
[2.051s] [34mcolcon.colcon_core.package_identification[0m [1;30mLevel 1[0m _identify(src/calibration) by extension 'colcon_meta'
[2.051s] [34mcolcon.colcon_core.package_identification[0m [1;30mLevel 1[0m _identify(src/calibration) by extensions ['ros']
[2.051s] [34mcolcon.colcon_core.package_identification[0m [1;30mLevel 1[0m _identify(src/calibration) by extension 'ros'
[2.055s] [34mcolcon.colcon_core.package_identification[0m [1;30mDEBUG[0m [32mPackage 'src/calibration' with type 'ros.ament_cmake' and name 'calibration'[0m
[2.055s] [34mcolcon.colcon_core.package_identification[0m [1;30mLevel 1[0m _identify(src/data_generation) by extensions ['ignore', 'ignore_ament_install']
[2.055s] [34mcolcon.colcon_core.package_identification[0m [1;30mLevel 1[0m _identify(src/data_generation) by extension 'ignore'
[2.055s] [34mcolcon.colcon_core.package_identification[0m [1;30mLevel 1[0m _identify(src/data_generation) by extension 'ignore_ament_install'
[2.055s] [34mcolcon.colcon_core.package_identification[0m [1;30mLevel 1[0m _identify(src/data_generation) by extensions ['colcon_pkg']
[2.055s] [34mcolcon.colcon_core.package_identification[0m [1;30mLevel 1[0m _identify(src/data_generation) by extension 'colcon_pkg'
[2.055s] [34mcolcon.colcon_core.package_identification[0m [1;30mLevel 1[0m _identify(src/data_generation) by extensions ['colcon_meta']
[2.055s] [34mcolcon.colcon_core.package_identification[0m [1;30mLevel 1[0m _identify(src/data_generation) by extension 'colcon_meta'
[2.055s] [34mcolcon.colcon_core.package_identification[0m [1;30mLevel 1[0m _identify(src/data_generation) by extensions ['ros']
[2.055s] [34mcolcon.colcon_core.package_identification[0m [1;30mLevel 1[0m _identify(src/data_generation) by extension 'ros'
[2.055s] [34mcolcon.colcon_core.package_identification[0m [1;30mLevel 1[0m _identify(src/data_generation) by extensions ['cmake', 'python']
[2.055s] [34mcolcon.colcon_core.package_identification[0m [1;30mLevel 1[0m _identify(src/data_generation) by extension 'cmake'
[2.055s] [34mcolcon.colcon_core.package_identification[0m [1;30mLevel 1[0m _identify(src/data_generation) by extension 'python'
[2.055s] [34mcolcon.colcon_core.package_identification[0m [1;30mLevel 1[0m _identify(src/data_generation) by extensions ['python_setup_py']
[2.055s] [34mcolcon.colcon_core.package_identification[0m [1;30mLevel 1[0m _identify(src/data_generation) by extension 'python_setup_py'
[2.056s] [34mcolcon.colcon_core.package_identification[0m [1;30mLevel 1[0m _identify(src/data_generation/__pycache__) by extensions ['ignore', 'ignore_ament_install']
[2.056s] [34mcolcon.colcon_core.package_identification[0m [1;30mLevel 1[0m _identify(src/data_generation/__pycache__) by extension 'ignore'
[2.056s] [34mcolcon.colcon_core.package_identification[0m [1;30mLevel 1[0m _identify(src/data_generation/__pycache__) by extension 'ignore_ament_install'
[2.056s] [34mcolcon.colcon_core.package_identification[0m [1;30mLevel 1[0m _identify(src/data_generation/__pycache__) by extensions ['colcon_pkg']
[2.056s] [34mcolcon.colcon_core.package_identification[0m [1;30mLevel 1[0m _identify(src/data_generation/__pycache__) by extension 'colcon_pkg'
[2.056s] [34mcolcon.colcon_core.package_identification[0m [1;30mLevel 1[0m _identify(src/data_generation/__pycache__) by extensions ['colcon_meta']
[2.056s] [34mcolcon.colcon_core.package_identification[0m [1;30mLevel 1[0m _identify(src/data_generation/__pycache__) by extension 'colcon_meta'
[2.056s] [34mcolcon.colcon_core.package_identification[0m [1;30mLevel 1[0m _identify(src/data_generation/__pycache__) by extensions ['ros']
[2.056s] [34mcolcon.colcon_core.package_identification[0m [1;30mLevel 1[0m _identify(src/data_generation/__pycache__) by extension 'ros'
[2.056s] [34mcolcon.colcon_core.package_identification[0m [1;30mLevel 1[0m _identify(src/data_generation/__pycache__) by extensions ['cmake', 'python']
[2.056s] [34mcolcon.colcon_core.package_identification[0m [1;30mLevel 1[0m _identify(src/data_generation/__pycache__) by extension 'cmake'
[2.056s] [34mcolcon.colcon_core.package_identification[0m [1;30mLevel 1[0m _identify(src/data_generation/__pycache__) by extension 'python'
[2.056s] [34mcolcon.colcon_core.package_identification[0m [1;30mLevel 1[0m _identify(src/data_generation/__pycache__) by extensions ['python_setup_py']
[2.056s] [34mcolcon.colcon_core.package_identification[0m [1;30mLevel 1[0m _identify(src/data_generation/__pycache__) by extension 'python_setup_py'
[2.056s] [34mcolcon.colcon_core.package_identification[0m [1;30mLevel 1[0m _identify(src/data_generation/test_suites) by extensions ['ignore', 'ignore_ament_install']
[2.056s] [34mcolcon.colcon_core.package_identification[0m [1;30mLevel 1[0m _identify(src/data_generation/test_suites) by extension 'ignore'
[2.056s] [34mcolcon.colcon_core.package_identification[0m [1;30mLevel 1[0m _identify(src/data_generation/test_suites) by extension 'ignore_ament_install'
[2.056s] [34mcolcon.colcon_core.package_identification[0m [1;30mLevel 1[0m _identify(src/data_generation/test_suites) by extensions ['colcon_pkg']
[2.056s] [34mcolcon.colcon_core.package_identification[0m [1;30mLevel 1[0m _identify(src/data_generation/test_suites) by extension 'colcon_pkg'
[2.056s] [34mcolcon.colcon_core.package_identification[0m [1;30mLevel 1[0m _identify(src/data_generation/test_suites) by extensions ['colcon_meta']
[2.056s] [34mcolcon.colcon_core.package_identification[0m [1;30mLevel 1[0m _identify(src/data_generation/test_suites) by extension 'colcon_meta'
[2.056s] [34mcolcon.colcon_core.package_identification[0m [1;30mLevel 1[0m _identify(src/data_generation/test_suites) by extensions ['ros']
[2.056s] [34mcolcon.colcon_core.package_identification[0m [1;30mLevel 1[0m _identify(src/data_generation/test_suites) by extension 'ros'
[2.056s] [34mcolcon.colcon_core.package_identification[0m [1;30mLevel 1[0m _identify(src/data_generation/test_suites) by extensions ['cmake', 'python']
[2.056s] [34mcolcon.colcon_core.package_identification[0m [1;30mLevel 1[0m _identify(src/data_generation/test_suites) by extension 'cmake'
[2.056s] [34mcolcon.colcon_core.package_identification[0m [1;30mLevel 1[0m _identify(src/data_generation/test_suites) by extension 'python'
[2.056s] [34mcolcon.colcon_core.package_identification[0m [1;30mLevel 1[0m _identify(src/data_generation/test_suites) by extensions ['python_setup_py']
[2.056s] [34mcolcon.colcon_core.package_identification[0m [1;30mLevel 1[0m _identify(src/data_generation/test_suites) by extension 'python_setup_py'
[2.057s] [34mcolcon.colcon_core.package_identification[0m [1;30mLevel 1[0m _identify(src/data_generation/tools) by extensions ['ignore', 'ignore_ament_install']
[2.057s] [34mcolcon.colcon_core.package_identification[0m [1;30mLevel 1[0m _identify(src/data_generation/tools) by extension 'ignore'
[2.057s] [34mcolcon.colcon_core.package_identification[0m [1;30mLevel 1[0m _identify(src/data_generation/tools) by extension 'ignore_ament_install'
[2.057s] [34mcolcon.colcon_core.package_identification[0m [1;30mLevel 1[0m _identify(src/data_generation/tools) by extensions ['colcon_pkg']
[2.057s] [34mcolcon.colcon_core.package_identification[0m [1;30mLevel 1[0m _identify(src/data_generation/tools) by extension 'colcon_pkg'
[2.057s] [34mcolcon.colcon_core.package_identification[0m [1;30mLevel 1[0m _identify(src/data_generation/tools) by extensions ['colcon_meta']
[2.057s] [34mcolcon.colcon_core.package_identification[0m [1;30mLevel 1[0m _identify(src/data_generation/tools) by extension 'colcon_meta'
[2.057s] [34mcolcon.colcon_core.package_identification[0m [1;30mLevel 1[0m _identify(src/data_generation/tools) by extensions ['ros']
[2.057s] [34mcolcon.colcon_core.package_identification[0m [1;30mLevel 1[0m _identify(src/data_generation/tools) by extension 'ros'
[2.057s] [34mcolcon.colcon_core.package_identification[0m [1;30mLevel 1[0m _identify(src/data_generation/tools) by extensions ['cmake', 'python']
[2.057s] [34mcolcon.colcon_core.package_identification[0m [1;30mLevel 1[0m _identify(src/data_generation/tools) by extension 'cmake'
[2.057s] [34mcolcon.colcon_core.package_identification[0m [1;30mLevel 1[0m _identify(src/data_generation/tools) by extension 'python'
[2.057s] [34mcolcon.colcon_core.package_identification[0m [1;30mLevel 1[0m _identify(src/data_generation/tools) by extensions ['python_setup_py']
[2.057s] [34mcolcon.colcon_core.package_identification[0m [1;30mLevel 1[0m _identify(src/data_generation/tools) by extension 'python_setup_py'
[2.057s] [34mcolcon.colcon_core.package_identification[0m [1;30mLevel 1[0m _identify(src/data_generation/tools/__pycache__) by extensions ['ignore', 'ignore_ament_install']
[2.057s] [34mcolcon.colcon_core.package_identification[0m [1;30mLevel 1[0m _identify(src/data_generation/tools/__pycache__) by extension 'ignore'
[2.057s] [34mcolcon.colcon_core.package_identification[0m [1;30mLevel 1[0m _identify(src/data_generation/tools/__pycache__) by extension 'ignore_ament_install'
[2.057s] [34mcolcon.colcon_core.package_identification[0m [1;30mLevel 1[0m _identify(src/data_generation/tools/__pycache__) by extensions ['colcon_pkg']
[2.057s] [34mcolcon.colcon_core.package_identification[0m [1;30mLevel 1[0m _identify(src/data_generation/tools/__pycache__) by extension 'colcon_pkg'
[2.057s] [34mcolcon.colcon_core.package_identification[0m [1;30mLevel 1[0m _identify(src/data_generation/tools/__pycache__) by extensions ['colcon_meta']
[2.057s] [34mcolcon.colcon_core.package_identification[0m [1;30mLevel 1[0m _identify(src/data_generation/tools/__pycache__) by extension 'colcon_meta'
[2.057s] [34mcolcon.colcon_core.package_identification[0m [1;30mLevel 1[0m _identify(src/data_generation/tools/__pycache__) by extensions ['ros']
[2.057s] [34mcolcon.colcon_core.package_identification[0m [1;30mLevel 1[0m _identify(src/data_generation/tools/__pycache__) by extension 'ros'
[2.057s] [34mcolcon.colcon_core.package_identification[0m [1;30mLevel 1[0m _identify(src/data_generation/tools/__pycache__) by extensions ['cmake', 'python']
[2.057s] [34mcolcon.colcon_core.package_identification[0m [1;30mLevel 1[0m _identify(src/data_generation/tools/__pycache__) by extension 'cmake'
[2.058s] [34mcolcon.colcon_core.package_identification[0m [1;30mLevel 1[0m _identify(src/data_generation/tools/__pycache__) by extension 'python'
[2.058s] [34mcolcon.colcon_core.package_identification[0m [1;30mLevel 1[0m _identify(src/data_generation/tools/__pycache__) by extensions ['python_setup_py']
[2.058s] [34mcolcon.colcon_core.package_identification[0m [1;30mLevel 1[0m _identify(src/data_generation/tools/__pycache__) by extension 'python_setup_py'
[2.058s] [34mcolcon.colcon_core.package_identification[0m [1;30mLevel 1[0m _identify(src/evs) by extensions ['ignore', 'ignore_ament_install']
[2.058s] [34mcolcon.colcon_core.package_identification[0m [1;30mLevel 1[0m _identify(src/evs) by extension 'ignore'
[2.058s] [34mcolcon.colcon_core.package_identification[0m [1;30mLevel 1[0m _identify(src/evs) by extension 'ignore_ament_install'
[2.058s] [34mcolcon.colcon_core.package_identification[0m [1;30mLevel 1[0m _identify(src/evs) by extensions ['colcon_pkg']
[2.058s] [34mcolcon.colcon_core.package_identification[0m [1;30mLevel 1[0m _identify(src/evs) by extension 'colcon_pkg'
[2.058s] [34mcolcon.colcon_core.package_identification[0m [1;30mLevel 1[0m _identify(src/evs) by extensions ['colcon_meta']
[2.058s] [34mcolcon.colcon_core.package_identification[0m [1;30mLevel 1[0m _identify(src/evs) by extension 'colcon_meta'
[2.058s] [34mcolcon.colcon_core.package_identification[0m [1;30mLevel 1[0m _identify(src/evs) by extensions ['ros']
[2.058s] [34mcolcon.colcon_core.package_identification[0m [1;30mLevel 1[0m _identify(src/evs) by extension 'ros'
[2.059s] [34mcolcon.colcon_core.package_identification[0m [1;30mDEBUG[0m [32mPackage 'src/evs' with type 'ros.ament_cmake' and name 'evs'[0m
[2.059s] [34mcolcon.colcon_core.package_identification[0m [1;30mLevel 1[0m _identify(src/evs_ball_cpp) by extensions ['ignore', 'ignore_ament_install']
[2.059s] [34mcolcon.colcon_core.package_identification[0m [1;30mLevel 1[0m _identify(src/evs_ball_cpp) by extension 'ignore'
[2.059s] [34mcolcon.colcon_core.package_identification[0m [1;30mLevel 1[0m _identify(src/evs_ball_cpp) by extension 'ignore_ament_install'
[2.059s] [34mcolcon.colcon_core.package_identification[0m [1;30mLevel 1[0m _identify(src/evs_ball_cpp) by extensions ['colcon_pkg']
[2.059s] [34mcolcon.colcon_core.package_identification[0m [1;30mLevel 1[0m _identify(src/evs_ball_cpp) by extension 'colcon_pkg'
[2.059s] [34mcolcon.colcon_core.package_identification[0m [1;30mLevel 1[0m _identify(src/evs_ball_cpp) by extensions ['colcon_meta']
[2.059s] [34mcolcon.colcon_core.package_identification[0m [1;30mLevel 1[0m _identify(src/evs_ball_cpp) by extension 'colcon_meta'
[2.059s] [34mcolcon.colcon_core.package_identification[0m [1;30mLevel 1[0m _identify(src/evs_ball_cpp) by extensions ['ros']
[2.059s] [34mcolcon.colcon_core.package_identification[0m [1;30mLevel 1[0m _identify(src/evs_ball_cpp) by extension 'ros'
[2.060s] [34mcolcon.colcon_core.package_identification[0m [1;30mDEBUG[0m [32mPackage 'src/evs_ball_cpp' with type 'ros.ament_cmake' and name 'evs_ball_cpp'[0m
[2.060s] [34mcolcon.colcon_core.package_discovery[0m [1;30mLevel 1[0m discover_packages(recursive) using defaults
[2.060s] [34mcolcon.colcon_core.package_discovery[0m [1;30mLevel 1[0m discover_packages(ignore) discover
[2.060s] [34mcolcon.colcon_core.package_discovery[0m [1;30mLevel 1[0m discover_packages(ignore) using defaults
[2.060s] [34mcolcon.colcon_core.package_discovery[0m [1;30mLevel 1[0m discover_packages(path) discover
[2.060s] [34mcolcon.colcon_core.package_discovery[0m [1;30mLevel 1[0m discover_packages(path) using defaults
[2.147s] [34mcolcon.colcon_core.package_selection[0m [1;30mINFO[0m Skipping package 'evs_ball_cpp' in 'src/evs_ball_cpp'
[2.147s] [34mcolcon.colcon_core.package_selection[0m [1;30mINFO[0m Skipping package 'calibration' in 'src/calibration'
[2.196s] [34mcolcon.colcon_core.package_discovery[0m [1;30mLevel 1[0m discover_packages(prefix_path) check parameters
[2.196s] [34mcolcon.colcon_core.package_discovery[0m [1;30mLevel 1[0m discover_packages(prefix_path) discover
[2.252s] [34mcolcon.colcon_core.shell[0m [1;30mWARNING[0m [33mThe package 'rcutils' previously found at '/opt/ros/humble' was found again at '/opt/ros/humble/rcutils'. Ignoring '/opt/ros/humble/rcutils'[0m
[2.252s] [34mcolcon.colcon_core.shell[0m [1;30mWARNING[0m [33mThe package 'composition' previously found at '/opt/ros/humble' was found again at '/opt/ros/humble/composition'. Ignoring '/opt/ros/humble/composition'[0m
[2.252s] [34mcolcon.colcon_core.shell[0m [1;30mWARNING[0m [33mThe package 'ament_cpplint' previously found at '/opt/ros/humble' was found again at '/opt/ros/humble/ament_cpplint'. Ignoring '/opt/ros/humble/ament_cpplint'[0m
[2.252s] [34mcolcon.colcon_core.shell[0m [1;30mWARNING[0m [33mThe package 'tf2_ros' previously found at '/opt/ros/humble' was found again at '/opt/ros/humble/tf2_ros'. Ignoring '/opt/ros/humble/tf2_ros'[0m
[2.252s] [34mcolcon.colcon_core.shell[0m [1;30mWARNING[0m [33mThe package 'ros2doctor' previously found at '/opt/ros/humble' was found again at '/opt/ros/humble/ros2doctor'. Ignoring '/opt/ros/humble/ros2doctor'[0m
[2.252s] [34mcolcon.colcon_core.shell[0m [1;30mWARNING[0m [33mThe package 'ament_cmake_core' previously found at '/opt/ros/humble' was found again at '/opt/ros/humble/ament_cmake_core'. Ignoring '/opt/ros/humble/ament_cmake_core'[0m
[2.253s] [34mcolcon.colcon_core.shell[0m [1;30mWARNING[0m [33mThe package 'libcurl_vendor' previously found at '/opt/ros/humble' was found again at '/opt/ros/humble/libcurl_vendor'. Ignoring '/opt/ros/humble/libcurl_vendor'[0m
[2.253s] [34mcolcon.colcon_core.shell[0m [1;30mWARNING[0m [33mThe package 'rosidl_generator_cpp' previously found at '/opt/ros/humble' was found again at '/opt/ros/humble/rosidl_generator_cpp'. Ignoring '/opt/ros/humble/rosidl_generator_cpp'[0m
[2.253s] [34mcolcon.colcon_core.shell[0m [1;30mWARNING[0m [33mThe package 'rpyutils' previously found at '/opt/ros/humble' was found again at '/opt/ros/humble/rpyutils'. Ignoring '/opt/ros/humble/rpyutils'[0m
[2.253s] [34mcolcon.colcon_core.shell[0m [1;30mWARNING[0m [33mThe package 'ament_cmake_cppcheck' previously found at '/opt/ros/humble' was found again at '/opt/ros/humble/ament_cmake_cppcheck'. Ignoring '/opt/ros/humble/ament_cmake_cppcheck'[0m
[2.253s] [34mcolcon.colcon_core.shell[0m [1;30mWARNING[0m [33mThe package 'rclcpp' previously found at '/opt/ros/humble' was found again at '/opt/ros/humble/rclcpp'. Ignoring '/opt/ros/humble/rclcpp'[0m
[2.253s] [34mcolcon.colcon_core.shell[0m [1;30mWARNING[0m [33mThe package 'ros2run' previously found at '/opt/ros/humble' was found again at '/opt/ros/humble/ros2run'. Ignoring '/opt/ros/humble/ros2run'[0m
[2.253s] [34mcolcon.colcon_core.shell[0m [1;30mWARNING[0m [33mThe package 'diagnostic_msgs' previously found at '/opt/ros/humble' was found again at '/opt/ros/humble/diagnostic_msgs'. Ignoring '/opt/ros/humble/diagnostic_msgs'[0m
[2.253s] [34mcolcon.colcon_core.shell[0m [1;30mWARNING[0m [33mThe package 'ament_cmake_pep257' previously found at '/opt/ros/humble' was found again at '/opt/ros/humble/ament_cmake_pep257'. Ignoring '/opt/ros/humble/ament_cmake_pep257'[0m
[2.253s] [34mcolcon.colcon_core.shell[0m [1;30mWARNING[0m [33mThe package 'shape_msgs' previously found at '/opt/ros/humble' was found again at '/opt/ros/humble/shape_msgs'. Ignoring '/opt/ros/humble/shape_msgs'[0m
[2.253s] [34mcolcon.colcon_core.shell[0m [1;30mWARNING[0m [33mThe package 'rqt_msg' previously found at '/opt/ros/humble' was found again at '/opt/ros/humble/rqt_msg'. Ignoring '/opt/ros/humble/rqt_msg'[0m
[2.253s] [34mcolcon.colcon_core.shell[0m [1;30mWARNING[0m [33mThe package 'rqt_console' previously found at '/opt/ros/humble' was found again at '/opt/ros/humble/rqt_console'. Ignoring '/opt/ros/humble/rqt_console'[0m
[2.253s] [34mcolcon.colcon_core.shell[0m [1;30mWARNING[0m [33mThe package 'rmw_dds_common' previously found at '/opt/ros/humble' was found again at '/opt/ros/humble/rmw_dds_common'. Ignoring '/opt/ros/humble/rmw_dds_common'[0m
[2.253s] [34mcolcon.colcon_core.shell[0m [1;30mWARNING[0m [33mThe package 'python_orocos_kdl_vendor' previously found at '/opt/ros/humble' was found again at '/opt/ros/humble/python_orocos_kdl_vendor'. Ignoring '/opt/ros/humble/python_orocos_kdl_vendor'[0m
[2.253s] [34mcolcon.colcon_core.shell[0m [1;30mWARNING[0m [33mThe package 'dummy_sensors' previously found at '/opt/ros/humble' was found again at '/opt/ros/humble/dummy_sensors'. Ignoring '/opt/ros/humble/dummy_sensors'[0m
[2.253s] [34mcolcon.colcon_core.shell[0m [1;30mWARNING[0m [33mThe package 'rosidl_parser' previously found at '/opt/ros/humble' was found again at '/opt/ros/humble/rosidl_parser'. Ignoring '/opt/ros/humble/rosidl_parser'[0m
[2.253s] [34mcolcon.colcon_core.shell[0m [1;30mWARNING[0m [33mThe package 'rosidl_runtime_c' previously found at '/opt/ros/humble' was found again at '/opt/ros/humble/rosidl_runtime_c'. Ignoring '/opt/ros/humble/rosidl_runtime_c'[0m
[2.253s] [34mcolcon.colcon_core.shell[0m [1;30mWARNING[0m [33mThe package 'rqt_topic' previously found at '/opt/ros/humble' was found again at '/opt/ros/humble/rqt_topic'. Ignoring '/opt/ros/humble/rqt_topic'[0m
[2.253s] [34mcolcon.colcon_core.shell[0m [1;30mWARNING[0m [33mThe package 'pendulum_msgs' previously found at '/opt/ros/humble' was found again at '/opt/ros/humble/pendulum_msgs'. Ignoring '/opt/ros/humble/pendulum_msgs'[0m
[2.253s] [34mcolcon.colcon_core.shell[0m [1;30mWARNING[0m [33mThe package 'rmw_implementation' previously found at '/opt/ros/humble' was found again at '/opt/ros/humble/rmw_implementation'. Ignoring '/opt/ros/humble/rmw_implementation'[0m
[2.253s] [34mcolcon.colcon_core.shell[0m [1;30mWARNING[0m [33mThe package 'rosidl_generator_py' previously found at '/opt/ros/humble' was found again at '/opt/ros/humble/rosidl_generator_py'. Ignoring '/opt/ros/humble/rosidl_generator_py'[0m
[2.253s] [34mcolcon.colcon_core.shell[0m [1;30mWARNING[0m [33mThe package 'rviz_common' previously found at '/opt/ros/humble' was found again at '/opt/ros/humble/rviz_common'. Ignoring '/opt/ros/humble/rviz_common'[0m
[2.253s] [34mcolcon.colcon_core.shell[0m [1;30mWARNING[0m [33mThe package 'geometry_msgs' previously found at '/opt/ros/humble' was found again at '/opt/ros/humble/geometry_msgs'. Ignoring '/opt/ros/humble/geometry_msgs'[0m
[2.253s] [34mcolcon.colcon_core.shell[0m [1;30mWARNING[0m [33mThe package 'rcl_logging_interface' previously found at '/opt/ros/humble' was found again at '/opt/ros/humble/rcl_logging_interface'. Ignoring '/opt/ros/humble/rcl_logging_interface'[0m
[2.254s] [34mcolcon.colcon_core.shell[0m [1;30mWARNING[0m [33mThe package 'std_srvs' previously found at '/opt/ros/humble' was found again at '/opt/ros/humble/std_srvs'. Ignoring '/opt/ros/humble/std_srvs'[0m
[2.254s] [34mcolcon.colcon_core.shell[0m [1;30mWARNING[0m [33mThe package 'ament_cmake_uncrustify' previously found at '/opt/ros/humble' was found again at '/opt/ros/humble/ament_cmake_uncrustify'. Ignoring '/opt/ros/humble/ament_cmake_uncrustify'[0m
[2.254s] [34mcolcon.colcon_core.shell[0m [1;30mWARNING[0m [33mThe package 'tf2_kdl' previously found at '/opt/ros/humble' was found again at '/opt/ros/humble/tf2_kdl'. Ignoring '/opt/ros/humble/tf2_kdl'[0m
[2.254s] [34mcolcon.colcon_core.shell[0m [1;30mWARNING[0m [33mThe package 'ament_pep257' previously found at '/opt/ros/humble' was found again at '/opt/ros/humble/ament_pep257'. Ignoring '/opt/ros/humble/ament_pep257'[0m
[2.254s] [34mcolcon.colcon_core.shell[0m [1;30mWARNING[0m [33mThe package 'ros2pkg' previously found at '/opt/ros/humble' was found again at '/opt/ros/humble/ros2pkg'. Ignoring '/opt/ros/humble/ros2pkg'[0m
[2.254s] [34mcolcon.colcon_core.shell[0m [1;30mWARNING[0m [33mThe package 'ament_lint_cmake' previously found at '/opt/ros/humble' was found again at '/opt/ros/humble/ament_lint_cmake'. Ignoring '/opt/ros/humble/ament_lint_cmake'[0m
[2.254s] [34mcolcon.colcon_core.shell[0m [1;30mWARNING[0m [33mThe package 'orocos_kdl_vendor' previously found at '/opt/ros/humble' was found again at '/opt/ros/humble/orocos_kdl_vendor'. Ignoring '/opt/ros/humble/orocos_kdl_vendor'[0m
[2.254s] [34mcolcon.colcon_core.shell[0m [1;30mWARNING[0m [33mThe package 'ament_xmllint' previously found at '/opt/ros/humble' was found again at '/opt/ros/humble/ament_xmllint'. Ignoring '/opt/ros/humble/ament_xmllint'[0m
[2.254s] [34mcolcon.colcon_core.shell[0m [1;30mWARNING[0m [33mThe package 'fastrtps_cmake_module' previously found at '/opt/ros/humble' was found again at '/opt/ros/humble/fastrtps_cmake_module'. Ignoring '/opt/ros/humble/fastrtps_cmake_module'[0m
[2.254s] [34mcolcon.colcon_core.shell[0m [1;30mWARNING[0m [33mThe package 'ament_cmake_gtest' previously found at '/opt/ros/humble' was found again at '/opt/ros/humble/ament_cmake_gtest'. Ignoring '/opt/ros/humble/ament_cmake_gtest'[0m
[2.254s] [34mcolcon.colcon_core.shell[0m [1;30mWARNING[0m [33mThe package 'ament_cmake_target_dependencies' previously found at '/opt/ros/humble' was found again at '/opt/ros/humble/ament_cmake_target_dependencies'. Ignoring '/opt/ros/humble/ament_cmake_target_dependencies'[0m
[2.254s] [34mcolcon.colcon_core.shell[0m [1;30mWARNING[0m [33mThe package 'tf2_tools' previously found at '/opt/ros/humble' was found again at '/opt/ros/humble/tf2_tools'. Ignoring '/opt/ros/humble/tf2_tools'[0m
[2.254s] [34mcolcon.colcon_core.shell[0m [1;30mWARNING[0m [33mThe package 'rosbag2_storage_default_plugins' previously found at '/opt/ros/humble' was found again at '/opt/ros/humble/rosbag2_storage_default_plugins'. Ignoring '/opt/ros/humble/rosbag2_storage_default_plugins'[0m
[2.254s] [34mcolcon.colcon_core.shell[0m [1;30mWARNING[0m [33mThe package 'ament_cmake_export_libraries' previously found at '/opt/ros/humble' was found again at '/opt/ros/humble/ament_cmake_export_libraries'. Ignoring '/opt/ros/humble/ament_cmake_export_libraries'[0m
[2.254s] [34mcolcon.colcon_core.shell[0m [1;30mWARNING[0m [33mThe package 'tf2_bullet' previously found at '/opt/ros/humble' was found again at '/opt/ros/humble/tf2_bullet'. Ignoring '/opt/ros/humble/tf2_bullet'[0m
[2.254s] [34mcolcon.colcon_core.shell[0m [1;30mWARNING[0m [33mThe package 'ament_lint_common' previously found at '/opt/ros/humble' was found again at '/opt/ros/humble/ament_lint_common'. Ignoring '/opt/ros/humble/ament_lint_common'[0m
[2.254s] [34mcolcon.colcon_core.shell[0m [1;30mWARNING[0m [33mThe package 'ros2bag' previously found at '/opt/ros/humble' was found again at '/opt/ros/humble/ros2bag'. Ignoring '/opt/ros/humble/ros2bag'[0m
[2.254s] [34mcolcon.colcon_core.shell[0m [1;30mWARNING[0m [33mThe package 'rosidl_typesupport_fastrtps_cpp' previously found at '/opt/ros/humble' was found again at '/opt/ros/humble/rosidl_typesupport_fastrtps_cpp'. Ignoring '/opt/ros/humble/rosidl_typesupport_fastrtps_cpp'[0m
[2.254s] [34mcolcon.colcon_core.shell[0m [1;30mWARNING[0m [33mThe package 'rcl_yaml_param_parser' previously found at '/opt/ros/humble' was found again at '/opt/ros/humble/rcl_yaml_param_parser'. Ignoring '/opt/ros/humble/rcl_yaml_param_parser'[0m
[2.254s] [34mcolcon.colcon_core.shell[0m [1;30mWARNING[0m [33mThe package 'libstatistics_collector' previously found at '/opt/ros/humble' was found again at '/opt/ros/humble/libstatistics_collector'. Ignoring '/opt/ros/humble/libstatistics_collector'[0m
[2.254s] [34mcolcon.colcon_core.shell[0m [1;30mWARNING[0m [33mThe package 'examples_rclcpp_minimal_client' previously found at '/opt/ros/humble' was found again at '/opt/ros/humble/examples_rclcpp_minimal_client'. Ignoring '/opt/ros/humble/examples_rclcpp_minimal_client'[0m
[2.254s] [34mcolcon.colcon_core.shell[0m [1;30mWARNING[0m [33mThe package 'urdf_parser_plugin' previously found at '/opt/ros/humble' was found again at '/opt/ros/humble/urdf_parser_plugin'. Ignoring '/opt/ros/humble/urdf_parser_plugin'[0m
[2.255s] [34mcolcon.colcon_core.shell[0m [1;30mWARNING[0m [33mThe package 'ament_index_cpp' previously found at '/opt/ros/humble' was found again at '/opt/ros/humble/ament_index_cpp'. Ignoring '/opt/ros/humble/ament_index_cpp'[0m
[2.255s] [34mcolcon.colcon_core.shell[0m [1;30mWARNING[0m [33mThe package 'launch_testing' previously found at '/opt/ros/humble' was found again at '/opt/ros/humble/launch_testing'. Ignoring '/opt/ros/humble/launch_testing'[0m
[2.255s] [34mcolcon.colcon_core.shell[0m [1;30mWARNING[0m [33mThe package 'rosidl_cmake' previously found at '/opt/ros/humble' was found again at '/opt/ros/humble/rosidl_cmake'. Ignoring '/opt/ros/humble/rosidl_cmake'[0m
[2.255s] [34mcolcon.colcon_core.shell[0m [1;30mWARNING[0m [33mThe package 'image_transport' previously found at '/opt/ros/humble' was found again at '/opt/ros/humble/image_transport'. Ignoring '/opt/ros/humble/image_transport'[0m
[2.255s] [34mcolcon.colcon_core.shell[0m [1;30mWARNING[0m [33mThe package 'rqt_service_caller' previously found at '/opt/ros/humble' was found again at '/opt/ros/humble/rqt_service_caller'. Ignoring '/opt/ros/humble/rqt_service_caller'[0m
[2.255s] [34mcolcon.colcon_core.shell[0m [1;30mWARNING[0m [33mThe package 'ament_cmake_export_link_flags' previously found at '/opt/ros/humble' was found again at '/opt/ros/humble/ament_cmake_export_link_flags'. Ignoring '/opt/ros/humble/ament_cmake_export_link_flags'[0m
[2.255s] [34mcolcon.colcon_core.shell[0m [1;30mWARNING[0m [33mThe package 'rosidl_generator_c' previously found at '/opt/ros/humble' was found again at '/opt/ros/humble/rosidl_generator_c'. Ignoring '/opt/ros/humble/rosidl_generator_c'[0m
[2.255s] [34mcolcon.colcon_core.shell[0m [1;30mWARNING[0m [33mThe package 'ros2param' previously found at '/opt/ros/humble' was found again at '/opt/ros/humble/ros2param'. Ignoring '/opt/ros/humble/ros2param'[0m
[2.255s] [34mcolcon.colcon_core.shell[0m [1;30mWARNING[0m [33mThe package 'rqt_bag' previously found at '/opt/ros/humble' was found again at '/opt/ros/humble/rqt_bag'. Ignoring '/opt/ros/humble/rqt_bag'[0m
[2.255s] [34mcolcon.colcon_core.shell[0m [1;30mWARNING[0m [33mThe package 'ament_index_python' previously found at '/opt/ros/humble' was found again at '/opt/ros/humble/ament_index_python'. Ignoring '/opt/ros/humble/ament_index_python'[0m
[2.255s] [34mcolcon.colcon_core.shell[0m [1;30mWARNING[0m [33mThe package 'examples_rclcpp_minimal_timer' previously found at '/opt/ros/humble' was found again at '/opt/ros/humble/examples_rclcpp_minimal_timer'. Ignoring '/opt/ros/humble/examples_rclcpp_minimal_timer'[0m
[2.255s] [34mcolcon.colcon_core.shell[0m [1;30mWARNING[0m [33mThe package 'rosidl_runtime_py' previously found at '/opt/ros/humble' was found again at '/opt/ros/humble/rosidl_runtime_py'. Ignoring '/opt/ros/humble/rosidl_runtime_py'[0m
[2.255s] [34mcolcon.colcon_core.shell[0m [1;30mWARNING[0m [33mThe package 'tlsf_cpp' previously found at '/opt/ros/humble' was found again at '/opt/ros/humble/tlsf_cpp'. Ignoring '/opt/ros/humble/tlsf_cpp'[0m
[2.255s] [34mcolcon.colcon_core.shell[0m [1;30mWARNING[0m [33mThe package 'rcpputils' previously found at '/opt/ros/humble' was found again at '/opt/ros/humble/rcpputils'. Ignoring '/opt/ros/humble/rcpputils'[0m
[2.255s] [34mcolcon.colcon_core.shell[0m [1;30mWARNING[0m [33mThe package 'osrf_pycommon' previously found at '/opt/ros/humble' was found again at '/opt/ros/humble/osrf_pycommon'. Ignoring '/opt/ros/humble/osrf_pycommon'[0m
[2.255s] [34mcolcon.colcon_core.shell[0m [1;30mWARNING[0m [33mThe package 'rosgraph_msgs' previously found at '/opt/ros/humble' was found again at '/opt/ros/humble/rosgraph_msgs'. Ignoring '/opt/ros/humble/rosgraph_msgs'[0m
[2.255s] [34mcolcon.colcon_core.shell[0m [1;30mWARNING[0m [33mThe package 'ament_cmake_version' previously found at '/opt/ros/humble' was found again at '/opt/ros/humble/ament_cmake_version'. Ignoring '/opt/ros/humble/ament_cmake_version'[0m
[2.255s] [34mcolcon.colcon_core.shell[0m [1;30mWARNING[0m [33mThe package 'yaml_cpp_vendor' previously found at '/opt/ros/humble' was found again at '/opt/ros/humble/yaml_cpp_vendor'. Ignoring '/opt/ros/humble/yaml_cpp_vendor'[0m
[2.255s] [34mcolcon.colcon_core.shell[0m [1;30mWARNING[0m [33mThe package 'ament_cmake_lint_cmake' previously found at '/opt/ros/humble' was found again at '/opt/ros/humble/ament_cmake_lint_cmake'. Ignoring '/opt/ros/humble/ament_cmake_lint_cmake'[0m
[2.255s] [34mcolcon.colcon_core.shell[0m [1;30mWARNING[0m [33mThe package 'ament_cmake_export_definitions' previously found at '/opt/ros/humble' was found again at '/opt/ros/humble/ament_cmake_export_definitions'. Ignoring '/opt/ros/humble/ament_cmake_export_definitions'[0m
[2.255s] [34mcolcon.colcon_core.shell[0m [1;30mWARNING[0m [33mThe package 'rqt_py_common' previously found at '/opt/ros/humble' was found again at '/opt/ros/humble/rqt_py_common'. Ignoring '/opt/ros/humble/rqt_py_common'[0m
[2.255s] [34mcolcon.colcon_core.shell[0m [1;30mWARNING[0m [33mThe package 'action_tutorials_py' previously found at '/opt/ros/humble' was found again at '/opt/ros/humble/action_tutorials_py'. Ignoring '/opt/ros/humble/action_tutorials_py'[0m
[2.255s] [34mcolcon.colcon_core.shell[0m [1;30mWARNING[0m [33mThe package 'tf2' previously found at '/opt/ros/humble' was found again at '/opt/ros/humble/tf2'. Ignoring '/opt/ros/humble/tf2'[0m
[2.255s] [34mcolcon.colcon_core.shell[0m [1;30mWARNING[0m [33mThe package 'intra_process_demo' previously found at '/opt/ros/humble' was found again at '/opt/ros/humble/intra_process_demo'. Ignoring '/opt/ros/humble/intra_process_demo'[0m
[2.256s] [34mcolcon.colcon_core.shell[0m [1;30mWARNING[0m [33mThe package 'lifecycle_msgs' previously found at '/opt/ros/humble' was found again at '/opt/ros/humble/lifecycle_msgs'. Ignoring '/opt/ros/humble/lifecycle_msgs'[0m
[2.256s] [34mcolcon.colcon_core.shell[0m [1;30mWARNING[0m [33mThe package 'ros2node' previously found at '/opt/ros/humble' was found again at '/opt/ros/humble/ros2node'. Ignoring '/opt/ros/humble/ros2node'[0m
[2.256s] [34mcolcon.colcon_core.shell[0m [1;30mWARNING[0m [33mThe package 'interactive_markers' previously found at '/opt/ros/humble' was found again at '/opt/ros/humble/interactive_markers'. Ignoring '/opt/ros/humble/interactive_markers'[0m
[2.256s] [34mcolcon.colcon_core.shell[0m [1;30mWARNING[0m [33mThe package 'tinyxml2_vendor' previously found at '/opt/ros/humble' was found again at '/opt/ros/humble/tinyxml2_vendor'. Ignoring '/opt/ros/humble/tinyxml2_vendor'[0m
[2.256s] [34mcolcon.colcon_core.shell[0m [1;30mWARNING[0m [33mThe package 'ament_lint_auto' previously found at '/opt/ros/humble' was found again at '/opt/ros/humble/ament_lint_auto'. Ignoring '/opt/ros/humble/ament_lint_auto'[0m
[2.256s] [34mcolcon.colcon_core.shell[0m [1;30mWARNING[0m [33mThe package 'ros2component' previously found at '/opt/ros/humble' was found again at '/opt/ros/humble/ros2component'. Ignoring '/opt/ros/humble/ros2component'[0m
[2.256s] [34mcolcon.colcon_core.shell[0m [1;30mWARNING[0m [33mThe package 'launch' previously found at '/opt/ros/humble' was found again at '/opt/ros/humble/launch'. Ignoring '/opt/ros/humble/launch'[0m
[2.256s] [34mcolcon.colcon_core.shell[0m [1;30mWARNING[0m [33mThe package 'rosbag2_storage' previously found at '/opt/ros/humble' was found again at '/opt/ros/humble/rosbag2_storage'. Ignoring '/opt/ros/humble/rosbag2_storage'[0m
[2.256s] [34mcolcon.colcon_core.shell[0m [1;30mWARNING[0m [33mThe package 'rqt_action' previously found at '/opt/ros/humble' was found again at '/opt/ros/humble/rqt_action'. Ignoring '/opt/ros/humble/rqt_action'[0m
[2.256s] [34mcolcon.colcon_core.shell[0m [1;30mWARNING[0m [33mThe package 'ros_environment' previously found at '/opt/ros/humble' was found again at '/opt/ros/humble/ros_environment'. Ignoring '/opt/ros/humble/ros_environment'[0m
[2.256s] [34mcolcon.colcon_core.shell[0m [1;30mWARNING[0m [33mThe package 'rosidl_typesupport_introspection_cpp' previously found at '/opt/ros/humble' was found again at '/opt/ros/humble/rosidl_typesupport_introspection_cpp'. Ignoring '/opt/ros/humble/rosidl_typesupport_introspection_cpp'[0m
[2.256s] [34mcolcon.colcon_core.shell[0m [1;30mWARNING[0m [33mThe package 'actionlib_msgs' previously found at '/opt/ros/humble' was found again at '/opt/ros/humble/actionlib_msgs'. Ignoring '/opt/ros/humble/actionlib_msgs'[0m
[2.256s] [34mcolcon.colcon_core.shell[0m [1;30mWARNING[0m [33mThe package 'statistics_msgs' previously found at '/opt/ros/humble' was found again at '/opt/ros/humble/statistics_msgs'. Ignoring '/opt/ros/humble/statistics_msgs'[0m
[2.256s] [34mcolcon.colcon_core.shell[0m [1;30mWARNING[0m [33mThe package 'examples_rclcpp_minimal_subscriber' previously found at '/opt/ros/humble' was found again at '/opt/ros/humble/examples_rclcpp_minimal_subscriber'. Ignoring '/opt/ros/humble/examples_rclcpp_minimal_subscriber'[0m
[2.256s] [34mcolcon.colcon_core.shell[0m [1;30mWARNING[0m [33mThe package 'class_loader' previously found at '/opt/ros/humble' was found again at '/opt/ros/humble/class_loader'. Ignoring '/opt/ros/humble/class_loader'[0m
[2.256s] [34mcolcon.colcon_core.shell[0m [1;30mWARNING[0m [33mThe package 'rosbag2_compression_zstd' previously found at '/opt/ros/humble' was found again at '/opt/ros/humble/rosbag2_compression_zstd'. Ignoring '/opt/ros/humble/rosbag2_compression_zstd'[0m
[2.256s] [34mcolcon.colcon_core.shell[0m [1;30mWARNING[0m [33mThe package 'launch_testing_ros' previously found at '/opt/ros/humble' was found again at '/opt/ros/humble/launch_testing_ros'. Ignoring '/opt/ros/humble/launch_testing_ros'[0m
[2.256s] [34mcolcon.colcon_core.shell[0m [1;30mWARNING[0m [33mThe package 'ament_cmake_export_interfaces' previously found at '/opt/ros/humble' was found again at '/opt/ros/humble/ament_cmake_export_interfaces'. Ignoring '/opt/ros/humble/ament_cmake_export_interfaces'[0m
[2.256s] [34mcolcon.colcon_core.shell[0m [1;30mWARNING[0m [33mThe package 'kdl_parser' previously found at '/opt/ros/humble' was found again at '/opt/ros/humble/kdl_parser'. Ignoring '/opt/ros/humble/kdl_parser'[0m
[2.256s] [34mcolcon.colcon_core.shell[0m [1;30mWARNING[0m [33mThe package 'trajectory_msgs' previously found at '/opt/ros/humble' was found again at '/opt/ros/humble/trajectory_msgs'. Ignoring '/opt/ros/humble/trajectory_msgs'[0m
[2.256s] [34mcolcon.colcon_core.shell[0m [1;30mWARNING[0m [33mThe package 'examples_rclpy_minimal_publisher' previously found at '/opt/ros/humble' was found again at '/opt/ros/humble/examples_rclpy_minimal_publisher'. Ignoring '/opt/ros/humble/examples_rclpy_minimal_publisher'[0m
[2.256s] [34mcolcon.colcon_core.shell[0m [1;30mWARNING[0m [33mThe package 'examples_rclpy_executors' previously found at '/opt/ros/humble' was found again at '/opt/ros/humble/examples_rclpy_executors'. Ignoring '/opt/ros/humble/examples_rclpy_executors'[0m
[2.256s] [34mcolcon.colcon_core.shell[0m [1;30mWARNING[0m [33mThe package 'console_bridge_vendor' previously found at '/opt/ros/humble' was found again at '/opt/ros/humble/console_bridge_vendor'. Ignoring '/opt/ros/humble/console_bridge_vendor'[0m
[2.257s] [34mcolcon.colcon_core.shell[0m [1;30mWARNING[0m [33mThe package 'shared_queues_vendor' previously found at '/opt/ros/humble' was found again at '/opt/ros/humble/shared_queues_vendor'. Ignoring '/opt/ros/humble/shared_queues_vendor'[0m
[2.257s] [34mcolcon.colcon_core.shell[0m [1;30mWARNING[0m [33mThe package 'launch_ros' previously found at '/opt/ros/humble' was found again at '/opt/ros/humble/launch_ros'. Ignoring '/opt/ros/humble/launch_ros'[0m
[2.257s] [34mcolcon.colcon_core.shell[0m [1;30mWARNING[0m [33mThe package 'domain_coordinator' previously found at '/opt/ros/humble' was found again at '/opt/ros/humble/domain_coordinator'. Ignoring '/opt/ros/humble/domain_coordinator'[0m
[2.257s] [34mcolcon.colcon_core.shell[0m [1;30mWARNING[0m [33mThe package 'dummy_robot_bringup' previously found at '/opt/ros/humble' was found again at '/opt/ros/humble/dummy_robot_bringup'. Ignoring '/opt/ros/humble/dummy_robot_bringup'[0m
[2.257s] [34mcolcon.colcon_core.shell[0m [1;30mWARNING[0m [33mThe package 'action_msgs' previously found at '/opt/ros/humble' was found again at '/opt/ros/humble/action_msgs'. Ignoring '/opt/ros/humble/action_msgs'[0m
[2.257s] [34mcolcon.colcon_core.shell[0m [1;30mWARNING[0m [33mThe package 'tracetools' previously found at '/opt/ros/humble' was found again at '/opt/ros/humble/tracetools'. Ignoring '/opt/ros/humble/tracetools'[0m
[2.257s] [34mcolcon.colcon_core.shell[0m [1;30mWARNING[0m [33mThe package 'rclcpp_components' previously found at '/opt/ros/humble' was found again at '/opt/ros/humble/rclcpp_components'. Ignoring '/opt/ros/humble/rclcpp_components'[0m
[2.257s] [34mcolcon.colcon_core.shell[0m [1;30mWARNING[0m [33mThe package 'ament_cmake_python' previously found at '/opt/ros/humble' was found again at '/opt/ros/humble/ament_cmake_python'. Ignoring '/opt/ros/humble/ament_cmake_python'[0m
[2.257s] [34mcolcon.colcon_core.shell[0m [1;30mWARNING[0m [33mThe package 'builtin_interfaces' previously found at '/opt/ros/humble' was found again at '/opt/ros/humble/builtin_interfaces'. Ignoring '/opt/ros/humble/builtin_interfaces'[0m
[2.257s] [34mcolcon.colcon_core.shell[0m [1;30mWARNING[0m [33mThe package 'examples_rclcpp_multithreaded_executor' previously found at '/opt/ros/humble' was found again at '/opt/ros/humble/examples_rclcpp_multithreaded_executor'. Ignoring '/opt/ros/humble/examples_rclcpp_multithreaded_executor'[0m
[2.257s] [34mcolcon.colcon_core.shell[0m [1;30mWARNING[0m [33mThe package 'rosidl_typesupport_introspection_c' previously found at '/opt/ros/humble' was found again at '/opt/ros/humble/rosidl_typesupport_introspection_c'. Ignoring '/opt/ros/humble/rosidl_typesupport_introspection_c'[0m
[2.257s] [34mcolcon.colcon_core.shell[0m [1;30mWARNING[0m [33mThe package 'examples_rclcpp_minimal_action_server' previously found at '/opt/ros/humble' was found again at '/opt/ros/humble/examples_rclcpp_minimal_action_server'. Ignoring '/opt/ros/humble/examples_rclcpp_minimal_action_server'[0m
[2.257s] [34mcolcon.colcon_core.shell[0m [1;30mWARNING[0m [33mThe package 'rmw_fastrtps_shared_cpp' previously found at '/opt/ros/humble' was found again at '/opt/ros/humble/rmw_fastrtps_shared_cpp'. Ignoring '/opt/ros/humble/rmw_fastrtps_shared_cpp'[0m
[2.257s] [34mcolcon.colcon_core.shell[0m [1;30mWARNING[0m [33mThe package 'action_tutorials_interfaces' previously found at '/opt/ros/humble' was found again at '/opt/ros/humble/action_tutorials_interfaces'. Ignoring '/opt/ros/humble/action_tutorials_interfaces'[0m
[2.257s] [34mcolcon.colcon_core.shell[0m [1;30mWARNING[0m [33mThe package 'rviz_assimp_vendor' previously found at '/opt/ros/humble' was found again at '/opt/ros/humble/rviz_assimp_vendor'. Ignoring '/opt/ros/humble/rviz_assimp_vendor'[0m
[2.257s] [34mcolcon.colcon_core.shell[0m [1;30mWARNING[0m [33mThe package 'qt_dotgraph' previously found at '/opt/ros/humble' was found again at '/opt/ros/humble/qt_dotgraph'. Ignoring '/opt/ros/humble/qt_dotgraph'[0m
[2.257s] [34mcolcon.colcon_core.shell[0m [1;30mWARNING[0m [33mThe package 'ros2topic' previously found at '/opt/ros/humble' was found again at '/opt/ros/humble/ros2topic'. Ignoring '/opt/ros/humble/ros2topic'[0m
[2.257s] [34mcolcon.colcon_core.shell[0m [1;30mWARNING[0m [33mThe package 'ament_cmake_gen_version_h' previously found at '/opt/ros/humble' was found again at '/opt/ros/humble/ament_cmake_gen_version_h'. Ignoring '/opt/ros/humble/ament_cmake_gen_version_h'[0m
[2.257s] [34mcolcon.colcon_core.shell[0m [1;30mWARNING[0m [33mThe package 'ament_cmake_flake8' previously found at '/opt/ros/humble' was found again at '/opt/ros/humble/ament_cmake_flake8'. Ignoring '/opt/ros/humble/ament_cmake_flake8'[0m
[2.257s] [34mcolcon.colcon_core.shell[0m [1;30mWARNING[0m [33mThe package 'launch_testing_ament_cmake' previously found at '/opt/ros/humble' was found again at '/opt/ros/humble/launch_testing_ament_cmake'. Ignoring '/opt/ros/humble/launch_testing_ament_cmake'[0m
[2.257s] [34mcolcon.colcon_core.shell[0m [1;30mWARNING[0m [33mThe package 'rclpy' previously found at '/opt/ros/humble' was found again at '/opt/ros/humble/rclpy'. Ignoring '/opt/ros/humble/rclpy'[0m
[2.257s] [34mcolcon.colcon_core.shell[0m [1;30mWARNING[0m [33mThe package 'zstd_vendor' previously found at '/opt/ros/humble' was found again at '/opt/ros/humble/zstd_vendor'. Ignoring '/opt/ros/humble/zstd_vendor'[0m
[2.257s] [34mcolcon.colcon_core.shell[0m [1;30mWARNING[0m [33mThe package 'examples_rclpy_minimal_action_client' previously found at '/opt/ros/humble' was found again at '/opt/ros/humble/examples_rclpy_minimal_action_client'. Ignoring '/opt/ros/humble/examples_rclpy_minimal_action_client'[0m
[2.258s] [34mcolcon.colcon_core.shell[0m [1;30mWARNING[0m [33mThe package 'ament_copyright' previously found at '/opt/ros/humble' was found again at '/opt/ros/humble/ament_copyright'. Ignoring '/opt/ros/humble/ament_copyright'[0m
[2.258s] [34mcolcon.colcon_core.shell[0m [1;30mWARNING[0m [33mThe package 'rclcpp_lifecycle' previously found at '/opt/ros/humble' was found again at '/opt/ros/humble/rclcpp_lifecycle'. Ignoring '/opt/ros/humble/rclcpp_lifecycle'[0m
[2.258s] [34mcolcon.colcon_core.shell[0m [1;30mWARNING[0m [33mThe package 'rosidl_runtime_cpp' previously found at '/opt/ros/humble' was found again at '/opt/ros/humble/rosidl_runtime_cpp'. Ignoring '/opt/ros/humble/rosidl_runtime_cpp'[0m
[2.258s] [34mcolcon.colcon_core.shell[0m [1;30mWARNING[0m [33mThe package 'ament_cmake_auto' previously found at '/opt/ros/humble' was found again at '/opt/ros/humble/ament_cmake_auto'. Ignoring '/opt/ros/humble/ament_cmake_auto'[0m
[2.258s] [34mcolcon.colcon_core.shell[0m [1;30mWARNING[0m [33mThe package 'turtlesim' previously found at '/opt/ros/humble' was found again at '/opt/ros/humble/turtlesim'. Ignoring '/opt/ros/humble/turtlesim'[0m
[2.258s] [34mcolcon.colcon_core.shell[0m [1;30mWARNING[0m [33mThe package 'rqt_plot' previously found at '/opt/ros/humble' was found again at '/opt/ros/humble/rqt_plot'. Ignoring '/opt/ros/humble/rqt_plot'[0m
[2.258s] [34mcolcon.colcon_core.shell[0m [1;30mWARNING[0m [33mThe package 'rmw' previously found at '/opt/ros/humble' was found again at '/opt/ros/humble/rmw'. Ignoring '/opt/ros/humble/rmw'[0m
[2.258s] [34mcolcon.colcon_core.shell[0m [1;30mWARNING[0m [33mThe package 'rosidl_adapter' previously found at '/opt/ros/humble' was found again at '/opt/ros/humble/rosidl_adapter'. Ignoring '/opt/ros/humble/rosidl_adapter'[0m
[2.258s] [34mcolcon.colcon_core.shell[0m [1;30mWARNING[0m [33mThe package 'rviz_ogre_vendor' previously found at '/opt/ros/humble' was found again at '/opt/ros/humble/rviz_ogre_vendor'. Ignoring '/opt/ros/humble/rviz_ogre_vendor'[0m
[2.258s] [34mcolcon.colcon_core.shell[0m [1;30mWARNING[0m [33mThe package 'rosbag2_transport' previously found at '/opt/ros/humble' was found again at '/opt/ros/humble/rosbag2_transport'. Ignoring '/opt/ros/humble/rosbag2_transport'[0m
[2.258s] [34mcolcon.colcon_core.shell[0m [1;30mWARNING[0m [33mThe package 'urdf' previously found at '/opt/ros/humble' was found again at '/opt/ros/humble/urdf'. Ignoring '/opt/ros/humble/urdf'[0m
[2.258s] [34mcolcon.colcon_core.shell[0m [1;30mWARNING[0m [33mThe package 'rcl_action' previously found at '/opt/ros/humble' was found again at '/opt/ros/humble/rcl_action'. Ignoring '/opt/ros/humble/rcl_action'[0m
[2.258s] [34mcolcon.colcon_core.shell[0m [1;30mWARNING[0m [33mThe package 'examples_rclpy_minimal_action_server' previously found at '/opt/ros/humble' was found again at '/opt/ros/humble/examples_rclpy_minimal_action_server'. Ignoring '/opt/ros/humble/examples_rclpy_minimal_action_server'[0m
[2.258s] [34mcolcon.colcon_core.shell[0m [1;30mWARNING[0m [33mThe package 'visualization_msgs' previously found at '/opt/ros/humble' was found again at '/opt/ros/humble/visualization_msgs'. Ignoring '/opt/ros/humble/visualization_msgs'[0m
[2.258s] [34mcolcon.colcon_core.shell[0m [1;30mWARNING[0m [33mThe package 'spdlog_vendor' previously found at '/opt/ros/humble' was found again at '/opt/ros/humble/spdlog_vendor'. Ignoring '/opt/ros/humble/spdlog_vendor'[0m
[2.258s] [34mcolcon.colcon_core.shell[0m [1;30mWARNING[0m [33mThe package 'rosidl_default_generators' previously found at '/opt/ros/humble' was found again at '/opt/ros/humble/rosidl_default_generators'. Ignoring '/opt/ros/humble/rosidl_default_generators'[0m
[2.258s] [34mcolcon.colcon_core.shell[0m [1;30mWARNING[0m [33mThe package 'std_msgs' previously found at '/opt/ros/humble' was found again at '/opt/ros/humble/std_msgs'. Ignoring '/opt/ros/humble/std_msgs'[0m
[2.258s] [34mcolcon.colcon_core.shell[0m [1;30mWARNING[0m [33mThe package 'qt_gui_py_common' previously found at '/opt/ros/humble' was found again at '/opt/ros/humble/qt_gui_py_common'. Ignoring '/opt/ros/humble/qt_gui_py_common'[0m
[2.258s] [34mcolcon.colcon_core.shell[0m [1;30mWARNING[0m [33mThe package 'rmw_fastrtps_cpp' previously found at '/opt/ros/humble' was found again at '/opt/ros/humble/rmw_fastrtps_cpp'. Ignoring '/opt/ros/humble/rmw_fastrtps_cpp'[0m
[2.258s] [34mcolcon.colcon_core.shell[0m [1;30mWARNING[0m [33mThe package 'rqt_reconfigure' previously found at '/opt/ros/humble' was found again at '/opt/ros/humble/rqt_reconfigure'. Ignoring '/opt/ros/humble/rqt_reconfigure'[0m
[2.258s] [34mcolcon.colcon_core.shell[0m [1;30mWARNING[0m [33mThe package 'qt_gui' previously found at '/opt/ros/humble' was found again at '/opt/ros/humble/qt_gui'. Ignoring '/opt/ros/humble/qt_gui'[0m
[2.258s] [34mcolcon.colcon_core.shell[0m [1;30mWARNING[0m [33mThe package 'demo_nodes_cpp' previously found at '/opt/ros/humble' was found again at '/opt/ros/humble/demo_nodes_cpp'. Ignoring '/opt/ros/humble/demo_nodes_cpp'[0m
[2.258s] [34mcolcon.colcon_core.shell[0m [1;30mWARNING[0m [33mThe package 'rviz_default_plugins' previously found at '/opt/ros/humble' was found again at '/opt/ros/humble/rviz_default_plugins'. Ignoring '/opt/ros/humble/rviz_default_plugins'[0m
[2.259s] [34mcolcon.colcon_core.shell[0m [1;30mWARNING[0m [33mThe package 'ros2cli_common_extensions' previously found at '/opt/ros/humble' was found again at '/opt/ros/humble/ros2cli_common_extensions'. Ignoring '/opt/ros/humble/ros2cli_common_extensions'[0m
[2.259s] [34mcolcon.colcon_core.shell[0m [1;30mWARNING[0m [33mThe package 'ros2interface' previously found at '/opt/ros/humble' was found again at '/opt/ros/humble/ros2interface'. Ignoring '/opt/ros/humble/ros2interface'[0m
[2.259s] [34mcolcon.colcon_core.shell[0m [1;30mWARNING[0m [33mThe package 'rqt_gui' previously found at '/opt/ros/humble' was found again at '/opt/ros/humble/rqt_gui'. Ignoring '/opt/ros/humble/rqt_gui'[0m
[2.259s] [34mcolcon.colcon_core.shell[0m [1;30mWARNING[0m [33mThe package 'tf2_geometry_msgs' previously found at '/opt/ros/humble' was found again at '/opt/ros/humble/tf2_geometry_msgs'. Ignoring '/opt/ros/humble/tf2_geometry_msgs'[0m
[2.259s] [34mcolcon.colcon_core.shell[0m [1;30mWARNING[0m [33mThe package 'ament_cmake_test' previously found at '/opt/ros/humble' was found again at '/opt/ros/humble/ament_cmake_test'. Ignoring '/opt/ros/humble/ament_cmake_test'[0m
[2.259s] [34mcolcon.colcon_core.shell[0m [1;30mWARNING[0m [33mThe package 'rviz_rendering' previously found at '/opt/ros/humble' was found again at '/opt/ros/humble/rviz_rendering'. Ignoring '/opt/ros/humble/rviz_rendering'[0m
[2.259s] [34mcolcon.colcon_core.shell[0m [1;30mWARNING[0m [33mThe package 'rcl_lifecycle' previously found at '/opt/ros/humble' was found again at '/opt/ros/humble/rcl_lifecycle'. Ignoring '/opt/ros/humble/rcl_lifecycle'[0m
[2.259s] [34mcolcon.colcon_core.shell[0m [1;30mWARNING[0m [33mThe package 'rcl_logging_spdlog' previously found at '/opt/ros/humble' was found again at '/opt/ros/humble/rcl_logging_spdlog'. Ignoring '/opt/ros/humble/rcl_logging_spdlog'[0m
[2.259s] [34mcolcon.colcon_core.shell[0m [1;30mWARNING[0m [33mThe package 'ament_cmake_xmllint' previously found at '/opt/ros/humble' was found again at '/opt/ros/humble/ament_cmake_xmllint'. Ignoring '/opt/ros/humble/ament_cmake_xmllint'[0m
[2.259s] [34mcolcon.colcon_core.shell[0m [1;30mWARNING[0m [33mThe package 'ros2multicast' previously found at '/opt/ros/humble' was found again at '/opt/ros/humble/ros2multicast'. Ignoring '/opt/ros/humble/ros2multicast'[0m
[2.259s] [34mcolcon.colcon_core.shell[0m [1;30mWARNING[0m [33mThe package 'sensor_msgs_py' previously found at '/opt/ros/humble' was found again at '/opt/ros/humble/sensor_msgs_py'. Ignoring '/opt/ros/humble/sensor_msgs_py'[0m
[2.259s] [34mcolcon.colcon_core.shell[0m [1;30mWARNING[0m [33mThe package 'sros2' previously found at '/opt/ros/humble' was found again at '/opt/ros/humble/sros2'. Ignoring '/opt/ros/humble/sros2'[0m
[2.259s] [34mcolcon.colcon_core.shell[0m [1;30mWARNING[0m [33mThe package 'common_interfaces' previously found at '/opt/ros/humble' was found again at '/opt/ros/humble/common_interfaces'. Ignoring '/opt/ros/humble/common_interfaces'[0m
[2.259s] [34mcolcon.colcon_core.shell[0m [1;30mWARNING[0m [33mThe package 'nav_msgs' previously found at '/opt/ros/humble' was found again at '/opt/ros/humble/nav_msgs'. Ignoring '/opt/ros/humble/nav_msgs'[0m
[2.259s] [34mcolcon.colcon_core.shell[0m [1;30mWARNING[0m [33mThe package 'ament_cmake_gmock' previously found at '/opt/ros/humble' was found again at '/opt/ros/humble/ament_cmake_gmock'. Ignoring '/opt/ros/humble/ament_cmake_gmock'[0m
[2.259s] [34mcolcon.colcon_core.shell[0m [1;30mWARNING[0m [33mThe package 'libyaml_vendor' previously found at '/opt/ros/humble' was found again at '/opt/ros/humble/libyaml_vendor'. Ignoring '/opt/ros/humble/libyaml_vendor'[0m
[2.259s] [34mcolcon.colcon_core.shell[0m [1;30mWARNING[0m [33mThe package 'eigen3_cmake_module' previously found at '/opt/ros/humble' was found again at '/opt/ros/humble/eigen3_cmake_module'. Ignoring '/opt/ros/humble/eigen3_cmake_module'[0m
[2.259s] [34mcolcon.colcon_core.shell[0m [1;30mWARNING[0m [33mThe package 'rosbag2_py' previously found at '/opt/ros/humble' was found again at '/opt/ros/humble/rosbag2_py'. Ignoring '/opt/ros/humble/rosbag2_py'[0m
[2.259s] [34mcolcon.colcon_core.shell[0m [1;30mWARNING[0m [33mThe package 'tinyxml_vendor' previously found at '/opt/ros/humble' was found again at '/opt/ros/humble/tinyxml_vendor'. Ignoring '/opt/ros/humble/tinyxml_vendor'[0m
[2.259s] [34mcolcon.colcon_core.shell[0m [1;30mWARNING[0m [33mThe package 'message_filters' previously found at '/opt/ros/humble' was found again at '/opt/ros/humble/message_filters'. Ignoring '/opt/ros/humble/message_filters'[0m
[2.259s] [34mcolcon.colcon_core.shell[0m [1;30mWARNING[0m [33mThe package 'action_tutorials_cpp' previously found at '/opt/ros/humble' was found again at '/opt/ros/humble/action_tutorials_cpp'. Ignoring '/opt/ros/humble/action_tutorials_cpp'[0m
[2.259s] [34mcolcon.colcon_core.shell[0m [1;30mWARNING[0m [33mThe package 'sros2_cmake' previously found at '/opt/ros/humble' was found again at '/opt/ros/humble/sros2_cmake'. Ignoring '/opt/ros/humble/sros2_cmake'[0m
[2.259s] [34mcolcon.colcon_core.shell[0m [1;30mWARNING[0m [33mThe package 'ament_package' previously found at '/opt/ros/humble' was found again at '/opt/ros/humble/ament_package'. Ignoring '/opt/ros/humble/ament_package'[0m
[2.260s] [34mcolcon.colcon_core.shell[0m [1;30mWARNING[0m [33mThe package 'logging_demo' previously found at '/opt/ros/humble' was found again at '/opt/ros/humble/logging_demo'. Ignoring '/opt/ros/humble/logging_demo'[0m
[2.260s] [34mcolcon.colcon_core.shell[0m [1;30mWARNING[0m [33mThe package 'composition_interfaces' previously found at '/opt/ros/humble' was found again at '/opt/ros/humble/composition_interfaces'. Ignoring '/opt/ros/humble/composition_interfaces'[0m
[2.260s] [34mcolcon.colcon_core.shell[0m [1;30mWARNING[0m [33mThe package 'quality_of_service_demo_py' previously found at '/opt/ros/humble' was found again at '/opt/ros/humble/quality_of_service_demo_py'. Ignoring '/opt/ros/humble/quality_of_service_demo_py'[0m
[2.260s] [34mcolcon.colcon_core.shell[0m [1;30mWARNING[0m [33mThe package 'demo_nodes_py' previously found at '/opt/ros/humble' was found again at '/opt/ros/humble/demo_nodes_py'. Ignoring '/opt/ros/humble/demo_nodes_py'[0m
[2.260s] [34mcolcon.colcon_core.shell[0m [1;30mWARNING[0m [33mThe package 'ros2launch' previously found at '/opt/ros/humble' was found again at '/opt/ros/humble/ros2launch'. Ignoring '/opt/ros/humble/ros2launch'[0m
[2.260s] [34mcolcon.colcon_core.shell[0m [1;30mWARNING[0m [33mThe package 'rmw_implementation_cmake' previously found at '/opt/ros/humble' was found again at '/opt/ros/humble/rmw_implementation_cmake'. Ignoring '/opt/ros/humble/rmw_implementation_cmake'[0m
[2.260s] [34mcolcon.colcon_core.shell[0m [1;30mWARNING[0m [33mThe package 'rcl' previously found at '/opt/ros/humble' was found again at '/opt/ros/humble/rcl'. Ignoring '/opt/ros/humble/rcl'[0m
[2.260s] [34mcolcon.colcon_core.shell[0m [1;30mWARNING[0m [33mThe package 'examples_rclcpp_minimal_publisher' previously found at '/opt/ros/humble' was found again at '/opt/ros/humble/examples_rclcpp_minimal_publisher'. Ignoring '/opt/ros/humble/examples_rclcpp_minimal_publisher'[0m
[2.260s] [34mcolcon.colcon_core.shell[0m [1;30mWARNING[0m [33mThe package 'ros2cli' previously found at '/opt/ros/humble' was found again at '/opt/ros/humble/ros2cli'. Ignoring '/opt/ros/humble/ros2cli'[0m
[2.260s] [34mcolcon.colcon_core.shell[0m [1;30mWARNING[0m [33mThe package 'rosidl_default_runtime' previously found at '/opt/ros/humble' was found again at '/opt/ros/humble/rosidl_default_runtime'. Ignoring '/opt/ros/humble/rosidl_default_runtime'[0m
[2.260s] [34mcolcon.colcon_core.shell[0m [1;30mWARNING[0m [33mThe package 'dummy_map_server' previously found at '/opt/ros/humble' was found again at '/opt/ros/humble/dummy_map_server'. Ignoring '/opt/ros/humble/dummy_map_server'[0m
[2.260s] [34mcolcon.colcon_core.shell[0m [1;30mWARNING[0m [33mThe package 'ament_cmake_libraries' previously found at '/opt/ros/humble' was found again at '/opt/ros/humble/ament_cmake_libraries'. Ignoring '/opt/ros/humble/ament_cmake_libraries'[0m
[2.260s] [34mcolcon.colcon_core.shell[0m [1;30mWARNING[0m [33mThe package 'pybind11_vendor' previously found at '/opt/ros/humble' was found again at '/opt/ros/humble/pybind11_vendor'. Ignoring '/opt/ros/humble/pybind11_vendor'[0m
[2.260s] [34mcolcon.colcon_core.shell[0m [1;30mWARNING[0m [33mThe package 'tf2_sensor_msgs' previously found at '/opt/ros/humble' was found again at '/opt/ros/humble/tf2_sensor_msgs'. Ignoring '/opt/ros/humble/tf2_sensor_msgs'[0m
[2.260s] [34mcolcon.colcon_core.shell[0m [1;30mWARNING[0m [33mThe package 'sensor_msgs' previously found at '/opt/ros/humble' was found again at '/opt/ros/humble/sensor_msgs'. Ignoring '/opt/ros/humble/sensor_msgs'[0m
[2.260s] [34mcolcon.colcon_core.shell[0m [1;30mWARNING[0m [33mThe package 'rqt_graph' previously found at '/opt/ros/humble' was found again at '/opt/ros/humble/rqt_graph'. Ignoring '/opt/ros/humble/rqt_graph'[0m
[2.260s] [34mcolcon.colcon_core.shell[0m [1;30mWARNING[0m [33mThe package 'rosidl_typesupport_fastrtps_c' previously found at '/opt/ros/humble' was found again at '/opt/ros/humble/rosidl_typesupport_fastrtps_c'. Ignoring '/opt/ros/humble/rosidl_typesupport_fastrtps_c'[0m
[2.260s] [34mcolcon.colcon_core.shell[0m [1;30mWARNING[0m [33mThe package 'tf2_ros_py' previously found at '/opt/ros/humble' was found again at '/opt/ros/humble/tf2_ros_py'. Ignoring '/opt/ros/humble/tf2_ros_py'[0m
[2.260s] [34mcolcon.colcon_core.shell[0m [1;30mWARNING[0m [33mThe package 'examples_rclcpp_minimal_composition' previously found at '/opt/ros/humble' was found again at '/opt/ros/humble/examples_rclcpp_minimal_composition'. Ignoring '/opt/ros/humble/examples_rclcpp_minimal_composition'[0m
[2.260s] [34mcolcon.colcon_core.shell[0m [1;30mWARNING[0m [33mThe package 'ament_uncrustify' previously found at '/opt/ros/humble' was found again at '/opt/ros/humble/ament_uncrustify'. Ignoring '/opt/ros/humble/ament_uncrustify'[0m
[2.260s] [34mcolcon.colcon_core.shell[0m [1;30mWARNING[0m [33mThe package 'python_cmake_module' previously found at '/opt/ros/humble' was found again at '/opt/ros/humble/python_cmake_module'. Ignoring '/opt/ros/humble/python_cmake_module'[0m
[2.260s] [34mcolcon.colcon_core.shell[0m [1;30mWARNING[0m [33mThe package 'ament_lint' previously found at '/opt/ros/humble' was found again at '/opt/ros/humble/ament_lint'. Ignoring '/opt/ros/humble/ament_lint'[0m
[2.261s] [34mcolcon.colcon_core.shell[0m [1;30mWARNING[0m [33mThe package 'topic_monitor' previously found at '/opt/ros/humble' was found again at '/opt/ros/humble/topic_monitor'. Ignoring '/opt/ros/humble/topic_monitor'[0m
[2.261s] [34mcolcon.colcon_core.shell[0m [1;30mWARNING[0m [33mThe package 'ament_cmake_pytest' previously found at '/opt/ros/humble' was found again at '/opt/ros/humble/ament_cmake_pytest'. Ignoring '/opt/ros/humble/ament_cmake_pytest'[0m
[2.261s] [34mcolcon.colcon_core.shell[0m [1;30mWARNING[0m [33mThe package 'rosidl_typesupport_interface' previously found at '/opt/ros/humble' was found again at '/opt/ros/humble/rosidl_typesupport_interface'. Ignoring '/opt/ros/humble/rosidl_typesupport_interface'[0m
[2.261s] [34mcolcon.colcon_core.shell[0m [1;30mWARNING[0m [33mThe package 'laser_geometry' previously found at '/opt/ros/humble' was found again at '/opt/ros/humble/laser_geometry'. Ignoring '/opt/ros/humble/laser_geometry'[0m
[2.261s] [34mcolcon.colcon_core.shell[0m [1;30mWARNING[0m [33mThe package 'quality_of_service_demo_cpp' previously found at '/opt/ros/humble' was found again at '/opt/ros/humble/quality_of_service_demo_cpp'. Ignoring '/opt/ros/humble/quality_of_service_demo_cpp'[0m
[2.261s] [34mcolcon.colcon_core.shell[0m [1;30mWARNING[0m [33mThe package 'rqt_py_console' previously found at '/opt/ros/humble' was found again at '/opt/ros/humble/rqt_py_console'. Ignoring '/opt/ros/humble/rqt_py_console'[0m
[2.261s] [34mcolcon.colcon_core.shell[0m [1;30mWARNING[0m [33mThe package 'rclcpp_action' previously found at '/opt/ros/humble' was found again at '/opt/ros/humble/rclcpp_action'. Ignoring '/opt/ros/humble/rclcpp_action'[0m
[2.261s] [34mcolcon.colcon_core.shell[0m [1;30mWARNING[0m [33mThe package 'rqt_gui_py' previously found at '/opt/ros/humble' was found again at '/opt/ros/humble/rqt_gui_py'. Ignoring '/opt/ros/humble/rqt_gui_py'[0m
[2.261s] [34mcolcon.colcon_core.shell[0m [1;30mWARNING[0m [33mThe package 'rcl_interfaces' previously found at '/opt/ros/humble' was found again at '/opt/ros/humble/rcl_interfaces'. Ignoring '/opt/ros/humble/rcl_interfaces'[0m
[2.261s] [34mcolcon.colcon_core.shell[0m [1;30mWARNING[0m [33mThe package 'rosbag2_interfaces' previously found at '/opt/ros/humble' was found again at '/opt/ros/humble/rosbag2_interfaces'. Ignoring '/opt/ros/humble/rosbag2_interfaces'[0m
[2.261s] [34mcolcon.colcon_core.shell[0m [1;30mWARNING[0m [33mThe package 'tf2_msgs' previously found at '/opt/ros/humble' was found again at '/opt/ros/humble/tf2_msgs'. Ignoring '/opt/ros/humble/tf2_msgs'[0m
[2.261s] [34mcolcon.colcon_core.shell[0m [1;30mWARNING[0m [33mThe package 'robot_state_publisher' previously found at '/opt/ros/humble' was found again at '/opt/ros/humble/robot_state_publisher'. Ignoring '/opt/ros/humble/robot_state_publisher'[0m
[2.261s] [34mcolcon.colcon_core.shell[0m [1;30mWARNING[0m [33mThe package 'examples_rclpy_minimal_service' previously found at '/opt/ros/humble' was found again at '/opt/ros/humble/examples_rclpy_minimal_service'. Ignoring '/opt/ros/humble/examples_rclpy_minimal_service'[0m
[2.261s] [34mcolcon.colcon_core.shell[0m [1;30mWARNING[0m [33mThe package 'python_qt_binding' previously found at '/opt/ros/humble' was found again at '/opt/ros/humble/python_qt_binding'. Ignoring '/opt/ros/humble/python_qt_binding'[0m
[2.261s] [34mcolcon.colcon_core.shell[0m [1;30mWARNING[0m [33mThe package 'rosidl_typesupport_cpp' previously found at '/opt/ros/humble' was found again at '/opt/ros/humble/rosidl_typesupport_cpp'. Ignoring '/opt/ros/humble/rosidl_typesupport_cpp'[0m
[2.261s] [34mcolcon.colcon_core.shell[0m [1;30mWARNING[0m [33mThe package 'tf2_eigen' previously found at '/opt/ros/humble' was found again at '/opt/ros/humble/tf2_eigen'. Ignoring '/opt/ros/humble/tf2_eigen'[0m
[2.261s] [34mcolcon.colcon_core.shell[0m [1;30mWARNING[0m [33mThe package 'rosbag2_compression' previously found at '/opt/ros/humble' was found again at '/opt/ros/humble/rosbag2_compression'. Ignoring '/opt/ros/humble/rosbag2_compression'[0m
[2.261s] [34mcolcon.colcon_core.shell[0m [1;30mWARNING[0m [33mThe package 'tango_icons_vendor' previously found at '/opt/ros/humble' was found again at '/opt/ros/humble/tango_icons_vendor'. Ignoring '/opt/ros/humble/tango_icons_vendor'[0m
[2.261s] [34mcolcon.colcon_core.shell[0m [1;30mWARNING[0m [33mThe package 'rttest' previously found at '/opt/ros/humble' was found again at '/opt/ros/humble/rttest'. Ignoring '/opt/ros/humble/rttest'[0m
[2.261s] [34mcolcon.colcon_core.shell[0m [1;30mWARNING[0m [33mThe package 'launch_xml' previously found at '/opt/ros/humble' was found again at '/opt/ros/humble/launch_xml'. Ignoring '/opt/ros/humble/launch_xml'[0m
[2.261s] [34mcolcon.colcon_core.shell[0m [1;30mWARNING[0m [33mThe package 'rosbag2_cpp' previously found at '/opt/ros/humble' was found again at '/opt/ros/humble/rosbag2_cpp'. Ignoring '/opt/ros/humble/rosbag2_cpp'[0m
[2.261s] [34mcolcon.colcon_core.shell[0m [1;30mWARNING[0m [33mThe package 'rosidl_typesupport_c' previously found at '/opt/ros/humble' was found again at '/opt/ros/humble/rosidl_typesupport_c'. Ignoring '/opt/ros/humble/rosidl_typesupport_c'[0m
[2.261s] [34mcolcon.colcon_core.shell[0m [1;30mWARNING[0m [33mThe package 'map_msgs' previously found at '/opt/ros/humble' was found again at '/opt/ros/humble/map_msgs'. Ignoring '/opt/ros/humble/map_msgs'[0m
[2.262s] [34mcolcon.colcon_core.shell[0m [1;30mWARNING[0m [33mThe package 'pendulum_control' previously found at '/opt/ros/humble' was found again at '/opt/ros/humble/pendulum_control'. Ignoring '/opt/ros/humble/pendulum_control'[0m
[2.262s] [34mcolcon.colcon_core.shell[0m [1;30mWARNING[0m [33mThe package 'tf2_eigen_kdl' previously found at '/opt/ros/humble' was found again at '/opt/ros/humble/tf2_eigen_kdl'. Ignoring '/opt/ros/humble/tf2_eigen_kdl'[0m
[2.262s] [34mcolcon.colcon_core.shell[0m [1;30mWARNING[0m [33mThe package 'ament_cmake_export_include_directories' previously found at '/opt/ros/humble' was found again at '/opt/ros/humble/ament_cmake_export_include_directories'. Ignoring '/opt/ros/humble/ament_cmake_export_include_directories'[0m
[2.262s] [34mcolcon.colcon_core.shell[0m [1;30mWARNING[0m [33mThe package 'rqt_bag_plugins' previously found at '/opt/ros/humble' was found again at '/opt/ros/humble/rqt_bag_plugins'. Ignoring '/opt/ros/humble/rqt_bag_plugins'[0m
[2.262s] [34mcolcon.colcon_core.shell[0m [1;30mWARNING[0m [33mThe package 'ament_cmake_include_directories' previously found at '/opt/ros/humble' was found again at '/opt/ros/humble/ament_cmake_include_directories'. Ignoring '/opt/ros/humble/ament_cmake_include_directories'[0m
[2.262s] [34mcolcon.colcon_core.shell[0m [1;30mWARNING[0m [33mThe package 'keyboard_handler' previously found at '/opt/ros/humble' was found again at '/opt/ros/humble/keyboard_handler'. Ignoring '/opt/ros/humble/keyboard_handler'[0m
[2.262s] [34mcolcon.colcon_core.shell[0m [1;30mWARNING[0m [33mThe package 'ament_cmake_ros' previously found at '/opt/ros/humble' was found again at '/opt/ros/humble/ament_cmake_ros'. Ignoring '/opt/ros/humble/ament_cmake_ros'[0m
[2.262s] [34mcolcon.colcon_core.shell[0m [1;30mWARNING[0m [33mThe package 'rosbag2' previously found at '/opt/ros/humble' was found again at '/opt/ros/humble/rosbag2'. Ignoring '/opt/ros/humble/rosbag2'[0m
[2.262s] [34mcolcon.colcon_core.shell[0m [1;30mWARNING[0m [33mThe package 'ros2action' previously found at '/opt/ros/humble' was found again at '/opt/ros/humble/ros2action'. Ignoring '/opt/ros/humble/ros2action'[0m
[2.262s] [34mcolcon.colcon_core.shell[0m [1;30mWARNING[0m [33mThe package 'examples_rclcpp_minimal_action_client' previously found at '/opt/ros/humble' was found again at '/opt/ros/humble/examples_rclcpp_minimal_action_client'. Ignoring '/opt/ros/humble/examples_rclcpp_minimal_action_client'[0m
[2.262s] [34mcolcon.colcon_core.shell[0m [1;30mWARNING[0m [33mThe package 'ros2service' previously found at '/opt/ros/humble' was found again at '/opt/ros/humble/ros2service'. Ignoring '/opt/ros/humble/ros2service'[0m
[2.262s] [34mcolcon.colcon_core.shell[0m [1;30mWARNING[0m [33mThe package 'sqlite3_vendor' previously found at '/opt/ros/humble' was found again at '/opt/ros/humble/sqlite3_vendor'. Ignoring '/opt/ros/humble/sqlite3_vendor'[0m
[2.262s] [34mcolcon.colcon_core.shell[0m [1;30mWARNING[0m [33mThe package 'example_interfaces' previously found at '/opt/ros/humble' was found again at '/opt/ros/humble/example_interfaces'. Ignoring '/opt/ros/humble/example_interfaces'[0m
[2.262s] [34mcolcon.colcon_core.shell[0m [1;30mWARNING[0m [33mThe package 'ament_cppcheck' previously found at '/opt/ros/humble' was found again at '/opt/ros/humble/ament_cppcheck'. Ignoring '/opt/ros/humble/ament_cppcheck'[0m
[2.262s] [34mcolcon.colcon_core.shell[0m [1;30mWARNING[0m [33mThe package 'resource_retriever' previously found at '/opt/ros/humble' was found again at '/opt/ros/humble/resource_retriever'. Ignoring '/opt/ros/humble/resource_retriever'[0m
[2.262s] [34mcolcon.colcon_core.shell[0m [1;30mWARNING[0m [33mThe package 'unique_identifier_msgs' previously found at '/opt/ros/humble' was found again at '/opt/ros/humble/unique_identifier_msgs'. Ignoring '/opt/ros/humble/unique_identifier_msgs'[0m
[2.262s] [34mcolcon.colcon_core.shell[0m [1;30mWARNING[0m [33mThe package 'rosidl_cli' previously found at '/opt/ros/humble' was found again at '/opt/ros/humble/rosidl_cli'. Ignoring '/opt/ros/humble/rosidl_cli'[0m
[2.262s] [34mcolcon.colcon_core.shell[0m [1;30mWARNING[0m [33mThe package 'ament_cmake_cpplint' previously found at '/opt/ros/humble' was found again at '/opt/ros/humble/ament_cmake_cpplint'. Ignoring '/opt/ros/humble/ament_cmake_cpplint'[0m
[2.262s] [34mcolcon.colcon_core.shell[0m [1;30mWARNING[0m [33mThe package 'ament_cmake_copyright' previously found at '/opt/ros/humble' was found again at '/opt/ros/humble/ament_cmake_copyright'. Ignoring '/opt/ros/humble/ament_cmake_copyright'[0m
[2.262s] [34mcolcon.colcon_core.shell[0m [1;30mWARNING[0m [33mThe package 'image_tools' previously found at '/opt/ros/humble' was found again at '/opt/ros/humble/image_tools'. Ignoring '/opt/ros/humble/image_tools'[0m
[2.262s] [34mcolcon.colcon_core.shell[0m [1;30mWARNING[0m [33mThe package 'ament_cmake_export_dependencies' previously found at '/opt/ros/humble' was found again at '/opt/ros/humble/ament_cmake_export_dependencies'. Ignoring '/opt/ros/humble/ament_cmake_export_dependencies'[0m
[2.262s] [34mcolcon.colcon_core.shell[0m [1;30mWARNING[0m [33mThe package 'rqt_shell' previously found at '/opt/ros/humble' was found again at '/opt/ros/humble/rqt_shell'. Ignoring '/opt/ros/humble/rqt_shell'[0m
[2.262s] [34mcolcon.colcon_core.shell[0m [1;30mWARNING[0m [33mThe package 'ros2lifecycle' previously found at '/opt/ros/humble' was found again at '/opt/ros/humble/ros2lifecycle'. Ignoring '/opt/ros/humble/ros2lifecycle'[0m
[2.263s] [34mcolcon.colcon_core.shell[0m [1;30mWARNING[0m [33mThe package 'stereo_msgs' previously found at '/opt/ros/humble' was found again at '/opt/ros/humble/stereo_msgs'. Ignoring '/opt/ros/humble/stereo_msgs'[0m
[2.263s] [34mcolcon.colcon_core.shell[0m [1;30mWARNING[0m [33mThe package 'ament_flake8' previously found at '/opt/ros/humble' was found again at '/opt/ros/humble/ament_flake8'. Ignoring '/opt/ros/humble/ament_flake8'[0m
[2.263s] [34mcolcon.colcon_core.shell[0m [1;30mWARNING[0m [33mThe package 'examples_rclpy_minimal_client' previously found at '/opt/ros/humble' was found again at '/opt/ros/humble/examples_rclpy_minimal_client'. Ignoring '/opt/ros/humble/examples_rclpy_minimal_client'[0m
[2.263s] [34mcolcon.colcon_core.shell[0m [1;30mWARNING[0m [33mThe package 'rqt_publisher' previously found at '/opt/ros/humble' was found again at '/opt/ros/humble/rqt_publisher'. Ignoring '/opt/ros/humble/rqt_publisher'[0m
[2.263s] [34mcolcon.colcon_core.shell[0m [1;30mWARNING[0m [33mThe package 'demo_nodes_cpp_native' previously found at '/opt/ros/humble' was found again at '/opt/ros/humble/demo_nodes_cpp_native'. Ignoring '/opt/ros/humble/demo_nodes_cpp_native'[0m
[2.263s] [34mcolcon.colcon_core.shell[0m [1;30mWARNING[0m [33mThe package 'ament_cmake_export_targets' previously found at '/opt/ros/humble' was found again at '/opt/ros/humble/ament_cmake_export_targets'. Ignoring '/opt/ros/humble/ament_cmake_export_targets'[0m
[2.263s] [34mcolcon.colcon_core.shell[0m [1;30mWARNING[0m [33mThe package 'ament_cmake' previously found at '/opt/ros/humble' was found again at '/opt/ros/humble/ament_cmake'. Ignoring '/opt/ros/humble/ament_cmake'[0m
[2.263s] [34mcolcon.colcon_core.shell[0m [1;30mWARNING[0m [33mThe package 'geometry2' previously found at '/opt/ros/humble' was found again at '/opt/ros/humble/geometry2'. Ignoring '/opt/ros/humble/geometry2'[0m
[2.263s] [34mcolcon.colcon_core.shell[0m [1;30mWARNING[0m [33mThe package 'rqt_srv' previously found at '/opt/ros/humble' was found again at '/opt/ros/humble/rqt_srv'. Ignoring '/opt/ros/humble/rqt_srv'[0m
[2.263s] [34mcolcon.colcon_core.shell[0m [1;30mWARNING[0m [33mThe package 'tlsf' previously found at '/opt/ros/humble' was found again at '/opt/ros/humble/tlsf'. Ignoring '/opt/ros/humble/tlsf'[0m
[2.263s] [34mcolcon.colcon_core.shell[0m [1;30mWARNING[0m [33mThe package 'launch_yaml' previously found at '/opt/ros/humble' was found again at '/opt/ros/humble/launch_yaml'. Ignoring '/opt/ros/humble/launch_yaml'[0m
[2.263s] [34mcolcon.colcon_core.shell[0m [1;30mWARNING[0m [33mThe package 'tf2_py' previously found at '/opt/ros/humble' was found again at '/opt/ros/humble/tf2_py'. Ignoring '/opt/ros/humble/tf2_py'[0m
[2.263s] [34mcolcon.colcon_core.shell[0m [1;30mWARNING[0m [33mThe package 'examples_rclcpp_minimal_service' previously found at '/opt/ros/humble' was found again at '/opt/ros/humble/examples_rclcpp_minimal_service'. Ignoring '/opt/ros/humble/examples_rclcpp_minimal_service'[0m
[2.263s] [34mcolcon.colcon_core.shell[0m [1;30mWARNING[0m [33mThe package 'uncrustify_vendor' previously found at '/opt/ros/humble' was found again at '/opt/ros/humble/uncrustify_vendor'. Ignoring '/opt/ros/humble/uncrustify_vendor'[0m
[2.263s] [34mcolcon.colcon_core.shell[0m [1;30mWARNING[0m [33mThe package 'pluginlib' previously found at '/opt/ros/humble' was found again at '/opt/ros/humble/pluginlib'. Ignoring '/opt/ros/humble/pluginlib'[0m
[2.263s] [34mcolcon.colcon_core.shell[0m [1;30mWARNING[0m [33mThe package 'examples_rclpy_minimal_subscriber' previously found at '/opt/ros/humble' was found again at '/opt/ros/humble/examples_rclpy_minimal_subscriber'. Ignoring '/opt/ros/humble/examples_rclpy_minimal_subscriber'[0m
[2.263s] [34mcolcon.colcon_core.shell[0m [1;30mWARNING[0m [33mThe package 'lifecycle' previously found at '/opt/ros/humble' was found again at '/opt/ros/humble/lifecycle'. Ignoring '/opt/ros/humble/lifecycle'[0m
[2.263s] [34mcolcon.colcon_core.shell[0m [1;30mWARNING[0m [33mThe package 'rviz2' previously found at '/opt/ros/humble' was found again at '/opt/ros/humble/rviz2'. Ignoring '/opt/ros/humble/rviz2'[0m
[2.264s] [34mcolcon.colcon_installed_package_information.package_discovery[0m [1;30mDEBUG[0m [32mFound 363 installed packages in /opt/ros/humble[0m
[2.265s] [34mcolcon.colcon_core.package_discovery[0m [1;30mLevel 1[0m discover_packages(prefix_path) using defaults
[2.353s] [34mcolcon.colcon_core.verb[0m [1;30mLevel 5[0m set package 'evs' build argument 'cmake_args' from command line to '['-DWITH_HARDWARE=OFF', '-DCMAKE_BUILD_TYPE=RelWithDebInfo']'
[2.353s] [34mcolcon.colcon_core.verb[0m [1;30mLevel 5[0m set package 'evs' build argument 'cmake_target' from command line to 'None'
[2.353s] [34mcolcon.colcon_core.verb[0m [1;30mLevel 5[0m set package 'evs' build argument 'cmake_target_skip_unavailable' from command line to 'False'
[2.353s] [34mcolcon.colcon_core.verb[0m [1;30mLevel 5[0m set package 'evs' build argument 'cmake_clean_cache' from command line to 'False'
[2.353s] [34mcolcon.colcon_core.verb[0m [1;30mLevel 5[0m set package 'evs' build argument 'cmake_clean_first' from command line to 'False'
[2.353s] [34mcolcon.colcon_core.verb[0m [1;30mLevel 5[0m set package 'evs' build argument 'cmake_force_configure' from command line to 'False'
[2.353s] [34mcolcon.colcon_core.verb[0m [1;30mLevel 5[0m set package 'evs' build argument 'ament_cmake_args' from command line to 'None'
[2.353s] [34mcolcon.colcon_core.verb[0m [1;30mLevel 5[0m set package 'evs' build argument 'catkin_cmake_args' from command line to 'None'
[2.353s] [34mcolcon.colcon_core.verb[0m [1;30mLevel 5[0m set package 'evs' build argument 'catkin_skip_building_tests' from command line to 'False'
[2.354s] [34mcolcon.colcon_core.verb[0m [1;30mDEBUG[0m [32mBuilding package 'evs' with the following arguments: {'ament_cmake_args': None, 'build_base': '/home/EU/chaydina/ws/src/ace_perception_physics/evs/build/evs', 'catkin_cmake_args': None, 'catkin_skip_building_tests': False, 'cmake_args': ['-DWITH_HARDWARE=OFF', '-DCMAKE_BUILD_TYPE=RelWithDebInfo'], 'cmake_clean_cache': False, 'cmake_clean_first': False, 'cmake_force_configure': False, 'cmake_target': None, 'cmake_target_skip_unavailable': False, 'install_base': '/home/EU/chaydina/ws/src/ace_perception_physics/evs/install/evs', 'merge_install': False, 'path': '/home/EU/chaydina/ws/src/ace_perception_physics/evs/src/evs', 'symlink_install': True, 'test_result_base': None}[0m
[2.378s] [34mcolcon.colcon_core.executor[0m [1;30mINFO[0m Executing jobs using 'parallel' executor
[2.404s] [34mcolcon.colcon_parallel_executor.executor.parallel[0m [1;30mDEBUG[0m [32mrun_until_complete[0m
[2.404s] [34mcolcon.colcon_ros.task.ament_cmake.build[0m [1;30mINFO[0m Building ROS package in '/home/EU/chaydina/ws/src/ace_perception_physics/evs/src/evs' with build type 'ament_cmake'
[2.404s] [34mcolcon.colcon_cmake.task.cmake.build[0m [1;30mINFO[0m Building CMake package in '/home/EU/chaydina/ws/src/ace_perception_physics/evs/src/evs'
[2.432s] [34mcolcon.colcon_core.plugin_system[0m [1;30mINFO[0m Skipping extension 'colcon_core.shell.bat': Not used on non-Windows systems
[2.432s] [34mcolcon.colcon_core.shell[0m [1;30mINFO[0m Skip shell extension 'powershell' for command environment: Not usable outside of PowerShell
[2.432s] [34mcolcon.colcon_core.shell[0m [1;30mDEBUG[0m [32mSkip shell extension 'dsv' for command environment[0m
[2.507s] [34mcolcon.colcon_core.shell[0m [1;30mWARNING[0m [33mThe package 'rcutils' previously found at '/opt/ros/humble' was found again at '/opt/ros/humble/rcutils'. Ignoring '/opt/ros/humble/rcutils'[0m
[2.508s] [34mcolcon.colcon_core.shell[0m [1;30mWARNING[0m [33mThe package 'composition' previously found at '/opt/ros/humble' was found again at '/opt/ros/humble/composition'. Ignoring '/opt/ros/humble/composition'[0m
[2.508s] [34mcolcon.colcon_core.shell[0m [1;30mWARNING[0m [33mThe package 'ament_cpplint' previously found at '/opt/ros/humble' was found again at '/opt/ros/humble/ament_cpplint'. Ignoring '/opt/ros/humble/ament_cpplint'[0m
[2.508s] [34mcolcon.colcon_core.shell[0m [1;30mWARNING[0m [33mThe package 'tf2_ros' previously found at '/opt/ros/humble' was found again at '/opt/ros/humble/tf2_ros'. Ignoring '/opt/ros/humble/tf2_ros'[0m
[2.508s] [34mcolcon.colcon_core.shell[0m [1;30mWARNING[0m [33mThe package 'ros2doctor' previously found at '/opt/ros/humble' was found again at '/opt/ros/humble/ros2doctor'. Ignoring '/opt/ros/humble/ros2doctor'[0m
[2.508s] [34mcolcon.colcon_core.shell[0m [1;30mWARNING[0m [33mThe package 'ament_cmake_core' previously found at '/opt/ros/humble' was found again at '/opt/ros/humble/ament_cmake_core'. Ignoring '/opt/ros/humble/ament_cmake_core'[0m
[2.508s] [34mcolcon.colcon_core.shell[0m [1;30mWARNING[0m [33mThe package 'libcurl_vendor' previously found at '/opt/ros/humble' was found again at '/opt/ros/humble/libcurl_vendor'. Ignoring '/opt/ros/humble/libcurl_vendor'[0m
[2.508s] [34mcolcon.colcon_core.shell[0m [1;30mWARNING[0m [33mThe package 'rosidl_generator_cpp' previously found at '/opt/ros/humble' was found again at '/opt/ros/humble/rosidl_generator_cpp'. Ignoring '/opt/ros/humble/rosidl_generator_cpp'[0m
[2.508s] [34mcolcon.colcon_core.shell[0m [1;30mWARNING[0m [33mThe package 'rpyutils' previously found at '/opt/ros/humble' was found again at '/opt/ros/humble/rpyutils'. Ignoring '/opt/ros/humble/rpyutils'[0m
[2.508s] [34mcolcon.colcon_core.shell[0m [1;30mWARNING[0m [33mThe package 'ament_cmake_cppcheck' previously found at '/opt/ros/humble' was found again at '/opt/ros/humble/ament_cmake_cppcheck'. Ignoring '/opt/ros/humble/ament_cmake_cppcheck'[0m
[2.508s] [34mcolcon.colcon_core.shell[0m [1;30mWARNING[0m [33mThe package 'rclcpp' previously found at '/opt/ros/humble' was found again at '/opt/ros/humble/rclcpp'. Ignoring '/opt/ros/humble/rclcpp'[0m
[2.508s] [34mcolcon.colcon_core.shell[0m [1;30mWARNING[0m [33mThe package 'ros2run' previously found at '/opt/ros/humble' was found again at '/opt/ros/humble/ros2run'. Ignoring '/opt/ros/humble/ros2run'[0m
[2.508s] [34mcolcon.colcon_core.shell[0m [1;30mWARNING[0m [33mThe package 'diagnostic_msgs' previously found at '/opt/ros/humble' was found again at '/opt/ros/humble/diagnostic_msgs'. Ignoring '/opt/ros/humble/diagnostic_msgs'[0m
[2.508s] [34mcolcon.colcon_core.shell[0m [1;30mWARNING[0m [33mThe package 'ament_cmake_pep257' previously found at '/opt/ros/humble' was found again at '/opt/ros/humble/ament_cmake_pep257'. Ignoring '/opt/ros/humble/ament_cmake_pep257'[0m
[2.508s] [34mcolcon.colcon_core.shell[0m [1;30mWARNING[0m [33mThe package 'shape_msgs' previously found at '/opt/ros/humble' was found again at '/opt/ros/humble/shape_msgs'. Ignoring '/opt/ros/humble/shape_msgs'[0m
[2.508s] [34mcolcon.colcon_core.shell[0m [1;30mWARNING[0m [33mThe package 'rqt_msg' previously found at '/opt/ros/humble' was found again at '/opt/ros/humble/rqt_msg'. Ignoring '/opt/ros/humble/rqt_msg'[0m
[2.508s] [34mcolcon.colcon_core.shell[0m [1;30mWARNING[0m [33mThe package 'rqt_console' previously found at '/opt/ros/humble' was found again at '/opt/ros/humble/rqt_console'. Ignoring '/opt/ros/humble/rqt_console'[0m
[2.508s] [34mcolcon.colcon_core.shell[0m [1;30mWARNING[0m [33mThe package 'rmw_dds_common' previously found at '/opt/ros/humble' was found again at '/opt/ros/humble/rmw_dds_common'. Ignoring '/opt/ros/humble/rmw_dds_common'[0m
[2.508s] [34mcolcon.colcon_core.shell[0m [1;30mWARNING[0m [33mThe package 'python_orocos_kdl_vendor' previously found at '/opt/ros/humble' was found again at '/opt/ros/humble/python_orocos_kdl_vendor'. Ignoring '/opt/ros/humble/python_orocos_kdl_vendor'[0m
[2.509s] [34mcolcon.colcon_core.shell[0m [1;30mWARNING[0m [33mThe package 'dummy_sensors' previously found at '/opt/ros/humble' was found again at '/opt/ros/humble/dummy_sensors'. Ignoring '/opt/ros/humble/dummy_sensors'[0m
[2.509s] [34mcolcon.colcon_core.shell[0m [1;30mWARNING[0m [33mThe package 'rosidl_parser' previously found at '/opt/ros/humble' was found again at '/opt/ros/humble/rosidl_parser'. Ignoring '/opt/ros/humble/rosidl_parser'[0m
[2.509s] [34mcolcon.colcon_core.shell[0m [1;30mWARNING[0m [33mThe package 'rosidl_runtime_c' previously found at '/opt/ros/humble' was found again at '/opt/ros/humble/rosidl_runtime_c'. Ignoring '/opt/ros/humble/rosidl_runtime_c'[0m
[2.509s] [34mcolcon.colcon_core.shell[0m [1;30mWARNING[0m [33mThe package 'rqt_topic' previously found at '/opt/ros/humble' was found again at '/opt/ros/humble/rqt_topic'. Ignoring '/opt/ros/humble/rqt_topic'[0m
[2.509s] [34mcolcon.colcon_core.shell[0m [1;30mWARNING[0m [33mThe package 'pendulum_msgs' previously found at '/opt/ros/humble' was found again at '/opt/ros/humble/pendulum_msgs'. Ignoring '/opt/ros/humble/pendulum_msgs'[0m
[2.509s] [34mcolcon.colcon_core.shell[0m [1;30mWARNING[0m [33mThe package 'rmw_implementation' previously found at '/opt/ros/humble' was found again at '/opt/ros/humble/rmw_implementation'. Ignoring '/opt/ros/humble/rmw_implementation'[0m
[2.509s] [34mcolcon.colcon_core.shell[0m [1;30mWARNING[0m [33mThe package 'rosidl_generator_py' previously found at '/opt/ros/humble' was found again at '/opt/ros/humble/rosidl_generator_py'. Ignoring '/opt/ros/humble/rosidl_generator_py'[0m
[2.509s] [34mcolcon.colcon_core.shell[0m [1;30mWARNING[0m [33mThe package 'rviz_common' previously found at '/opt/ros/humble' was found again at '/opt/ros/humble/rviz_common'. Ignoring '/opt/ros/humble/rviz_common'[0m
[2.509s] [34mcolcon.colcon_core.shell[0m [1;30mWARNING[0m [33mThe package 'geometry_msgs' previously found at '/opt/ros/humble' was found again at '/opt/ros/humble/geometry_msgs'. Ignoring '/opt/ros/humble/geometry_msgs'[0m
[2.509s] [34mcolcon.colcon_core.shell[0m [1;30mWARNING[0m [33mThe package 'rcl_logging_interface' previously found at '/opt/ros/humble' was found again at '/opt/ros/humble/rcl_logging_interface'. Ignoring '/opt/ros/humble/rcl_logging_interface'[0m
[2.509s] [34mcolcon.colcon_core.shell[0m [1;30mWARNING[0m [33mThe package 'std_srvs' previously found at '/opt/ros/humble' was found again at '/opt/ros/humble/std_srvs'. Ignoring '/opt/ros/humble/std_srvs'[0m
[2.509s] [34mcolcon.colcon_core.shell[0m [1;30mWARNING[0m [33mThe package 'ament_cmake_uncrustify' previously found at '/opt/ros/humble' was found again at '/opt/ros/humble/ament_cmake_uncrustify'. Ignoring '/opt/ros/humble/ament_cmake_uncrustify'[0m
[2.509s] [34mcolcon.colcon_core.shell[0m [1;30mWARNING[0m [33mThe package 'tf2_kdl' previously found at '/opt/ros/humble' was found again at '/opt/ros/humble/tf2_kdl'. Ignoring '/opt/ros/humble/tf2_kdl'[0m
[2.509s] [34mcolcon.colcon_core.shell[0m [1;30mWARNING[0m [33mThe package 'ament_pep257' previously found at '/opt/ros/humble' was found again at '/opt/ros/humble/ament_pep257'. Ignoring '/opt/ros/humble/ament_pep257'[0m
[2.509s] [34mcolcon.colcon_core.shell[0m [1;30mWARNING[0m [33mThe package 'ros2pkg' previously found at '/opt/ros/humble' was found again at '/opt/ros/humble/ros2pkg'. Ignoring '/opt/ros/humble/ros2pkg'[0m
[2.509s] [34mcolcon.colcon_core.shell[0m [1;30mWARNING[0m [33mThe package 'ament_lint_cmake' previously found at '/opt/ros/humble' was found again at '/opt/ros/humble/ament_lint_cmake'. Ignoring '/opt/ros/humble/ament_lint_cmake'[0m
[2.509s] [34mcolcon.colcon_core.shell[0m [1;30mWARNING[0m [33mThe package 'orocos_kdl_vendor' previously found at '/opt/ros/humble' was found again at '/opt/ros/humble/orocos_kdl_vendor'. Ignoring '/opt/ros/humble/orocos_kdl_vendor'[0m
[2.509s] [34mcolcon.colcon_core.shell[0m [1;30mWARNING[0m [33mThe package 'ament_xmllint' previously found at '/opt/ros/humble' was found again at '/opt/ros/humble/ament_xmllint'. Ignoring '/opt/ros/humble/ament_xmllint'[0m
[2.509s] [34mcolcon.colcon_core.shell[0m [1;30mWARNING[0m [33mThe package 'fastrtps_cmake_module' previously found at '/opt/ros/humble' was found again at '/opt/ros/humble/fastrtps_cmake_module'. Ignoring '/opt/ros/humble/fastrtps_cmake_module'[0m
[2.509s] [34mcolcon.colcon_core.shell[0m [1;30mWARNING[0m [33mThe package 'ament_cmake_gtest' previously found at '/opt/ros/humble' was found again at '/opt/ros/humble/ament_cmake_gtest'. Ignoring '/opt/ros/humble/ament_cmake_gtest'[0m
[2.509s] [34mcolcon.colcon_core.shell[0m [1;30mWARNING[0m [33mThe package 'ament_cmake_target_dependencies' previously found at '/opt/ros/humble' was found again at '/opt/ros/humble/ament_cmake_target_dependencies'. Ignoring '/opt/ros/humble/ament_cmake_target_dependencies'[0m
[2.509s] [34mcolcon.colcon_core.shell[0m [1;30mWARNING[0m [33mThe package 'tf2_tools' previously found at '/opt/ros/humble' was found again at '/opt/ros/humble/tf2_tools'. Ignoring '/opt/ros/humble/tf2_tools'[0m
[2.510s] [34mcolcon.colcon_core.shell[0m [1;30mWARNING[0m [33mThe package 'rosbag2_storage_default_plugins' previously found at '/opt/ros/humble' was found again at '/opt/ros/humble/rosbag2_storage_default_plugins'. Ignoring '/opt/ros/humble/rosbag2_storage_default_plugins'[0m
[2.510s] [34mcolcon.colcon_core.shell[0m [1;30mWARNING[0m [33mThe package 'ament_cmake_export_libraries' previously found at '/opt/ros/humble' was found again at '/opt/ros/humble/ament_cmake_export_libraries'. Ignoring '/opt/ros/humble/ament_cmake_export_libraries'[0m
[2.510s] [34mcolcon.colcon_core.shell[0m [1;30mWARNING[0m [33mThe package 'tf2_bullet' previously found at '/opt/ros/humble' was found again at '/opt/ros/humble/tf2_bullet'. Ignoring '/opt/ros/humble/tf2_bullet'[0m
[2.510s] [34mcolcon.colcon_core.shell[0m [1;30mWARNING[0m [33mThe package 'ament_lint_common' previously found at '/opt/ros/humble' was found again at '/opt/ros/humble/ament_lint_common'. Ignoring '/opt/ros/humble/ament_lint_common'[0m
[2.510s] [34mcolcon.colcon_core.shell[0m [1;30mWARNING[0m [33mThe package 'ros2bag' previously found at '/opt/ros/humble' was found again at '/opt/ros/humble/ros2bag'. Ignoring '/opt/ros/humble/ros2bag'[0m
[2.510s] [34mcolcon.colcon_core.shell[0m [1;30mWARNING[0m [33mThe package 'rosidl_typesupport_fastrtps_cpp' previously found at '/opt/ros/humble' was found again at '/opt/ros/humble/rosidl_typesupport_fastrtps_cpp'. Ignoring '/opt/ros/humble/rosidl_typesupport_fastrtps_cpp'[0m
[2.510s] [34mcolcon.colcon_core.shell[0m [1;30mWARNING[0m [33mThe package 'rcl_yaml_param_parser' previously found at '/opt/ros/humble' was found again at '/opt/ros/humble/rcl_yaml_param_parser'. Ignoring '/opt/ros/humble/rcl_yaml_param_parser'[0m
[2.510s] [34mcolcon.colcon_core.shell[0m [1;30mWARNING[0m [33mThe package 'libstatistics_collector' previously found at '/opt/ros/humble' was found again at '/opt/ros/humble/libstatistics_collector'. Ignoring '/opt/ros/humble/libstatistics_collector'[0m
[2.510s] [34mcolcon.colcon_core.shell[0m [1;30mWARNING[0m [33mThe package 'examples_rclcpp_minimal_client' previously found at '/opt/ros/humble' was found again at '/opt/ros/humble/examples_rclcpp_minimal_client'. Ignoring '/opt/ros/humble/examples_rclcpp_minimal_client'[0m
[2.510s] [34mcolcon.colcon_core.shell[0m [1;30mWARNING[0m [33mThe package 'urdf_parser_plugin' previously found at '/opt/ros/humble' was found again at '/opt/ros/humble/urdf_parser_plugin'. Ignoring '/opt/ros/humble/urdf_parser_plugin'[0m
[2.510s] [34mcolcon.colcon_core.shell[0m [1;30mWARNING[0m [33mThe package 'ament_index_cpp' previously found at '/opt/ros/humble' was found again at '/opt/ros/humble/ament_index_cpp'. Ignoring '/opt/ros/humble/ament_index_cpp'[0m
[2.510s] [34mcolcon.colcon_core.shell[0m [1;30mWARNING[0m [33mThe package 'launch_testing' previously found at '/opt/ros/humble' was found again at '/opt/ros/humble/launch_testing'. Ignoring '/opt/ros/humble/launch_testing'[0m
[2.510s] [34mcolcon.colcon_core.shell[0m [1;30mWARNING[0m [33mThe package 'rosidl_cmake' previously found at '/opt/ros/humble' was found again at '/opt/ros/humble/rosidl_cmake'. Ignoring '/opt/ros/humble/rosidl_cmake'[0m
[2.510s] [34mcolcon.colcon_core.shell[0m [1;30mWARNING[0m [33mThe package 'image_transport' previously found at '/opt/ros/humble' was found again at '/opt/ros/humble/image_transport'. Ignoring '/opt/ros/humble/image_transport'[0m
[2.510s] [34mcolcon.colcon_core.shell[0m [1;30mWARNING[0m [33mThe package 'rqt_service_caller' previously found at '/opt/ros/humble' was found again at '/opt/ros/humble/rqt_service_caller'. Ignoring '/opt/ros/humble/rqt_service_caller'[0m
[2.510s] [34mcolcon.colcon_core.shell[0m [1;30mWARNING[0m [33mThe package 'ament_cmake_export_link_flags' previously found at '/opt/ros/humble' was found again at '/opt/ros/humble/ament_cmake_export_link_flags'. Ignoring '/opt/ros/humble/ament_cmake_export_link_flags'[0m
[2.510s] [34mcolcon.colcon_core.shell[0m [1;30mWARNING[0m [33mThe package 'rosidl_generator_c' previously found at '/opt/ros/humble' was found again at '/opt/ros/humble/rosidl_generator_c'. Ignoring '/opt/ros/humble/rosidl_generator_c'[0m
[2.510s] [34mcolcon.colcon_core.shell[0m [1;30mWARNING[0m [33mThe package 'ros2param' previously found at '/opt/ros/humble' was found again at '/opt/ros/humble/ros2param'. Ignoring '/opt/ros/humble/ros2param'[0m
[2.511s] [34mcolcon.colcon_core.shell[0m [1;30mWARNING[0m [33mThe package 'rqt_bag' previously found at '/opt/ros/humble' was found again at '/opt/ros/humble/rqt_bag'. Ignoring '/opt/ros/humble/rqt_bag'[0m
[2.511s] [34mcolcon.colcon_core.shell[0m [1;30mWARNING[0m [33mThe package 'ament_index_python' previously found at '/opt/ros/humble' was found again at '/opt/ros/humble/ament_index_python'. Ignoring '/opt/ros/humble/ament_index_python'[0m
[2.511s] [34mcolcon.colcon_core.shell[0m [1;30mWARNING[0m [33mThe package 'examples_rclcpp_minimal_timer' previously found at '/opt/ros/humble' was found again at '/opt/ros/humble/examples_rclcpp_minimal_timer'. Ignoring '/opt/ros/humble/examples_rclcpp_minimal_timer'[0m
[2.511s] [34mcolcon.colcon_core.shell[0m [1;30mWARNING[0m [33mThe package 'rosidl_runtime_py' previously found at '/opt/ros/humble' was found again at '/opt/ros/humble/rosidl_runtime_py'. Ignoring '/opt/ros/humble/rosidl_runtime_py'[0m
[2.511s] [34mcolcon.colcon_core.shell[0m [1;30mWARNING[0m [33mThe package 'tlsf_cpp' previously found at '/opt/ros/humble' was found again at '/opt/ros/humble/tlsf_cpp'. Ignoring '/opt/ros/humble/tlsf_cpp'[0m
[2.511s] [34mcolcon.colcon_core.shell[0m [1;30mWARNING[0m [33mThe package 'rcpputils' previously found at '/opt/ros/humble' was found again at '/opt/ros/humble/rcpputils'. Ignoring '/opt/ros/humble/rcpputils'[0m
[2.511s] [34mcolcon.colcon_core.shell[0m [1;30mWARNING[0m [33mThe package 'osrf_pycommon' previously found at '/opt/ros/humble' was found again at '/opt/ros/humble/osrf_pycommon'. Ignoring '/opt/ros/humble/osrf_pycommon'[0m
[2.511s] [34mcolcon.colcon_core.shell[0m [1;30mWARNING[0m [33mThe package 'rosgraph_msgs' previously found at '/opt/ros/humble' was found again at '/opt/ros/humble/rosgraph_msgs'. Ignoring '/opt/ros/humble/rosgraph_msgs'[0m
[2.511s] [34mcolcon.colcon_core.shell[0m [1;30mWARNING[0m [33mThe package 'ament_cmake_version' previously found at '/opt/ros/humble' was found again at '/opt/ros/humble/ament_cmake_version'. Ignoring '/opt/ros/humble/ament_cmake_version'[0m
[2.511s] [34mcolcon.colcon_core.shell[0m [1;30mWARNING[0m [33mThe package 'yaml_cpp_vendor' previously found at '/opt/ros/humble' was found again at '/opt/ros/humble/yaml_cpp_vendor'. Ignoring '/opt/ros/humble/yaml_cpp_vendor'[0m
[2.511s] [34mcolcon.colcon_core.shell[0m [1;30mWARNING[0m [33mThe package 'ament_cmake_lint_cmake' previously found at '/opt/ros/humble' was found again at '/opt/ros/humble/ament_cmake_lint_cmake'. Ignoring '/opt/ros/humble/ament_cmake_lint_cmake'[0m
[2.511s] [34mcolcon.colcon_core.shell[0m [1;30mWARNING[0m [33mThe package 'ament_cmake_export_definitions' previously found at '/opt/ros/humble' was found again at '/opt/ros/humble/ament_cmake_export_definitions'. Ignoring '/opt/ros/humble/ament_cmake_export_definitions'[0m
[2.511s] [34mcolcon.colcon_core.shell[0m [1;30mWARNING[0m [33mThe package 'rqt_py_common' previously found at '/opt/ros/humble' was found again at '/opt/ros/humble/rqt_py_common'. Ignoring '/opt/ros/humble/rqt_py_common'[0m
[2.511s] [34mcolcon.colcon_core.shell[0m [1;30mWARNING[0m [33mThe package 'action_tutorials_py' previously found at '/opt/ros/humble' was found again at '/opt/ros/humble/action_tutorials_py'. Ignoring '/opt/ros/humble/action_tutorials_py'[0m
[2.511s] [34mcolcon.colcon_core.shell[0m [1;30mWARNING[0m [33mThe package 'tf2' previously found at '/opt/ros/humble' was found again at '/opt/ros/humble/tf2'. Ignoring '/opt/ros/humble/tf2'[0m
[2.511s] [34mcolcon.colcon_core.shell[0m [1;30mWARNING[0m [33mThe package 'intra_process_demo' previously found at '/opt/ros/humble' was found again at '/opt/ros/humble/intra_process_demo'. Ignoring '/opt/ros/humble/intra_process_demo'[0m
[2.511s] [34mcolcon.colcon_core.shell[0m [1;30mWARNING[0m [33mThe package 'lifecycle_msgs' previously found at '/opt/ros/humble' was found again at '/opt/ros/humble/lifecycle_msgs'. Ignoring '/opt/ros/humble/lifecycle_msgs'[0m
[2.511s] [34mcolcon.colcon_core.shell[0m [1;30mWARNING[0m [33mThe package 'ros2node' previously found at '/opt/ros/humble' was found again at '/opt/ros/humble/ros2node'. Ignoring '/opt/ros/humble/ros2node'[0m
[2.511s] [34mcolcon.colcon_core.shell[0m [1;30mWARNING[0m [33mThe package 'interactive_markers' previously found at '/opt/ros/humble' was found again at '/opt/ros/humble/interactive_markers'. Ignoring '/opt/ros/humble/interactive_markers'[0m
[2.511s] [34mcolcon.colcon_core.shell[0m [1;30mWARNING[0m [33mThe package 'tinyxml2_vendor' previously found at '/opt/ros/humble' was found again at '/opt/ros/humble/tinyxml2_vendor'. Ignoring '/opt/ros/humble/tinyxml2_vendor'[0m
[2.511s] [34mcolcon.colcon_core.shell[0m [1;30mWARNING[0m [33mThe package 'ament_lint_auto' previously found at '/opt/ros/humble' was found again at '/opt/ros/humble/ament_lint_auto'. Ignoring '/opt/ros/humble/ament_lint_auto'[0m
[2.511s] [34mcolcon.colcon_core.shell[0m [1;30mWARNING[0m [33mThe package 'ros2component' previously found at '/opt/ros/humble' was found again at '/opt/ros/humble/ros2component'. Ignoring '/opt/ros/humble/ros2component'[0m
[2.512s] [34mcolcon.colcon_core.shell[0m [1;30mWARNING[0m [33mThe package 'launch' previously found at '/opt/ros/humble' was found again at '/opt/ros/humble/launch'. Ignoring '/opt/ros/humble/launch'[0m
[2.512s] [34mcolcon.colcon_core.shell[0m [1;30mWARNING[0m [33mThe package 'rosbag2_storage' previously found at '/opt/ros/humble' was found again at '/opt/ros/humble/rosbag2_storage'. Ignoring '/opt/ros/humble/rosbag2_storage'[0m
[2.512s] [34mcolcon.colcon_core.shell[0m [1;30mWARNING[0m [33mThe package 'rqt_action' previously found at '/opt/ros/humble' was found again at '/opt/ros/humble/rqt_action'. Ignoring '/opt/ros/humble/rqt_action'[0m
[2.512s] [34mcolcon.colcon_core.shell[0m [1;30mWARNING[0m [33mThe package 'ros_environment' previously found at '/opt/ros/humble' was found again at '/opt/ros/humble/ros_environment'. Ignoring '/opt/ros/humble/ros_environment'[0m
[2.512s] [34mcolcon.colcon_core.shell[0m [1;30mWARNING[0m [33mThe package 'rosidl_typesupport_introspection_cpp' previously found at '/opt/ros/humble' was found again at '/opt/ros/humble/rosidl_typesupport_introspection_cpp'. Ignoring '/opt/ros/humble/rosidl_typesupport_introspection_cpp'[0m
[2.512s] [34mcolcon.colcon_core.shell[0m [1;30mWARNING[0m [33mThe package 'actionlib_msgs' previously found at '/opt/ros/humble' was found again at '/opt/ros/humble/actionlib_msgs'. Ignoring '/opt/ros/humble/actionlib_msgs'[0m
[2.512s] [34mcolcon.colcon_core.shell[0m [1;30mWARNING[0m [33mThe package 'statistics_msgs' previously found at '/opt/ros/humble' was found again at '/opt/ros/humble/statistics_msgs'. Ignoring '/opt/ros/humble/statistics_msgs'[0m
[2.512s] [34mcolcon.colcon_core.shell[0m [1;30mWARNING[0m [33mThe package 'examples_rclcpp_minimal_subscriber' previously found at '/opt/ros/humble' was found again at '/opt/ros/humble/examples_rclcpp_minimal_subscriber'. Ignoring '/opt/ros/humble/examples_rclcpp_minimal_subscriber'[0m
[2.512s] [34mcolcon.colcon_core.shell[0m [1;30mWARNING[0m [33mThe package 'class_loader' previously found at '/opt/ros/humble' was found again at '/opt/ros/humble/class_loader'. Ignoring '/opt/ros/humble/class_loader'[0m
[2.512s] [34mcolcon.colcon_core.shell[0m [1;30mWARNING[0m [33mThe package 'rosbag2_compression_zstd' previously found at '/opt/ros/humble' was found again at '/opt/ros/humble/rosbag2_compression_zstd'. Ignoring '/opt/ros/humble/rosbag2_compression_zstd'[0m
[2.512s] [34mcolcon.colcon_core.shell[0m [1;30mWARNING[0m [33mThe package 'launch_testing_ros' previously found at '/opt/ros/humble' was found again at '/opt/ros/humble/launch_testing_ros'. Ignoring '/opt/ros/humble/launch_testing_ros'[0m
[2.512s] [34mcolcon.colcon_core.shell[0m [1;30mWARNING[0m [33mThe package 'ament_cmake_export_interfaces' previously found at '/opt/ros/humble' was found again at '/opt/ros/humble/ament_cmake_export_interfaces'. Ignoring '/opt/ros/humble/ament_cmake_export_interfaces'[0m
[2.512s] [34mcolcon.colcon_core.shell[0m [1;30mWARNING[0m [33mThe package 'kdl_parser' previously found at '/opt/ros/humble' was found again at '/opt/ros/humble/kdl_parser'. Ignoring '/opt/ros/humble/kdl_parser'[0m
[2.512s] [34mcolcon.colcon_core.shell[0m [1;30mWARNING[0m [33mThe package 'trajectory_msgs' previously found at '/opt/ros/humble' was found again at '/opt/ros/humble/trajectory_msgs'. Ignoring '/opt/ros/humble/trajectory_msgs'[0m
[2.512s] [34mcolcon.colcon_core.shell[0m [1;30mWARNING[0m [33mThe package 'examples_rclpy_minimal_publisher' previously found at '/opt/ros/humble' was found again at '/opt/ros/humble/examples_rclpy_minimal_publisher'. Ignoring '/opt/ros/humble/examples_rclpy_minimal_publisher'[0m
[2.512s] [34mcolcon.colcon_core.shell[0m [1;30mWARNING[0m [33mThe package 'examples_rclpy_executors' previously found at '/opt/ros/humble' was found again at '/opt/ros/humble/examples_rclpy_executors'. Ignoring '/opt/ros/humble/examples_rclpy_executors'[0m
[2.512s] [34mcolcon.colcon_core.shell[0m [1;30mWARNING[0m [33mThe package 'console_bridge_vendor' previously found at '/opt/ros/humble' was found again at '/opt/ros/humble/console_bridge_vendor'. Ignoring '/opt/ros/humble/console_bridge_vendor'[0m
[2.512s] [34mcolcon.colcon_core.shell[0m [1;30mWARNING[0m [33mThe package 'shared_queues_vendor' previously found at '/opt/ros/humble' was found again at '/opt/ros/humble/shared_queues_vendor'. Ignoring '/opt/ros/humble/shared_queues_vendor'[0m
[2.512s] [34mcolcon.colcon_core.shell[0m [1;30mWARNING[0m [33mThe package 'launch_ros' previously found at '/opt/ros/humble' was found again at '/opt/ros/humble/launch_ros'. Ignoring '/opt/ros/humble/launch_ros'[0m
[2.512s] [34mcolcon.colcon_core.shell[0m [1;30mWARNING[0m [33mThe package 'domain_coordinator' previously found at '/opt/ros/humble' was found again at '/opt/ros/humble/domain_coordinator'. Ignoring '/opt/ros/humble/domain_coordinator'[0m
[2.512s] [34mcolcon.colcon_core.shell[0m [1;30mWARNING[0m [33mThe package 'dummy_robot_bringup' previously found at '/opt/ros/humble' was found again at '/opt/ros/humble/dummy_robot_bringup'. Ignoring '/opt/ros/humble/dummy_robot_bringup'[0m
[2.512s] [34mcolcon.colcon_core.shell[0m [1;30mWARNING[0m [33mThe package 'action_msgs' previously found at '/opt/ros/humble' was found again at '/opt/ros/humble/action_msgs'. Ignoring '/opt/ros/humble/action_msgs'[0m
[2.512s] [34mcolcon.colcon_core.shell[0m [1;30mWARNING[0m [33mThe package 'tracetools' previously found at '/opt/ros/humble' was found again at '/opt/ros/humble/tracetools'. Ignoring '/opt/ros/humble/tracetools'[0m
[2.513s] [34mcolcon.colcon_core.shell[0m [1;30mWARNING[0m [33mThe package 'rclcpp_components' previously found at '/opt/ros/humble' was found again at '/opt/ros/humble/rclcpp_components'. Ignoring '/opt/ros/humble/rclcpp_components'[0m
[2.513s] [34mcolcon.colcon_core.shell[0m [1;30mWARNING[0m [33mThe package 'ament_cmake_python' previously found at '/opt/ros/humble' was found again at '/opt/ros/humble/ament_cmake_python'. Ignoring '/opt/ros/humble/ament_cmake_python'[0m
[2.513s] [34mcolcon.colcon_core.shell[0m [1;30mWARNING[0m [33mThe package 'builtin_interfaces' previously found at '/opt/ros/humble' was found again at '/opt/ros/humble/builtin_interfaces'. Ignoring '/opt/ros/humble/builtin_interfaces'[0m
[2.513s] [34mcolcon.colcon_core.shell[0m [1;30mWARNING[0m [33mThe package 'examples_rclcpp_multithreaded_executor' previously found at '/opt/ros/humble' was found again at '/opt/ros/humble/examples_rclcpp_multithreaded_executor'. Ignoring '/opt/ros/humble/examples_rclcpp_multithreaded_executor'[0m
[2.513s] [34mcolcon.colcon_core.shell[0m [1;30mWARNING[0m [33mThe package 'rosidl_typesupport_introspection_c' previously found at '/opt/ros/humble' was found again at '/opt/ros/humble/rosidl_typesupport_introspection_c'. Ignoring '/opt/ros/humble/rosidl_typesupport_introspection_c'[0m
[2.513s] [34mcolcon.colcon_core.shell[0m [1;30mWARNING[0m [33mThe package 'examples_rclcpp_minimal_action_server' previously found at '/opt/ros/humble' was found again at '/opt/ros/humble/examples_rclcpp_minimal_action_server'. Ignoring '/opt/ros/humble/examples_rclcpp_minimal_action_server'[0m
[2.513s] [34mcolcon.colcon_core.shell[0m [1;30mWARNING[0m [33mThe package 'rmw_fastrtps_shared_cpp' previously found at '/opt/ros/humble' was found again at '/opt/ros/humble/rmw_fastrtps_shared_cpp'. Ignoring '/opt/ros/humble/rmw_fastrtps_shared_cpp'[0m
[2.513s] [34mcolcon.colcon_core.shell[0m [1;30mWARNING[0m [33mThe package 'action_tutorials_interfaces' previously found at '/opt/ros/humble' was found again at '/opt/ros/humble/action_tutorials_interfaces'. Ignoring '/opt/ros/humble/action_tutorials_interfaces'[0m
[2.513s] [34mcolcon.colcon_core.shell[0m [1;30mWARNING[0m [33mThe package 'rviz_assimp_vendor' previously found at '/opt/ros/humble' was found again at '/opt/ros/humble/rviz_assimp_vendor'. Ignoring '/opt/ros/humble/rviz_assimp_vendor'[0m
[2.513s] [34mcolcon.colcon_core.shell[0m [1;30mWARNING[0m [33mThe package 'qt_dotgraph' previously found at '/opt/ros/humble' was found again at '/opt/ros/humble/qt_dotgraph'. Ignoring '/opt/ros/humble/qt_dotgraph'[0m
[2.513s] [34mcolcon.colcon_core.shell[0m [1;30mWARNING[0m [33mThe package 'ros2topic' previously found at '/opt/ros/humble' was found again at '/opt/ros/humble/ros2topic'. Ignoring '/opt/ros/humble/ros2topic'[0m
[2.513s] [34mcolcon.colcon_core.shell[0m [1;30mWARNING[0m [33mThe package 'ament_cmake_gen_version_h' previously found at '/opt/ros/humble' was found again at '/opt/ros/humble/ament_cmake_gen_version_h'. Ignoring '/opt/ros/humble/ament_cmake_gen_version_h'[0m
[2.513s] [34mcolcon.colcon_core.shell[0m [1;30mWARNING[0m [33mThe package 'ament_cmake_flake8' previously found at '/opt/ros/humble' was found again at '/opt/ros/humble/ament_cmake_flake8'. Ignoring '/opt/ros/humble/ament_cmake_flake8'[0m
[2.513s] [34mcolcon.colcon_core.shell[0m [1;30mWARNING[0m [33mThe package 'launch_testing_ament_cmake' previously found at '/opt/ros/humble' was found again at '/opt/ros/humble/launch_testing_ament_cmake'. Ignoring '/opt/ros/humble/launch_testing_ament_cmake'[0m
[2.513s] [34mcolcon.colcon_core.shell[0m [1;30mWARNING[0m [33mThe package 'rclpy' previously found at '/opt/ros/humble' was found again at '/opt/ros/humble/rclpy'. Ignoring '/opt/ros/humble/rclpy'[0m
[2.513s] [34mcolcon.colcon_core.shell[0m [1;30mWARNING[0m [33mThe package 'zstd_vendor' previously found at '/opt/ros/humble' was found again at '/opt/ros/humble/zstd_vendor'. Ignoring '/opt/ros/humble/zstd_vendor'[0m
[2.513s] [34mcolcon.colcon_core.shell[0m [1;30mWARNING[0m [33mThe package 'examples_rclpy_minimal_action_client' previously found at '/opt/ros/humble' was found again at '/opt/ros/humble/examples_rclpy_minimal_action_client'. Ignoring '/opt/ros/humble/examples_rclpy_minimal_action_client'[0m
[2.513s] [34mcolcon.colcon_core.shell[0m [1;30mWARNING[0m [33mThe package 'ament_copyright' previously found at '/opt/ros/humble' was found again at '/opt/ros/humble/ament_copyright'. Ignoring '/opt/ros/humble/ament_copyright'[0m
[2.513s] [34mcolcon.colcon_core.shell[0m [1;30mWARNING[0m [33mThe package 'rclcpp_lifecycle' previously found at '/opt/ros/humble' was found again at '/opt/ros/humble/rclcpp_lifecycle'. Ignoring '/opt/ros/humble/rclcpp_lifecycle'[0m
[2.513s] [34mcolcon.colcon_core.shell[0m [1;30mWARNING[0m [33mThe package 'rosidl_runtime_cpp' previously found at '/opt/ros/humble' was found again at '/opt/ros/humble/rosidl_runtime_cpp'. Ignoring '/opt/ros/humble/rosidl_runtime_cpp'[0m
[2.513s] [34mcolcon.colcon_core.shell[0m [1;30mWARNING[0m [33mThe package 'ament_cmake_auto' previously found at '/opt/ros/humble' was found again at '/opt/ros/humble/ament_cmake_auto'. Ignoring '/opt/ros/humble/ament_cmake_auto'[0m
[2.513s] [34mcolcon.colcon_core.shell[0m [1;30mWARNING[0m [33mThe package 'turtlesim' previously found at '/opt/ros/humble' was found again at '/opt/ros/humble/turtlesim'. Ignoring '/opt/ros/humble/turtlesim'[0m
[2.514s] [34mcolcon.colcon_core.shell[0m [1;30mWARNING[0m [33mThe package 'rqt_plot' previously found at '/opt/ros/humble' was found again at '/opt/ros/humble/rqt_plot'. Ignoring '/opt/ros/humble/rqt_plot'[0m
[2.514s] [34mcolcon.colcon_core.shell[0m [1;30mWARNING[0m [33mThe package 'rmw' previously found at '/opt/ros/humble' was found again at '/opt/ros/humble/rmw'. Ignoring '/opt/ros/humble/rmw'[0m
[2.514s] [34mcolcon.colcon_core.shell[0m [1;30mWARNING[0m [33mThe package 'rosidl_adapter' previously found at '/opt/ros/humble' was found again at '/opt/ros/humble/rosidl_adapter'. Ignoring '/opt/ros/humble/rosidl_adapter'[0m
[2.514s] [34mcolcon.colcon_core.shell[0m [1;30mWARNING[0m [33mThe package 'rviz_ogre_vendor' previously found at '/opt/ros/humble' was found again at '/opt/ros/humble/rviz_ogre_vendor'. Ignoring '/opt/ros/humble/rviz_ogre_vendor'[0m
[2.514s] [34mcolcon.colcon_core.shell[0m [1;30mWARNING[0m [33mThe package 'rosbag2_transport' previously found at '/opt/ros/humble' was found again at '/opt/ros/humble/rosbag2_transport'. Ignoring '/opt/ros/humble/rosbag2_transport'[0m
[2.514s] [34mcolcon.colcon_core.shell[0m [1;30mWARNING[0m [33mThe package 'urdf' previously found at '/opt/ros/humble' was found again at '/opt/ros/humble/urdf'. Ignoring '/opt/ros/humble/urdf'[0m
[2.514s] [34mcolcon.colcon_core.shell[0m [1;30mWARNING[0m [33mThe package 'rcl_action' previously found at '/opt/ros/humble' was found again at '/opt/ros/humble/rcl_action'. Ignoring '/opt/ros/humble/rcl_action'[0m
[2.514s] [34mcolcon.colcon_core.shell[0m [1;30mWARNING[0m [33mThe package 'examples_rclpy_minimal_action_server' previously found at '/opt/ros/humble' was found again at '/opt/ros/humble/examples_rclpy_minimal_action_server'. Ignoring '/opt/ros/humble/examples_rclpy_minimal_action_server'[0m
[2.514s] [34mcolcon.colcon_core.shell[0m [1;30mWARNING[0m [33mThe package 'visualization_msgs' previously found at '/opt/ros/humble' was found again at '/opt/ros/humble/visualization_msgs'. Ignoring '/opt/ros/humble/visualization_msgs'[0m
[2.514s] [34mcolcon.colcon_core.shell[0m [1;30mWARNING[0m [33mThe package 'spdlog_vendor' previously found at '/opt/ros/humble' was found again at '/opt/ros/humble/spdlog_vendor'. Ignoring '/opt/ros/humble/spdlog_vendor'[0m
[2.514s] [34mcolcon.colcon_core.shell[0m [1;30mWARNING[0m [33mThe package 'rosidl_default_generators' previously found at '/opt/ros/humble' was found again at '/opt/ros/humble/rosidl_default_generators'. Ignoring '/opt/ros/humble/rosidl_default_generators'[0m
[2.514s] [34mcolcon.colcon_core.shell[0m [1;30mWARNING[0m [33mThe package 'std_msgs' previously found at '/opt/ros/humble' was found again at '/opt/ros/humble/std_msgs'. Ignoring '/opt/ros/humble/std_msgs'[0m
[2.514s] [34mcolcon.colcon_core.shell[0m [1;30mWARNING[0m [33mThe package 'qt_gui_py_common' previously found at '/opt/ros/humble' was found again at '/opt/ros/humble/qt_gui_py_common'. Ignoring '/opt/ros/humble/qt_gui_py_common'[0m
[2.514s] [34mcolcon.colcon_core.shell[0m [1;30mWARNING[0m [33mThe package 'rmw_fastrtps_cpp' previously found at '/opt/ros/humble' was found again at '/opt/ros/humble/rmw_fastrtps_cpp'. Ignoring '/opt/ros/humble/rmw_fastrtps_cpp'[0m
[2.514s] [34mcolcon.colcon_core.shell[0m [1;30mWARNING[0m [33mThe package 'rqt_reconfigure' previously found at '/opt/ros/humble' was found again at '/opt/ros/humble/rqt_reconfigure'. Ignoring '/opt/ros/humble/rqt_reconfigure'[0m
[2.514s] [34mcolcon.colcon_core.shell[0m [1;30mWARNING[0m [33mThe package 'qt_gui' previously found at '/opt/ros/humble' was found again at '/opt/ros/humble/qt_gui'. Ignoring '/opt/ros/humble/qt_gui'[0m
[2.514s] [34mcolcon.colcon_core.shell[0m [1;30mWARNING[0m [33mThe package 'demo_nodes_cpp' previously found at '/opt/ros/humble' was found again at '/opt/ros/humble/demo_nodes_cpp'. Ignoring '/opt/ros/humble/demo_nodes_cpp'[0m
[2.514s] [34mcolcon.colcon_core.shell[0m [1;30mWARNING[0m [33mThe package 'rviz_default_plugins' previously found at '/opt/ros/humble' was found again at '/opt/ros/humble/rviz_default_plugins'. Ignoring '/opt/ros/humble/rviz_default_plugins'[0m
[2.514s] [34mcolcon.colcon_core.shell[0m [1;30mWARNING[0m [33mThe package 'ros2cli_common_extensions' previously found at '/opt/ros/humble' was found again at '/opt/ros/humble/ros2cli_common_extensions'. Ignoring '/opt/ros/humble/ros2cli_common_extensions'[0m
[2.514s] [34mcolcon.colcon_core.shell[0m [1;30mWARNING[0m [33mThe package 'ros2interface' previously found at '/opt/ros/humble' was found again at '/opt/ros/humble/ros2interface'. Ignoring '/opt/ros/humble/ros2interface'[0m
[2.514s] [34mcolcon.colcon_core.shell[0m [1;30mWARNING[0m [33mThe package 'rqt_gui' previously found at '/opt/ros/humble' was found again at '/opt/ros/humble/rqt_gui'. Ignoring '/opt/ros/humble/rqt_gui'[0m
[2.514s] [34mcolcon.colcon_core.shell[0m [1;30mWARNING[0m [33mThe package 'tf2_geometry_msgs' previously found at '/opt/ros/humble' was found again at '/opt/ros/humble/tf2_geometry_msgs'. Ignoring '/opt/ros/humble/tf2_geometry_msgs'[0m
[2.515s] [34mcolcon.colcon_core.shell[0m [1;30mWARNING[0m [33mThe package 'ament_cmake_test' previously found at '/opt/ros/humble' was found again at '/opt/ros/humble/ament_cmake_test'. Ignoring '/opt/ros/humble/ament_cmake_test'[0m
[2.515s] [34mcolcon.colcon_core.shell[0m [1;30mWARNING[0m [33mThe package 'rviz_rendering' previously found at '/opt/ros/humble' was found again at '/opt/ros/humble/rviz_rendering'. Ignoring '/opt/ros/humble/rviz_rendering'[0m
[2.515s] [34mcolcon.colcon_core.shell[0m [1;30mWARNING[0m [33mThe package 'rcl_lifecycle' previously found at '/opt/ros/humble' was found again at '/opt/ros/humble/rcl_lifecycle'. Ignoring '/opt/ros/humble/rcl_lifecycle'[0m
[2.515s] [34mcolcon.colcon_core.shell[0m [1;30mWARNING[0m [33mThe package 'rcl_logging_spdlog' previously found at '/opt/ros/humble' was found again at '/opt/ros/humble/rcl_logging_spdlog'. Ignoring '/opt/ros/humble/rcl_logging_spdlog'[0m
[2.515s] [34mcolcon.colcon_core.shell[0m [1;30mWARNING[0m [33mThe package 'ament_cmake_xmllint' previously found at '/opt/ros/humble' was found again at '/opt/ros/humble/ament_cmake_xmllint'. Ignoring '/opt/ros/humble/ament_cmake_xmllint'[0m
[2.515s] [34mcolcon.colcon_core.shell[0m [1;30mWARNING[0m [33mThe package 'ros2multicast' previously found at '/opt/ros/humble' was found again at '/opt/ros/humble/ros2multicast'. Ignoring '/opt/ros/humble/ros2multicast'[0m
[2.515s] [34mcolcon.colcon_core.shell[0m [1;30mWARNING[0m [33mThe package 'sensor_msgs_py' previously found at '/opt/ros/humble' was found again at '/opt/ros/humble/sensor_msgs_py'. Ignoring '/opt/ros/humble/sensor_msgs_py'[0m
[2.515s] [34mcolcon.colcon_core.shell[0m [1;30mWARNING[0m [33mThe package 'sros2' previously found at '/opt/ros/humble' was found again at '/opt/ros/humble/sros2'. Ignoring '/opt/ros/humble/sros2'[0m
[2.515s] [34mcolcon.colcon_core.shell[0m [1;30mWARNING[0m [33mThe package 'common_interfaces' previously found at '/opt/ros/humble' was found again at '/opt/ros/humble/common_interfaces'. Ignoring '/opt/ros/humble/common_interfaces'[0m
[2.515s] [34mcolcon.colcon_core.shell[0m [1;30mWARNING[0m [33mThe package 'nav_msgs' previously found at '/opt/ros/humble' was found again at '/opt/ros/humble/nav_msgs'. Ignoring '/opt/ros/humble/nav_msgs'[0m
[2.515s] [34mcolcon.colcon_core.shell[0m [1;30mWARNING[0m [33mThe package 'ament_cmake_gmock' previously found at '/opt/ros/humble' was found again at '/opt/ros/humble/ament_cmake_gmock'. Ignoring '/opt/ros/humble/ament_cmake_gmock'[0m
[2.515s] [34mcolcon.colcon_core.shell[0m [1;30mWARNING[0m [33mThe package 'libyaml_vendor' previously found at '/opt/ros/humble' was found again at '/opt/ros/humble/libyaml_vendor'. Ignoring '/opt/ros/humble/libyaml_vendor'[0m
[2.515s] [34mcolcon.colcon_core.shell[0m [1;30mWARNING[0m [33mThe package 'eigen3_cmake_module' previously found at '/opt/ros/humble' was found again at '/opt/ros/humble/eigen3_cmake_module'. Ignoring '/opt/ros/humble/eigen3_cmake_module'[0m
[2.515s] [34mcolcon.colcon_core.shell[0m [1;30mWARNING[0m [33mThe package 'rosbag2_py' previously found at '/opt/ros/humble' was found again at '/opt/ros/humble/rosbag2_py'. Ignoring '/opt/ros/humble/rosbag2_py'[0m
[2.515s] [34mcolcon.colcon_core.shell[0m [1;30mWARNING[0m [33mThe package 'tinyxml_vendor' previously found at '/opt/ros/humble' was found again at '/opt/ros/humble/tinyxml_vendor'. Ignoring '/opt/ros/humble/tinyxml_vendor'[0m
[2.515s] [34mcolcon.colcon_core.shell[0m [1;30mWARNING[0m [33mThe package 'message_filters' previously found at '/opt/ros/humble' was found again at '/opt/ros/humble/message_filters'. Ignoring '/opt/ros/humble/message_filters'[0m
[2.515s] [34mcolcon.colcon_core.shell[0m [1;30mWARNING[0m [33mThe package 'action_tutorials_cpp' previously found at '/opt/ros/humble' was found again at '/opt/ros/humble/action_tutorials_cpp'. Ignoring '/opt/ros/humble/action_tutorials_cpp'[0m
[2.515s] [34mcolcon.colcon_core.shell[0m [1;30mWARNING[0m [33mThe package 'sros2_cmake' previously found at '/opt/ros/humble' was found again at '/opt/ros/humble/sros2_cmake'. Ignoring '/opt/ros/humble/sros2_cmake'[0m
[2.515s] [34mcolcon.colcon_core.shell[0m [1;30mWARNING[0m [33mThe package 'ament_package' previously found at '/opt/ros/humble' was found again at '/opt/ros/humble/ament_package'. Ignoring '/opt/ros/humble/ament_package'[0m
[2.515s] [34mcolcon.colcon_core.shell[0m [1;30mWARNING[0m [33mThe package 'logging_demo' previously found at '/opt/ros/humble' was found again at '/opt/ros/humble/logging_demo'. Ignoring '/opt/ros/humble/logging_demo'[0m
[2.515s] [34mcolcon.colcon_core.shell[0m [1;30mWARNING[0m [33mThe package 'composition_interfaces' previously found at '/opt/ros/humble' was found again at '/opt/ros/humble/composition_interfaces'. Ignoring '/opt/ros/humble/composition_interfaces'[0m
[2.515s] [34mcolcon.colcon_core.shell[0m [1;30mWARNING[0m [33mThe package 'quality_of_service_demo_py' previously found at '/opt/ros/humble' was found again at '/opt/ros/humble/quality_of_service_demo_py'. Ignoring '/opt/ros/humble/quality_of_service_demo_py'[0m
[2.516s] [34mcolcon.colcon_core.shell[0m [1;30mWARNING[0m [33mThe package 'demo_nodes_py' previously found at '/opt/ros/humble' was found again at '/opt/ros/humble/demo_nodes_py'. Ignoring '/opt/ros/humble/demo_nodes_py'[0m
[2.516s] [34mcolcon.colcon_core.shell[0m [1;30mWARNING[0m [33mThe package 'ros2launch' previously found at '/opt/ros/humble' was found again at '/opt/ros/humble/ros2launch'. Ignoring '/opt/ros/humble/ros2launch'[0m
[2.516s] [34mcolcon.colcon_core.shell[0m [1;30mWARNING[0m [33mThe package 'rmw_implementation_cmake' previously found at '/opt/ros/humble' was found again at '/opt/ros/humble/rmw_implementation_cmake'. Ignoring '/opt/ros/humble/rmw_implementation_cmake'[0m
[2.516s] [34mcolcon.colcon_core.shell[0m [1;30mWARNING[0m [33mThe package 'rcl' previously found at '/opt/ros/humble' was found again at '/opt/ros/humble/rcl'. Ignoring '/opt/ros/humble/rcl'[0m
[2.516s] [34mcolcon.colcon_core.shell[0m [1;30mWARNING[0m [33mThe package 'examples_rclcpp_minimal_publisher' previously found at '/opt/ros/humble' was found again at '/opt/ros/humble/examples_rclcpp_minimal_publisher'. Ignoring '/opt/ros/humble/examples_rclcpp_minimal_publisher'[0m
[2.516s] [34mcolcon.colcon_core.shell[0m [1;30mWARNING[0m [33mThe package 'ros2cli' previously found at '/opt/ros/humble' was found again at '/opt/ros/humble/ros2cli'. Ignoring '/opt/ros/humble/ros2cli'[0m
[2.516s] [34mcolcon.colcon_core.shell[0m [1;30mWARNING[0m [33mThe package 'rosidl_default_runtime' previously found at '/opt/ros/humble' was found again at '/opt/ros/humble/rosidl_default_runtime'. Ignoring '/opt/ros/humble/rosidl_default_runtime'[0m
[2.516s] [34mcolcon.colcon_core.shell[0m [1;30mWARNING[0m [33mThe package 'dummy_map_server' previously found at '/opt/ros/humble' was found again at '/opt/ros/humble/dummy_map_server'. Ignoring '/opt/ros/humble/dummy_map_server'[0m
[2.516s] [34mcolcon.colcon_core.shell[0m [1;30mWARNING[0m [33mThe package 'ament_cmake_libraries' previously found at '/opt/ros/humble' was found again at '/opt/ros/humble/ament_cmake_libraries'. Ignoring '/opt/ros/humble/ament_cmake_libraries'[0m
[2.516s] [34mcolcon.colcon_core.shell[0m [1;30mWARNING[0m [33mThe package 'pybind11_vendor' previously found at '/opt/ros/humble' was found again at '/opt/ros/humble/pybind11_vendor'. Ignoring '/opt/ros/humble/pybind11_vendor'[0m
[2.516s] [34mcolcon.colcon_core.shell[0m [1;30mWARNING[0m [33mThe package 'tf2_sensor_msgs' previously found at '/opt/ros/humble' was found again at '/opt/ros/humble/tf2_sensor_msgs'. Ignoring '/opt/ros/humble/tf2_sensor_msgs'[0m
[2.516s] [34mcolcon.colcon_core.shell[0m [1;30mWARNING[0m [33mThe package 'sensor_msgs' previously found at '/opt/ros/humble' was found again at '/opt/ros/humble/sensor_msgs'. Ignoring '/opt/ros/humble/sensor_msgs'[0m
[2.516s] [34mcolcon.colcon_core.shell[0m [1;30mWARNING[0m [33mThe package 'rqt_graph' previously found at '/opt/ros/humble' was found again at '/opt/ros/humble/rqt_graph'. Ignoring '/opt/ros/humble/rqt_graph'[0m
[2.516s] [34mcolcon.colcon_core.shell[0m [1;30mWARNING[0m [33mThe package 'rosidl_typesupport_fastrtps_c' previously found at '/opt/ros/humble' was found again at '/opt/ros/humble/rosidl_typesupport_fastrtps_c'. Ignoring '/opt/ros/humble/rosidl_typesupport_fastrtps_c'[0m
[2.516s] [34mcolcon.colcon_core.shell[0m [1;30mWARNING[0m [33mThe package 'tf2_ros_py' previously found at '/opt/ros/humble' was found again at '/opt/ros/humble/tf2_ros_py'. Ignoring '/opt/ros/humble/tf2_ros_py'[0m
[2.516s] [34mcolcon.colcon_core.shell[0m [1;30mWARNING[0m [33mThe package 'examples_rclcpp_minimal_composition' previously found at '/opt/ros/humble' was found again at '/opt/ros/humble/examples_rclcpp_minimal_composition'. Ignoring '/opt/ros/humble/examples_rclcpp_minimal_composition'[0m
[2.516s] [34mcolcon.colcon_core.shell[0m [1;30mWARNING[0m [33mThe package 'ament_uncrustify' previously found at '/opt/ros/humble' was found again at '/opt/ros/humble/ament_uncrustify'. Ignoring '/opt/ros/humble/ament_uncrustify'[0m
[2.516s] [34mcolcon.colcon_core.shell[0m [1;30mWARNING[0m [33mThe package 'python_cmake_module' previously found at '/opt/ros/humble' was found again at '/opt/ros/humble/python_cmake_module'. Ignoring '/opt/ros/humble/python_cmake_module'[0m
[2.516s] [34mcolcon.colcon_core.shell[0m [1;30mWARNING[0m [33mThe package 'ament_lint' previously found at '/opt/ros/humble' was found again at '/opt/ros/humble/ament_lint'. Ignoring '/opt/ros/humble/ament_lint'[0m
[2.516s] [34mcolcon.colcon_core.shell[0m [1;30mWARNING[0m [33mThe package 'topic_monitor' previously found at '/opt/ros/humble' was found again at '/opt/ros/humble/topic_monitor'. Ignoring '/opt/ros/humble/topic_monitor'[0m
[2.516s] [34mcolcon.colcon_core.shell[0m [1;30mWARNING[0m [33mThe package 'ament_cmake_pytest' previously found at '/opt/ros/humble' was found again at '/opt/ros/humble/ament_cmake_pytest'. Ignoring '/opt/ros/humble/ament_cmake_pytest'[0m
[2.517s] [34mcolcon.colcon_core.shell[0m [1;30mWARNING[0m [33mThe package 'rosidl_typesupport_interface' previously found at '/opt/ros/humble' was found again at '/opt/ros/humble/rosidl_typesupport_interface'. Ignoring '/opt/ros/humble/rosidl_typesupport_interface'[0m
[2.517s] [34mcolcon.colcon_core.shell[0m [1;30mWARNING[0m [33mThe package 'laser_geometry' previously found at '/opt/ros/humble' was found again at '/opt/ros/humble/laser_geometry'. Ignoring '/opt/ros/humble/laser_geometry'[0m
[2.517s] [34mcolcon.colcon_core.shell[0m [1;30mWARNING[0m [33mThe package 'quality_of_service_demo_cpp' previously found at '/opt/ros/humble' was found again at '/opt/ros/humble/quality_of_service_demo_cpp'. Ignoring '/opt/ros/humble/quality_of_service_demo_cpp'[0m
[2.517s] [34mcolcon.colcon_core.shell[0m [1;30mWARNING[0m [33mThe package 'rqt_py_console' previously found at '/opt/ros/humble' was found again at '/opt/ros/humble/rqt_py_console'. Ignoring '/opt/ros/humble/rqt_py_console'[0m
[2.517s] [34mcolcon.colcon_core.shell[0m [1;30mWARNING[0m [33mThe package 'rclcpp_action' previously found at '/opt/ros/humble' was found again at '/opt/ros/humble/rclcpp_action'. Ignoring '/opt/ros/humble/rclcpp_action'[0m
[2.517s] [34mcolcon.colcon_core.shell[0m [1;30mWARNING[0m [33mThe package 'rqt_gui_py' previously found at '/opt/ros/humble' was found again at '/opt/ros/humble/rqt_gui_py'. Ignoring '/opt/ros/humble/rqt_gui_py'[0m
[2.517s] [34mcolcon.colcon_core.shell[0m [1;30mWARNING[0m [33mThe package 'rcl_interfaces' previously found at '/opt/ros/humble' was found again at '/opt/ros/humble/rcl_interfaces'. Ignoring '/opt/ros/humble/rcl_interfaces'[0m
[2.517s] [34mcolcon.colcon_core.shell[0m [1;30mWARNING[0m [33mThe package 'rosbag2_interfaces' previously found at '/opt/ros/humble' was found again at '/opt/ros/humble/rosbag2_interfaces'. Ignoring '/opt/ros/humble/rosbag2_interfaces'[0m
[2.517s] [34mcolcon.colcon_core.shell[0m [1;30mWARNING[0m [33mThe package 'tf2_msgs' previously found at '/opt/ros/humble' was found again at '/opt/ros/humble/tf2_msgs'. Ignoring '/opt/ros/humble/tf2_msgs'[0m
[2.517s] [34mcolcon.colcon_core.shell[0m [1;30mWARNING[0m [33mThe package 'robot_state_publisher' previously found at '/opt/ros/humble' was found again at '/opt/ros/humble/robot_state_publisher'. Ignoring '/opt/ros/humble/robot_state_publisher'[0m
[2.517s] [34mcolcon.colcon_core.shell[0m [1;30mWARNING[0m [33mThe package 'examples_rclpy_minimal_service' previously found at '/opt/ros/humble' was found again at '/opt/ros/humble/examples_rclpy_minimal_service'. Ignoring '/opt/ros/humble/examples_rclpy_minimal_service'[0m
[2.517s] [34mcolcon.colcon_core.shell[0m [1;30mWARNING[0m [33mThe package 'python_qt_binding' previously found at '/opt/ros/humble' was found again at '/opt/ros/humble/python_qt_binding'. Ignoring '/opt/ros/humble/python_qt_binding'[0m
[2.517s] [34mcolcon.colcon_core.shell[0m [1;30mWARNING[0m [33mThe package 'rosidl_typesupport_cpp' previously found at '/opt/ros/humble' was found again at '/opt/ros/humble/rosidl_typesupport_cpp'. Ignoring '/opt/ros/humble/rosidl_typesupport_cpp'[0m
[2.517s] [34mcolcon.colcon_core.shell[0m [1;30mWARNING[0m [33mThe package 'tf2_eigen' previously found at '/opt/ros/humble' was found again at '/opt/ros/humble/tf2_eigen'. Ignoring '/opt/ros/humble/tf2_eigen'[0m
[2.517s] [34mcolcon.colcon_core.shell[0m [1;30mWARNING[0m [33mThe package 'rosbag2_compression' previously found at '/opt/ros/humble' was found again at '/opt/ros/humble/rosbag2_compression'. Ignoring '/opt/ros/humble/rosbag2_compression'[0m
[2.517s] [34mcolcon.colcon_core.shell[0m [1;30mWARNING[0m [33mThe package 'tango_icons_vendor' previously found at '/opt/ros/humble' was found again at '/opt/ros/humble/tango_icons_vendor'. Ignoring '/opt/ros/humble/tango_icons_vendor'[0m
[2.517s] [34mcolcon.colcon_core.shell[0m [1;30mWARNING[0m [33mThe package 'rttest' previously found at '/opt/ros/humble' was found again at '/opt/ros/humble/rttest'. Ignoring '/opt/ros/humble/rttest'[0m
[2.517s] [34mcolcon.colcon_core.shell[0m [1;30mWARNING[0m [33mThe package 'launch_xml' previously found at '/opt/ros/humble' was found again at '/opt/ros/humble/launch_xml'. Ignoring '/opt/ros/humble/launch_xml'[0m
[2.517s] [34mcolcon.colcon_core.shell[0m [1;30mWARNING[0m [33mThe package 'rosbag2_cpp' previously found at '/opt/ros/humble' was found again at '/opt/ros/humble/rosbag2_cpp'. Ignoring '/opt/ros/humble/rosbag2_cpp'[0m
[2.517s] [34mcolcon.colcon_core.shell[0m [1;30mWARNING[0m [33mThe package 'rosidl_typesupport_c' previously found at '/opt/ros/humble' was found again at '/opt/ros/humble/rosidl_typesupport_c'. Ignoring '/opt/ros/humble/rosidl_typesupport_c'[0m
[2.518s] [34mcolcon.colcon_core.shell[0m [1;30mWARNING[0m [33mThe package 'map_msgs' previously found at '/opt/ros/humble' was found again at '/opt/ros/humble/map_msgs'. Ignoring '/opt/ros/humble/map_msgs'[0m
[2.518s] [34mcolcon.colcon_core.shell[0m [1;30mWARNING[0m [33mThe package 'pendulum_control' previously found at '/opt/ros/humble' was found again at '/opt/ros/humble/pendulum_control'. Ignoring '/opt/ros/humble/pendulum_control'[0m
[2.518s] [34mcolcon.colcon_core.shell[0m [1;30mWARNING[0m [33mThe package 'tf2_eigen_kdl' previously found at '/opt/ros/humble' was found again at '/opt/ros/humble/tf2_eigen_kdl'. Ignoring '/opt/ros/humble/tf2_eigen_kdl'[0m
[2.518s] [34mcolcon.colcon_core.shell[0m [1;30mWARNING[0m [33mThe package 'ament_cmake_export_include_directories' previously found at '/opt/ros/humble' was found again at '/opt/ros/humble/ament_cmake_export_include_directories'. Ignoring '/opt/ros/humble/ament_cmake_export_include_directories'[0m
[2.518s] [34mcolcon.colcon_core.shell[0m [1;30mWARNING[0m [33mThe package 'rqt_bag_plugins' previously found at '/opt/ros/humble' was found again at '/opt/ros/humble/rqt_bag_plugins'. Ignoring '/opt/ros/humble/rqt_bag_plugins'[0m
[2.518s] [34mcolcon.colcon_core.shell[0m [1;30mWARNING[0m [33mThe package 'ament_cmake_include_directories' previously found at '/opt/ros/humble' was found again at '/opt/ros/humble/ament_cmake_include_directories'. Ignoring '/opt/ros/humble/ament_cmake_include_directories'[0m
[2.518s] [34mcolcon.colcon_core.shell[0m [1;30mWARNING[0m [33mThe package 'keyboard_handler' previously found at '/opt/ros/humble' was found again at '/opt/ros/humble/keyboard_handler'. Ignoring '/opt/ros/humble/keyboard_handler'[0m
[2.518s] [34mcolcon.colcon_core.shell[0m [1;30mWARNING[0m [33mThe package 'ament_cmake_ros' previously found at '/opt/ros/humble' was found again at '/opt/ros/humble/ament_cmake_ros'. Ignoring '/opt/ros/humble/ament_cmake_ros'[0m
[2.518s] [34mcolcon.colcon_core.shell[0m [1;30mWARNING[0m [33mThe package 'rosbag2' previously found at '/opt/ros/humble' was found again at '/opt/ros/humble/rosbag2'. Ignoring '/opt/ros/humble/rosbag2'[0m
[2.518s] [34mcolcon.colcon_core.shell[0m [1;30mWARNING[0m [33mThe package 'ros2action' previously found at '/opt/ros/humble' was found again at '/opt/ros/humble/ros2action'. Ignoring '/opt/ros/humble/ros2action'[0m
[2.518s] [34mcolcon.colcon_core.shell[0m [1;30mWARNING[0m [33mThe package 'examples_rclcpp_minimal_action_client' previously found at '/opt/ros/humble' was found again at '/opt/ros/humble/examples_rclcpp_minimal_action_client'. Ignoring '/opt/ros/humble/examples_rclcpp_minimal_action_client'[0m
[2.518s] [34mcolcon.colcon_core.shell[0m [1;30mWARNING[0m [33mThe package 'ros2service' previously found at '/opt/ros/humble' was found again at '/opt/ros/humble/ros2service'. Ignoring '/opt/ros/humble/ros2service'[0m
[2.518s] [34mcolcon.colcon_core.shell[0m [1;30mWARNING[0m [33mThe package 'sqlite3_vendor' previously found at '/opt/ros/humble' was found again at '/opt/ros/humble/sqlite3_vendor'. Ignoring '/opt/ros/humble/sqlite3_vendor'[0m
[2.518s] [34mcolcon.colcon_core.shell[0m [1;30mWARNING[0m [33mThe package 'example_interfaces' previously found at '/opt/ros/humble' was found again at '/opt/ros/humble/example_interfaces'. Ignoring '/opt/ros/humble/example_interfaces'[0m
[2.518s] [34mcolcon.colcon_core.shell[0m [1;30mWARNING[0m [33mThe package 'ament_cppcheck' previously found at '/opt/ros/humble' was found again at '/opt/ros/humble/ament_cppcheck'. Ignoring '/opt/ros/humble/ament_cppcheck'[0m
[2.518s] [34mcolcon.colcon_core.shell[0m [1;30mWARNING[0m [33mThe package 'resource_retriever' previously found at '/opt/ros/humble' was found again at '/opt/ros/humble/resource_retriever'. Ignoring '/opt/ros/humble/resource_retriever'[0m
[2.518s] [34mcolcon.colcon_core.shell[0m [1;30mWARNING[0m [33mThe package 'unique_identifier_msgs' previously found at '/opt/ros/humble' was found again at '/opt/ros/humble/unique_identifier_msgs'. Ignoring '/opt/ros/humble/unique_identifier_msgs'[0m
[2.518s] [34mcolcon.colcon_core.shell[0m [1;30mWARNING[0m [33mThe package 'rosidl_cli' previously found at '/opt/ros/humble' was found again at '/opt/ros/humble/rosidl_cli'. Ignoring '/opt/ros/humble/rosidl_cli'[0m
[2.518s] [34mcolcon.colcon_core.shell[0m [1;30mWARNING[0m [33mThe package 'ament_cmake_cpplint' previously found at '/opt/ros/humble' was found again at '/opt/ros/humble/ament_cmake_cpplint'. Ignoring '/opt/ros/humble/ament_cmake_cpplint'[0m
[2.518s] [34mcolcon.colcon_core.shell[0m [1;30mWARNING[0m [33mThe package 'ament_cmake_copyright' previously found at '/opt/ros/humble' was found again at '/opt/ros/humble/ament_cmake_copyright'. Ignoring '/opt/ros/humble/ament_cmake_copyright'[0m
[2.518s] [34mcolcon.colcon_core.shell[0m [1;30mWARNING[0m [33mThe package 'image_tools' previously found at '/opt/ros/humble' was found again at '/opt/ros/humble/image_tools'. Ignoring '/opt/ros/humble/image_tools'[0m
[2.518s] [34mcolcon.colcon_core.shell[0m [1;30mWARNING[0m [33mThe package 'ament_cmake_export_dependencies' previously found at '/opt/ros/humble' was found again at '/opt/ros/humble/ament_cmake_export_dependencies'. Ignoring '/opt/ros/humble/ament_cmake_export_dependencies'[0m
[2.519s] [34mcolcon.colcon_core.shell[0m [1;30mWARNING[0m [33mThe package 'rqt_shell' previously found at '/opt/ros/humble' was found again at '/opt/ros/humble/rqt_shell'. Ignoring '/opt/ros/humble/rqt_shell'[0m
[2.519s] [34mcolcon.colcon_core.shell[0m [1;30mWARNING[0m [33mThe package 'ros2lifecycle' previously found at '/opt/ros/humble' was found again at '/opt/ros/humble/ros2lifecycle'. Ignoring '/opt/ros/humble/ros2lifecycle'[0m
[2.519s] [34mcolcon.colcon_core.shell[0m [1;30mWARNING[0m [33mThe package 'stereo_msgs' previously found at '/opt/ros/humble' was found again at '/opt/ros/humble/stereo_msgs'. Ignoring '/opt/ros/humble/stereo_msgs'[0m
[2.519s] [34mcolcon.colcon_core.shell[0m [1;30mWARNING[0m [33mThe package 'ament_flake8' previously found at '/opt/ros/humble' was found again at '/opt/ros/humble/ament_flake8'. Ignoring '/opt/ros/humble/ament_flake8'[0m
[2.519s] [34mcolcon.colcon_core.shell[0m [1;30mWARNING[0m [33mThe package 'examples_rclpy_minimal_client' previously found at '/opt/ros/humble' was found again at '/opt/ros/humble/examples_rclpy_minimal_client'. Ignoring '/opt/ros/humble/examples_rclpy_minimal_client'[0m
[2.519s] [34mcolcon.colcon_core.shell[0m [1;30mWARNING[0m [33mThe package 'rqt_publisher' previously found at '/opt/ros/humble' was found again at '/opt/ros/humble/rqt_publisher'. Ignoring '/opt/ros/humble/rqt_publisher'[0m
[2.519s] [34mcolcon.colcon_core.shell[0m [1;30mWARNING[0m [33mThe package 'demo_nodes_cpp_native' previously found at '/opt/ros/humble' was found again at '/opt/ros/humble/demo_nodes_cpp_native'. Ignoring '/opt/ros/humble/demo_nodes_cpp_native'[0m
[2.519s] [34mcolcon.colcon_core.shell[0m [1;30mWARNING[0m [33mThe package 'ament_cmake_export_targets' previously found at '/opt/ros/humble' was found again at '/opt/ros/humble/ament_cmake_export_targets'. Ignoring '/opt/ros/humble/ament_cmake_export_targets'[0m
[2.519s] [34mcolcon.colcon_core.shell[0m [1;30mWARNING[0m [33mThe package 'ament_cmake' previously found at '/opt/ros/humble' was found again at '/opt/ros/humble/ament_cmake'. Ignoring '/opt/ros/humble/ament_cmake'[0m
[2.519s] [34mcolcon.colcon_core.shell[0m [1;30mWARNING[0m [33mThe package 'geometry2' previously found at '/opt/ros/humble' was found again at '/opt/ros/humble/geometry2'. Ignoring '/opt/ros/humble/geometry2'[0m
[2.519s] [34mcolcon.colcon_core.shell[0m [1;30mWARNING[0m [33mThe package 'rqt_srv' previously found at '/opt/ros/humble' was found again at '/opt/ros/humble/rqt_srv'. Ignoring '/opt/ros/humble/rqt_srv'[0m
[2.519s] [34mcolcon.colcon_core.shell[0m [1;30mWARNING[0m [33mThe package 'tlsf' previously found at '/opt/ros/humble' was found again at '/opt/ros/humble/tlsf'. Ignoring '/opt/ros/humble/tlsf'[0m
[2.519s] [34mcolcon.colcon_core.shell[0m [1;30mWARNING[0m [33mThe package 'launch_yaml' previously found at '/opt/ros/humble' was found again at '/opt/ros/humble/launch_yaml'. Ignoring '/opt/ros/humble/launch_yaml'[0m
[2.519s] [34mcolcon.colcon_core.shell[0m [1;30mWARNING[0m [33mThe package 'tf2_py' previously found at '/opt/ros/humble' was found again at '/opt/ros/humble/tf2_py'. Ignoring '/opt/ros/humble/tf2_py'[0m
[2.519s] [34mcolcon.colcon_core.shell[0m [1;30mWARNING[0m [33mThe package 'examples_rclcpp_minimal_service' previously found at '/opt/ros/humble' was found again at '/opt/ros/humble/examples_rclcpp_minimal_service'. Ignoring '/opt/ros/humble/examples_rclcpp_minimal_service'[0m
[2.519s] [34mcolcon.colcon_core.shell[0m [1;30mWARNING[0m [33mThe package 'uncrustify_vendor' previously found at '/opt/ros/humble' was found again at '/opt/ros/humble/uncrustify_vendor'. Ignoring '/opt/ros/humble/uncrustify_vendor'[0m
[2.519s] [34mcolcon.colcon_core.shell[0m [1;30mWARNING[0m [33mThe package 'pluginlib' previously found at '/opt/ros/humble' was found again at '/opt/ros/humble/pluginlib'. Ignoring '/opt/ros/humble/pluginlib'[0m
[2.519s] [34mcolcon.colcon_core.shell[0m [1;30mWARNING[0m [33mThe package 'examples_rclpy_minimal_subscriber' previously found at '/opt/ros/humble' was found again at '/opt/ros/humble/examples_rclpy_minimal_subscriber'. Ignoring '/opt/ros/humble/examples_rclpy_minimal_subscriber'[0m
[2.519s] [34mcolcon.colcon_core.shell[0m [1;30mWARNING[0m [33mThe package 'lifecycle' previously found at '/opt/ros/humble' was found again at '/opt/ros/humble/lifecycle'. Ignoring '/opt/ros/humble/lifecycle'[0m
[2.519s] [34mcolcon.colcon_core.shell[0m [1;30mWARNING[0m [33mThe package 'rviz2' previously found at '/opt/ros/humble' was found again at '/opt/ros/humble/rviz2'. Ignoring '/opt/ros/humble/rviz2'[0m
[2.529s] [34mcolcon.colcon_core.event_handler.log_command[0m [1;30mDEBUG[0m [32mInvoking command in '/home/EU/chaydina/ws/src/ace_perception_physics/evs/build/evs': CMAKE_PREFIX_PATH=/opt/ros/humble _=/usr/bin/env /usr/bin/cmake /home/EU/chaydina/ws/src/ace_perception_physics/evs/src/evs -DWITH_HARDWARE=OFF -DCMAKE_BUILD_TYPE=RelWithDebInfo -DAMENT_CMAKE_SYMLINK_INSTALL=1 -DCMAKE_INSTALL_PREFIX=/home/EU/chaydina/ws/src/ace_perception_physics/evs/install/evs[0m
[3.911s] [34mcolcon.colcon_core.event_handler.log_command[0m [1;30mDEBUG[0m [32mInvoked command in '/home/EU/chaydina/ws/src/ace_perception_physics/evs/build/evs' returned '1': CMAKE_PREFIX_PATH=/opt/ros/humble _=/usr/bin/env /usr/bin/cmake /home/EU/chaydina/ws/src/ace_perception_physics/evs/src/evs -DWITH_HARDWARE=OFF -DCMAKE_BUILD_TYPE=RelWithDebInfo -DAMENT_CMAKE_SYMLINK_INSTALL=1 -DCMAKE_INSTALL_PREFIX=/home/EU/chaydina/ws/src/ace_perception_physics/evs/install/evs[0m
[3.925s] [34mcolcon.colcon_core.environment[0m [1;30mLevel 1[0m create_environment_scripts_only(evs)
[3.974s] [34mcolcon.colcon_core.environment[0m [1;30mLevel 1[0m checking '/home/EU/chaydina/ws/src/ace_perception_physics/evs/install/evs' for CMake module files
[3.974s] [34mcolcon.colcon_core.environment[0m [1;30mLevel 1[0m checking '/home/EU/chaydina/ws/src/ace_perception_physics/evs/install/evs' for CMake config files
[3.975s] [34mcolcon.colcon_core.environment[0m [1;30mLevel 1[0m checking '/home/EU/chaydina/ws/src/ace_perception_physics/evs/install/evs/bin'
[3.975s] [34mcolcon.colcon_core.environment[0m [1;30mLevel 1[0m checking '/home/EU/chaydina/ws/src/ace_perception_physics/evs/install/evs/lib/pkgconfig/evs.pc'
[3.975s] [34mcolcon.colcon_core.environment[0m [1;30mLevel 1[0m checking '/home/EU/chaydina/ws/src/ace_perception_physics/evs/install/evs/lib/python3.10/site-packages'
[3.976s] [34mcolcon.colcon_core.environment[0m [1;30mLevel 1[0m checking '/home/EU/chaydina/ws/src/ace_perception_physics/evs/install/evs/bin'
[4.017s] [34mcolcon.colcon_core.shell[0m [1;30mINFO[0m Creating package script '/home/EU/chaydina/ws/src/ace_perception_physics/evs/install/evs/share/evs/package.ps1'
[4.018s] [34mcolcon.colcon_core.shell[0m [1;30mINFO[0m Creating package descriptor '/home/EU/chaydina/ws/src/ace_perception_physics/evs/install/evs/share/evs/package.dsv'
[4.018s] [34mcolcon.colcon_core.shell[0m [1;30mINFO[0m Creating package script '/home/EU/chaydina/ws/src/ace_perception_physics/evs/install/evs/share/evs/package.sh'
[4.019s] [34mcolcon.colcon_core.shell[0m [1;30mINFO[0m Creating package script '/home/EU/chaydina/ws/src/ace_perception_physics/evs/install/evs/share/evs/package.bash'
[4.019s] [34mcolcon.colcon_core.shell[0m [1;30mINFO[0m Creating package script '/home/EU/chaydina/ws/src/ace_perception_physics/evs/install/evs/share/evs/package.zsh'
[4.020s] [34mcolcon.colcon_core.environment[0m [1;30mLevel 1[0m create_file_with_runtime_dependencies(/home/EU/chaydina/ws/src/ace_perception_physics/evs/install/evs/share/colcon-core/packages/evs)
[4.030s] [34mcolcon.colcon_parallel_executor.executor.parallel[0m [1;30mDEBUG[0m [32mclosing loop[0m
[4.031s] [34mcolcon.colcon_parallel_executor.executor.parallel[0m [1;30mDEBUG[0m [32mloop closed[0m
[4.031s] [34mcolcon.colcon_parallel_executor.executor.parallel[0m [1;30mDEBUG[0m [32mrun_until_complete finished with '1'[0m
[4.031s] [34mcolcon.colcon_core.event_reactor[0m [1;30mDEBUG[0m [32mjoining thread[0m
[4.093s] [34mcolcon.colcon_core.plugin_system[0m [1;30mINFO[0m Skipping extension 'colcon_notification.desktop_notification.terminal_notifier': Not used on non-Darwin systems
[4.093s] [34mcolcon.colcon_core.plugin_system[0m [1;30mINFO[0m Skipping extension 'colcon_notification.desktop_notification.win32': Not used on non-Windows systems
[4.094s] [34mcolcon.colcon_notification.desktop_notification[0m [1;30mINFO[0m Sending desktop notification using 'notify2'
[4.101s] [34mcolcon.colcon_core.event_reactor[0m [1;30mDEBUG[0m [32mjoined thread[0m
[4.135s] [34mcolcon.colcon_core.shell[0m [1;30mINFO[0m Creating prefix script '/home/EU/chaydina/ws/src/ace_perception_physics/evs/install/local_setup.ps1'
[4.136s] [34mcolcon.colcon_core.shell[0m [1;30mINFO[0m Creating prefix util module '/home/EU/chaydina/ws/src/ace_perception_physics/evs/install/_local_setup_util_ps1.py'
[4.137s] [34mcolcon.colcon_core.shell[0m [1;30mINFO[0m Creating prefix chain script '/home/EU/chaydina/ws/src/ace_perception_physics/evs/install/setup.ps1'
[4.168s] [34mcolcon.colcon_core.shell[0m [1;30mINFO[0m Creating prefix script '/home/EU/chaydina/ws/src/ace_perception_physics/evs/install/local_setup.sh'
[4.169s] [34mcolcon.colcon_core.shell[0m [1;30mINFO[0m Creating prefix util module '/home/EU/chaydina/ws/src/ace_perception_physics/evs/install/_local_setup_util_sh.py'
[4.169s] [34mcolcon.colcon_core.shell[0m [1;30mINFO[0m Creating prefix chain script '/home/EU/chaydina/ws/src/ace_perception_physics/evs/install/setup.sh'
[4.201s] [34mcolcon.colcon_core.shell[0m [1;30mINFO[0m Creating prefix script '/home/EU/chaydina/ws/src/ace_perception_physics/evs/install/local_setup.bash'
[4.202s] [34mcolcon.colcon_core.shell[0m [1;30mINFO[0m Creating prefix chain script '/home/EU/chaydina/ws/src/ace_perception_physics/evs/install/setup.bash'
[4.233s] [34mcolcon.colcon_core.shell[0m [1;30mINFO[0m Creating prefix script '/home/EU/chaydina/ws/src/ace_perception_physics/evs/install/local_setup.zsh'
[4.234s] [34mcolcon.colcon_core.shell[0m [1;30mINFO[0m Creating prefix chain script '/home/EU/chaydina/ws/src/ace_perception_physics/evs/install/setup.zsh'
